"item","specification"
"candidate universe","Frozen 300-gene feature set; detectable in both donors"
"excluded symbols","SQSTM1 and symbols beginning MT-"
"prevalence caliper","Absolute donor-specific difference <= 0.20"
"mean log1p CPM caliper","Absolute donor-specific difference <= 0.60"
"WT out-degree caliper","Absolute donor-specific difference <= 40 edges"
"WT absolute out-strength ratio","Between 1/3 and 3 in each donor"
"number of comparators","20 (minimum attainable empirical p = 1/21)"
"selection blinding","Control covariates only; no disease effect or KO outcome used"
"interpretation","Matched comparators, not validated biological negative controls"
