rank_hoa2,Gene,Distance_hoa2,boxcox-transformed distance_hoa2,Z_hoa2,FC_hoa2,p-value_hoa2,adjusted p-value_hoa2,rank_hoa3,Distance_hoa3,boxcox-transformed distance_hoa3,Z_hoa3,FC_hoa3,p-value_hoa3,adjusted p-value_hoa3,mean_rank,max_rank,replicated_top50,replicated_fdr_0_05,replicated_nominal_0_05
1,SQSTM1,0.000339849670154207,-7.384607115729735,1.7987378310504258,285.1253637619176,5.737543993800677e-64,1.7212631981402032e-61,1,0.0006461596574737004,-6.831582721361832,1.8493651348411801,270.6059910378559,8.372143939244653e-61,2.5116431817733957e-58,1.0,1,True,True,True
2,VWF,3.3960380763027783e-05,-9.305086289853001,1.4908372871509967,2.8471296798586745,0.09153723043701391,0.9999999999964178,4,4.088119792589023e-05,-9.151145563287285,1.4749998777553393,1.083190779777771,0.2979848518614231,0.9999999999972699,3.0,4,True,False,False
15,TNFAIP3,9.961130665737008e-06,-10.292379197891066,1.3325496954556872,0.24495111512772194,0.6206528064396724,0.9999999999964178,10,1.9776664849937692e-05,-9.740415827581806,1.3798947527730219,0.253491753443229,0.6146270874787199,0.9999999999972699,12.5,15,True,False,False
24,EGR1,9.729159041710819e-06,-10.311111764737415,1.3295463994041918,0.23367526964599267,0.6288119613980725,0.9999999999964178,3,0.0001254121038328284,-8.224597812378848,1.6245398172222143,10.193812350507313,0.001409126860654866,0.1409126860654866,13.5,24,True,False,False
13,MIR22HG,1.0011891787116396e-05,-10.288337102337568,1.333197743836625,0.24745397851153028,0.6188735424165469,0.9999999999964178,15,1.8229098127613478e-05,-9.806006801627,1.3693087141380191,0.21537143095346892,0.6425895159349672,0.9999999999972699,14.0,15,True,False,False
14,B3GNT5,9.995294937024171e-06,-10.289656491049671,1.3329862130335082,0.24663424282236118,0.6194550453191465,0.9999999999964178,18,1.800959884998135e-05,-9.81574916064074,1.3677363485737501,0.21021601873041018,0.6465981434300014,0.9999999999972699,16.0,18,True,False,False
28,HBEGF,9.653040992174396e-06,-10.317354076959504,1.328545601606294,0.23003316122910034,0.631499241031676,0.9999999999964178,14,1.8249207278057126e-05,-9.805120024090964,1.3694518353737344,0.21584686043210943,0.6422227882236277,0.9999999999972699,21.0,28,True,False,False
34,NFE2L2,9.51845889254499e-06,-10.328509920283494,1.3267570426500734,0.22366365835896154,0.63626246200817,0.9999999999964178,11,1.8969049973932064e-05,-9.773991126404175,1.3744758759277038,0.2332109238667686,0.6291531304187721,0.9999999999972699,22.5,34,True,False,False
22,TIPARP,9.819438461888276e-06,-10.303769859539557,1.330723489285789,0.23803205849850062,0.6256310927344045,0.9999999999964178,24,1.6913432620914494e-05,-9.866213066629543,1.3595917392544477,0.18540491516975185,0.6667689059461148,0.9999999999972699,23.0,24,True,False,False
12,C2CD4B,1.0046981129766491e-05,-10.285554671006937,1.333643836734485,0.24919155489893519,0.6176449045749132,0.9999999999964178,41,1.1466912029417337e-05,-10.177125925153124,1.309412037239625,0.08522179738947737,0.7703418838608447,0.9999999999972699,26.5,41,True,False,False
46,MCL1,8.946939618203277e-06,-10.377673871050087,1.3188748394034855,0.1976110198731157,0.6566561115957119,0.9999999999964178,9,1.9792834879709504e-05,-9.739757395714811,1.380001020217346,0.2539064487374003,0.6143377599935935,0.9999999999972699,27.5,46,True,False,False
51,KDM6B,8.769510628079149e-06,-10.393564609403073,1.3163271590913146,0.18985098922579985,0.6630406668156386,0.9999999999964178,5,2.2700042023279685e-05,-9.629197666594514,1.3978447796824287,0.33397276364836215,0.5633290920616363,0.9999999999972699,28.0,51,False,False,False
56,EGR3,1.0784904534889591e-07,-13.733844591243534,0.7807972574694603,2.8714070163249325e-05,0.9957245152498957,0.9999999999964178,2,0.0001276733573624631,-8.209658279419015,1.6269509793585277,10.564727168018287,0.0011526604608739271,0.1409126860654866,29.0,56,False,False,False
8,CNKSR3,1.0228480596718036e-05,-10.27131290010169,1.335927146580747,0.25827620602187007,0.6113069051819061,0.9999999999964178,55,7.193285463650846e-06,-10.547010123628496,1.249714670756862,0.033536081705501944,0.8546971208757352,0.9999999999972699,31.5,55,False,False,False
53,NFKBIA,8.248219370672746e-06,-10.442143214123654,1.308538801364306,0.16795098406451478,0.6819392901484469,0.9999999999964178,12,1.851853165961976e-05,-9.793334731932244,1.3713539196152498,0.22226486944598065,0.63731959387413,0.9999999999972699,32.5,53,False,False,False
49,SELE,8.853347126165231e-06,-10.386017227773113,1.3175371919519638,0.1934982902771342,0.6600208309896891,0.9999999999964178,17,1.8125100092575755e-05,-9.810608283832634,1.3685660590834752,0.2129210284210326,0.6444875022518417,0.9999999999972699,33.0,49,True,False,False
38,AKAP12,9.417298431220811e-06,-10.336997609630144,1.3253962550916891,0.2189348073913202,0.6398527429499621,0.9999999999964178,29,1.4921109714812756e-05,-9.966741197342113,1.3433670270723321,0.14429788830071513,0.7040451699502679,0.9999999999972699,33.5,38,True,False,False
29,CXCL2,9.65304099212171e-06,-10.317354076963838,1.3285456016055992,0.23003316122658934,0.6314992410335378,0.9999999999964178,40,1.1564501623149348e-05,-10.170372013320595,1.3105020831283671,0.08667853667858434,0.7684429544239987,0.9999999999972699,34.5,40,True,False,False
48,ICAM1,8.857479939469511e-06,-10.38564698522701,1.3175965510342469,0.1936789855437716,0.6598721074597272,0.9999999999964178,21,1.7325637300090604e-05,-9.846870333990251,1.3627135546872384,0.1945522084643826,0.6591545550556319,0.9999999999972699,34.5,48,True,False,False
37,WWTR1,9.492037403188831e-06,-10.330718207204615,1.3264029993710518,0.22242368345211846,0.6371993661983091,0.9999999999964178,32,1.3776889091377406e-05,-10.03060547875963,1.3330596675564221,0.12301556126727288,0.725786608029797,0.9999999999972699,34.5,37,True,False,False
3,ENG,1.4088120305987733e-05,-10.015783527346567,1.3768948560533059,0.48996860148759963,0.48394131093618553,0.9999999999964178,68,4.267381584276172e-08,-14.394893058434173,0.6286865795631843,1.1802681439563255e-06,0.9991331772144622,0.9999999999972699,35.5,68,False,False,False
47,ADAMTS4,8.905995407686164e-06,-10.381313290035912,1.3182913500846154,0.19580648918234678,0.6581272347724543,0.9999999999964178,25,1.659506931479494e-05,-9.881471159423224,1.3571291632344746,0.17849081373902706,0.6726734320712942,0.9999999999972699,36.0,47,True,False,False
45,C11orf96,8.980325781525131e-06,-10.374718327920526,1.3193486864252975,0.199088571649502,0.6554575326431846,0.9999999999964178,28,1.524039097705289e-05,-9.949776592634421,1.3461050251502298,0.15053931832673104,0.6980204983116721,0.9999999999972699,36.5,45,True,False,False
16,ICAM4,9.961130665734871e-06,-10.292379197891234,1.3325496954556602,0.24495111512761686,0.6206528064397474,0.9999999999964178,57,5.840697383079181e-06,-10.71112347171033,1.2232276385301886,0.022109918339066604,0.8817950622039028,0.9999999999972699,36.5,57,False,False,False
64,HIF1A,9.98981058297602e-08,-13.789453912916992,0.7718817010709106,2.463636638295451e-05,0.9960397135001979,0.9999999999964178,13,1.833631856690568e-05,-9.801289599261672,1.3700700458184127,0.2179124378117875,0.6406351602416944,0.9999999999972699,38.5,64,False,False,False
35,ADAMTS9,9.515206120865072e-06,-10.328781459823626,1.3267135081128478,0.22351081796494782,0.6363777737053553,0.9999999999964178,43,1.0695672242548142e-05,-10.23257264773886,1.3004632274983268,0.07414363941267775,0.7853965100505282,0.9999999999972699,39.0,43,True,False,False
63,HMOX1,9.991609676376033e-08,-13.789323250944594,0.7719026494326061,2.4645240848577344e-05,0.9960390002867973,0.9999999999964178,16,1.822255440283869e-05,-9.80629557493296,1.3692621076434799,0.21521683434053457,0.6427088717065369,0.9999999999972699,39.5,63,False,False,False
18,ATF3,9.930571895435591e-06,-10.2948223316259,1.3321580003954594,0.2434504977288705,0.621725015743117,0.9999999999964178,65,4.8237551824673955e-08,-14.307439924316334,0.6428010559831507,1.508093417633114e-06,0.9990201624595824,0.9999999999972699,41.5,65,False,False,False
30,IER3,9.650552391049185e-06,-10.317558976390991,1.3285127511347816,0.22991456917241246,0.6315871813915168,0.9999999999964178,56,6.178404486293341e-06,-10.666904123953083,1.2303644089561059,0.02474060994890362,0.8750151339835633,0.9999999999972699,43.0,56,False,False,False
11,PRDX1,1.0145770568475937e-05,-10.277771954960722,1.3348915995511468,0.25411612325095734,0.6141915855785953,0.9999999999964178,77,3.025777072159957e-08,-14.639112670223716,0.5892708172046601,5.933781953611968e-07,0.9993853812426053,0.9999999999972699,44.0,77,False,False,False
50,MT2A,8.847141441101236e-06,-10.386573489039648,1.3174480094454184,0.19322712309239706,0.6602441741679194,0.9999999999964178,39,1.1692760323888756e-05,-10.161580026058322,1.3119210636846361,0.08861185402951277,0.7659493689915144,0.9999999999972699,44.5,50,True,False,False
40,MT-CO1,9.202640328476121e-06,-10.35530808818418,1.3224606302841875,0.20906774937760278,0.6474990756644536,0.9999999999964178,50,9.259389143681597e-06,-10.347161816875591,1.2819691375828683,0.05556769742074676,0.8136437289816432,0.9999999999972699,45.0,50,True,False,False
10,ATP5F1A,1.0159083881394747e-05,-10.276728804445392,1.335058842505596,0.25478346480359787,0.6137268518191283,0.9999999999964178,82,2.6279633370921895e-08,-14.738750494165675,0.57318979585818,4.476064459652866e-07,0.9994661881687104,0.9999999999972699,46.0,82,False,False,False
58,NR4A1,1.0467563817257234e-07,-13.755541735655983,0.7773186659514307,2.7049135004426317e-05,0.9958503182160465,0.9999999999964178,35,1.2221081282153263e-05,-10.12633377911474,1.3176096227785525,0.09680036463243696,0.7557036429422325,0.9999999999972699,46.5,58,False,False,False
5,TEK,1.093011063691947e-05,-10.218493608481788,1.3443953918172902,0.2949247791321859,0.5870817629765064,0.9999999999964178,88,1.9665349905707412e-08,-14.942814984951593,0.540254859078564,2.506461767680293e-07,0.9996005424945412,0.9999999999972699,46.5,88,False,False,False
7,CALCOCO2,1.066165072446387e-05,-10.238299976418356,1.3412199387623904,0.2806151076743818,0.5962983365720838,0.9999999999964178,91,1.7433174214112483e-08,-15.027267544902598,0.5266246595658959,1.9697480011403148e-07,0.9996458841373542,0.9999999999972699,49.0,91,False,False,False
67,CKS2,9.352426281423028e-08,-13.837260544715475,0.7642171097902097,2.1592888100879227e-05,0.9962923915300941,0.9999999999964178,31,1.4509541892837522e-05,-9.989142017787678,1.3397516523329798,0.1364473575648146,0.7118386793278566,0.9999999999972699,49.0,67,False,False,False
6,PHB2,1.0763517764829917e-05,-10.230727508700024,1.3424339935465042,0.2860030145550548,0.592793352079702,0.9999999999964178,93,1.7406983296662857e-08,-15.02832013215966,0.5264547775122722,1.9638339026939015e-07,0.9996464161471079,0.9999999999972699,49.5,93,False,False,False
57,NR4A2,1.061543189643181e-07,-13.745352662918938,0.7789522275540964,2.781874180860688e-05,0.9957916990535527,0.9999999999964178,44,1.0499038771914255e-05,-10.247336227984508,1.298080463205732,0.07144252691602618,0.7892479266066612,0.9999999999972699,50.5,57,False,False,False
76,MSX1,5.908367818692263e-08,-14.168546227310543,0.711103780975446,8.617815556676218e-06,0.9976577241797483,0.9999999999964178,26,1.6228030754028004e-05,-9.899422220326617,1.3542319563088439,0.17068264809229436,0.6795058280380166,0.9999999999972699,51.0,76,False,False,False
65,PIM1,9.833863032509555e-08,-13.800868401670877,0.7700516748238102,2.387319013932431e-05,0.996101535695928,0.9999999999964178,37,1.1915702243467958e-05,-10.146520164370969,1.3143516462454359,0.09202313247448027,0.7616207467590385,0.9999999999972699,51.0,65,False,False,False
32,EMCN,9.56161956036357e-06,-10.324915476605282,1.3273333213093004,0.22569662596632648,0.6347332390729867,0.9999999999964178,72,3.583791071562861e-08,-14.519103764786045,0.6086396240870251,8.324211274055952e-07,0.9992720332414184,0.9999999999972699,52.0,72,False,False,False
82,MAP1LC3B,5.2306509761025194e-08,-14.255922557465608,0.697095183568519,6.75419555724407e-06,0.9979263932972938,0.9999999999964178,22,1.7299864880945156e-05,-9.848066421527031,1.3625205124423334,0.19397383415405592,0.659629606288271,0.9999999999972699,52.0,82,False,False,False
59,SLC25A44,1.0291087239316982e-07,-13.767888403045026,0.7753391883004079,2.6144760419168546e-05,0.9959202786401465,0.9999999999964178,45,1.0499038771869491e-05,-10.247336227987903,1.298080463205184,0.07144252691541697,0.7892479266075386,0.9999999999972699,52.0,59,False,False,False
20,FIS1,9.863368134685896e-06,-10.300221207684123,1.3312924263776982,0.2401666124710626,0.6240858043666264,0.9999999999964178,86,2.3063953005998458e-08,-14.830762326560263,0.5583395694850304,3.447666246336318e-07,0.9995315074975302,0.9999999999972699,53.0,86,False,False,False
26,SOD1,9.70698334997096e-06,-10.312925400398317,1.3292556285309893,0.23261125061723137,0.6295943489719167,0.9999999999964178,80,2.6285570799081472e-08,-14.738591034055158,0.573215531882309,4.478087266670024e-07,0.9994660675631875,0.9999999999972699,53.0,80,False,False,False
31,UQCRB,9.58388441351188e-06,-10.32306746041886,1.32762960423525,0.2267489482931394,0.6339449829277988,0.9999999999964178,75,3.0257988018169216e-08,-14.639107586789772,0.5892716376441934,5.93386718098085e-07,0.9993853768287138,0.9999999999972699,53.0,75,False,False,False
60,CCL2,1.0151172198545288e-07,-13.777825533733777,0.7737460192699429,2.543867792216952e-05,0.9959757450348561,0.9999999999964178,48,9.799408067554804e-06,-10.302157382354045,1.2892326168881654,0.06223825590530617,0.8029926322875128,0.9999999999972699,54.0,60,False,False,False
42,MT-ND4,9.109758837272189e-06,-10.363361049192054,1.3211695404834052,0.20486883931450003,0.6508192322827291,0.9999999999964178,66,4.494219928807182e-08,-14.357960679953942,0.6346472714291852,1.3090805505812303e-06,0.9990871001158587,0.9999999999972699,54.0,66,False,False,False
39,COX4I1,9.34883216597116e-06,-10.342793008745879,1.3244671085724806,0.21576295097463608,0.6422874769923648,0.9999999999964178,71,3.738906655877747e-08,-14.488996408403262,0.6134987932410972,9.060391704379525e-07,0.9992405249995961,0.9999999999972699,55.0,71,False,False,False
44,MT-ND1,9.049543703649627e-06,-10.3686248994603,1.3203256144557574,0.20216944104279094,0.6529754049007568,0.9999999999964178,67,4.381645862156174e-08,-14.37605501608044,0.631726940635228,1.2443205551026363e-06,0.9991099670006257,0.9999999999972699,55.5,67,False,False,False
27,PRDX5,9.682116567752e-06,-10.314963962705441,1.3289287963259888,0.2314209973386687,0.6304721763592114,0.9999999999964178,84,2.4695638062256163e-08,-14.782605166961906,0.5661118820551859,3.9527398405276763e-07,0.9994983634776106,0.9999999999972699,55.5,84,False,False,False
62,SOX17,1.0004463029868321e-07,-13.7883904263454,0.7720522044006186,2.4708689632938474e-05,0.9960339048405086,0.9999999999964178,49,9.293667908879241e-06,-10.344229532484562,1.2824423928791058,0.0559798882996574,0.8129665819206912,0.9999999999972699,55.5,62,False,False,False
36,COX6C,9.503194274210865e-06,-10.329784990910923,1.3265526171374276,0.22294686106768194,0.6368036734717947,0.9999999999964178,76,3.025777072435528e-08,-14.63911267015925,0.5892708172150646,5.933781954692799e-07,0.9993853812425494,0.9999999999972699,56.0,76,False,False,False
66,CYP1B1,9.833863026404484e-08,-13.800868402121198,0.7700516747516126,2.3873190109682347e-05,0.9961015356983481,0.9999999999964178,46,9.919267387413078e-06,-10.292498580043064,1.2907914968395662,0.06377007428489789,0.8006334586777901,0.9999999999972699,56.0,66,False,False,False
41,MT-ATP6,9.109758837282572e-06,-10.363361049191148,1.3211695404835504,0.20486883931496705,0.6508192322823576,0.9999999999964178,73,3.575186042263821e-08,-14.52081114743821,0.6083640614965369,8.284284791124583e-07,0.9992737811595949,0.9999999999972699,57.0,73,False,False,False
25,PRDX2,9.720696178982233e-06,-10.311803420190731,1.3294355098443693,0.23326892380761727,0.629110493209999,0.9999999999964178,90,1.9640705077945274e-08,-14.943695018295582,0.5401128263200149,2.500183454544462e-07,0.9996010430989366,0.9999999999972699,57.5,90,False,False,False
90,MIR222HG,4.658531744347319e-08,-14.338800709275755,0.6838077559496418,5.357476383689545e-06,0.9981532002531445,0.9999999999964178,27,1.5977524989200546e-05,-9.911903849227386,1.3522174869753,0.16545379728473703,0.6841841778819053,0.9999999999972699,58.5,90,False,False,False
84,FLT1,4.945893553686683e-08,-14.295997727134123,0.690670137827822,6.038814333477811e-06,0.9980392805229297,0.9999999999964178,34,1.2352229430146769e-05,-10.117815848801724,1.318984371982943,0.09888910068135803,0.7531668513066844,0.9999999999972699,59.0,84,False,False,False
33,GPX4,9.538283608147311e-06,-10.326856927947896,1.327022058405542,0.22459630639148484,0.6355598607349067,0.9999999999964178,85,2.466140652981322e-08,-14.783583042338538,0.565954058106572,3.941789359004319e-07,0.9994990588143574,0.9999999999972699,59.0,85,False,False,False
97,PHLDA1,4.4759387986559257e-08,-14.367364361486743,0.6792282925688258,4.945730257953282e-06,0.9982255861586457,0.9999999999964178,23,1.710960751547241e-05,-9.856950600483383,1.3610866526309602,0.1897307932320028,0.6631407704427166,0.9999999999972699,60.0,97,False,False,False
43,MT-CO2,9.109758837247596e-06,-10.363361049194198,1.3211695404830615,0.20486883931339392,0.6508192322836092,0.9999999999964178,78,3.0223640545788814e-08,-14.63991155570779,0.5891418812843987,5.92040312254878e-07,0.9993860745204511,0.9999999999972699,60.5,78,False,False,False
116,ATP13A3,1.4949755618023574e-08,-15.141956568664224,0.5550419097620015,5.517347442978401e-07,0.9994073405845478,0.9999999999964178,7,2.0516391847827435e-05,-9.710821654288518,1.3846710968724074,0.2728096311524979,0.6014532448343914,0.9999999999972699,61.5,116,False,False,False
74,PLAUR,6.078303677719116e-08,-14.14817955150193,0.7143690653083304,9.12067404028747e-06,0.9975903560888298,0.9999999999964178,51,9.134135066432115e-06,-10.357967556760359,1.280225147932385,0.05407450922433297,0.8161191947442094,0.9999999999972699,62.5,74,False,False,False
61,ACKR1,1.0149263599689166e-07,-13.777962013429017,0.7737241381826802,2.542911298399344e-05,0.9959765016591319,0.9999999999964178,69,4.0592443000766223e-08,-14.430514165863713,0.6229375199561281,1.0679430827761553e-06,0.9991754556165758,0.9999999999972699,65.0,69,False,False,False
79,SOD2,5.760353744570292e-08,-14.186758975673724,0.70818382474656,8.191443792355815e-06,0.9977164017771357,0.9999999999964178,52,8.752296301856454e-06,-10.391828504884126,1.2747601687904524,0.049647999274877806,0.8236769169022865,0.9999999999972699,65.5,79,False,False,False
88,KIAA0040,4.802948133626227e-08,-14.316975867140643,0.6873068205864599,5.694792972233541e-06,0.9980959488127491,0.9999999999964178,47,9.827886796357613e-06,-10.299851993399896,1.2896046945542252,0.0626005312471785,0.8024319261035029,0.9999999999972699,67.5,88,False,False,False
80,GADD45G,5.759310727645172e-08,-14.186888936829217,0.7081629887432328,8.188477640834979e-06,0.997716815263043,0.9999999999964178,63,8.057018118252457e-08,-13.939040023678546,0.7022588645925439,4.2073283680145714e-06,0.9983633984383712,0.9999999999972699,71.5,80,False,False,False
71,C7,6.55248760136653e-08,-14.094169794716588,0.7230281716991477,1.05992360096657e-05,0.9974023742810584,0.9999999999964178,74,3.5535814873836744e-08,-14.52511566805156,0.6076693344829283,8.184464805377156e-07,0.9992781696390513,0.9999999999972699,72.5,74,False,False,False
4,FKBP8,1.0993071933755066e-05,-10.213917517771662,1.3451290528939452,0.29833230696758894,0.5849298082183276,0.9999999999964178,142,5.888263246285896e-09,-15.779001430107872,0.40529875965563383,2.24715051983935e-08,0.9998803931255446,0.9999999999972699,73.0,142,False,False,False
89,CXCL3,4.662954822033061e-08,-14.338122487766936,0.6839164917142694,5.367654605056774e-06,0.998151446798496,0.9999999999964178,58,5.8406973830011335e-06,-10.711123471720835,1.223227638528493,0.02210991833847571,0.8817950622054707,0.9999999999972699,73.5,89,False,False,False
130,NFKB1,1.1231646504813393e-08,-15.341181933454594,0.5231011321664721,3.1142179216149203e-07,0.9995547391215752,0.9999999999964178,20,1.7478725854062363e-05,-9.839801298137898,1.3638544599373064,0.19800550712671758,0.6563355825659767,0.9999999999972699,75.0,130,False,False,False
144,SYNJ2,8.261792907149661e-09,-15.553872550173553,0.4890015400165241,1.6850421003264333e-07,0.9996724742669519,0.9999999999964178,6,2.067087886298288e-05,-9.704773278070263,1.3856472730194693,0.2769335748226722,0.5987181402698101,0.9999999999972699,75.0,144,False,False,False
91,DUSP4,4.655336514121249e-08,-14.339291049084451,0.683729142291224,5.3501296483769015e-06,0.9981544669483543,0.9999999999964178,60,5.2671966684790856e-06,-10.792299348721302,1.2101262784303022,0.017981122387923373,0.8933284754030033,0.9999999999972699,75.5,91,False,False,False
101,RHEB,3.9867111379383676e-08,-14.449924711595171,0.6659918164614932,3.923662879372325e-06,0.9984195323153674,0.9999999999964178,53,8.140675088539392e-06,-10.449206347668783,1.265499686394003,0.042951523307459105,0.8358165784128622,0.9999999999972699,77.0,101,False,False,False
54,PECAM1,5.782900912870178e-06,-10.72245587883229,1.2635977142186519,0.08255695167960371,0.7738617553289188,0.9999999999964178,101,1.6481167239205202e-08,-15.066561112192035,0.5202828842303678,1.7604903979324286e-07,0.9996652220242284,0.9999999999972699,77.5,101,False,False,False
21,VCP,9.823109885507034e-06,-10.303472685595667,1.3307711336550638,0.23821008902454596,0.6255018820878793,0.9999999999964178,144,5.884003493742278e-09,-15.779497231513725,0.4052187399133743,2.2439003789094694e-08,0.9998804796528723,0.9999999999972699,82.5,144,False,False,False
96,HSPE1,4.556028527151334e-08,-14.354697618436653,0.6812590863035912,5.124305532327547e-06,0.9981938359295704,0.9999999999964178,70,3.742388536465261e-08,-14.488334728291472,0.6136055849350671,9.077274656622968e-07,0.9992398177338887,0.9999999999972699,83.0,96,False,False,False
70,ATP5F1B,6.848803827430745e-08,-14.062331699531105,0.7281326096729712,1.1579547814139167e-05,0.9972849050403869,0.9999999999964178,97,1.7383505185025165e-08,-15.029265014566205,0.526302278455705,1.9585399334000742e-07,0.9996468930522951,0.9999999999972699,83.5,97,False,False,False
83,HSPD1,5.1056799630686416e-08,-14.273240196975134,0.6943187355362347,6.435307802375781e-06,0.9979759359199556,0.9999999999964178,89,1.9651186419463065e-08,-14.943320611636185,0.540173253587932,2.5028526325414834e-07,0.9996008301939943,0.9999999999972699,86.0,89,False,False,False
92,ATP5MC1,4.558513231537767e-08,-14.354308144855354,0.6813215285987915,5.129896303440742e-06,0.9981928509102516,0.9999999999964178,81,2.6281201792070128e-08,-14.738708368016756,0.5731965947973099,4.4765987565781457e-07,0.999466156309756,0.9999999999972699,86.5,92,False,False,False
112,GPRC5A,2.1417357390780745e-08,-14.889877629729819,0.5954564289347632,1.1323844956036308e-06,0.9991509428242383,0.9999999999964178,62,4.8975397973541305e-06,-10.84935115410733,1.2009184167571854,0.015545821457309835,0.9007746085734534,0.9999999999972699,87.0,112,False,False,False
113,ANKRD42,2.1405630416902987e-08,-14.890263035978858,0.5953946387340152,1.1311447714295668e-06,0.9991514077213488,0.9999999999964178,64,5.859013553253956e-08,-14.168256404285067,0.6652645449289234,2.2248807236325525e-06,0.9988098731120667,0.9999999999972699,88.5,113,False,False,False
162,RASGEF1B,1.5073280463513719e-09,-16.708921378414107,0.3038185048461369,5.60890012562449e-09,0.9999402443583038,0.9999999999964178,19,1.7844565951819135e-05,-9.823151003966204,1.3665417299458942,0.2063809966846833,0.6496188511888672,0.9999999999972699,90.5,162,False,False,False
87,NDUFA1,4.9452357689788596e-08,-14.296092893321246,0.6906548803227313,6.0372081624057594e-06,0.9980395412905096,0.9999999999964178,95,1.7391480629138338e-08,-15.02894390065454,0.5263541045541067,1.9603374775486444e-07,0.9996467310490332,0.9999999999972699,91.0,95,False,False,False
108,VCAN,2.5309567236091615e-08,-14.772179274764852,0.614326400553344,1.5813630447603232e-06,0.9989966424112416,0.9999999999964178,79,2.6443239199238353e-08,-14.734369435552644,0.573896875702852,4.531970091918675e-07,0.9994628648836235,0.9999999999972699,93.5,108,False,False,False
159,BIRC3,4.723458829040126e-09,-15.937779173359715,0.42745176656502326,5.507853946562518e-08,0.9998127459303161,0.9999999999964178,30,1.4567035803959167e-05,-9.985975593347945,1.3402626966030455,0.13753084248243047,0.710748133158678,0.9999999999972699,94.5,159,False,False,False
103,ADGRG6,3.2343770257220826e-08,-14.59860919404753,0.6421539984662079,2.5825184555174943e-06,0.9987177828202694,0.9999999999964178,87,1.972626239816306e-08,-14.940644511205248,0.5406051621388483,2.522013109079256e-07,0.9995993051938901,0.9999999999972699,95.0,103,False,False,False
111,COX7A2,2.1991491176109782e-08,-14.871257332988927,0.5984417252979517,1.1939097640173927e-06,0.9991281822095687,0.9999999999964178,83,2.4701109712068583e-08,-14.782448984178856,0.5661370891358788,3.9544915996148545e-07,0.999498252333326,0.9999999999972699,97.0,111,False,False,False
98,UQCRC2,3.99106811754565e-08,-14.449146513098134,0.6661165810221967,3.932243717104808e-06,0.9984178050629499,0.9999999999964178,96,1.738549636871082e-08,-15.029184830363777,0.5263152197647368,1.9589886387759454e-07,0.999646852605864,0.9999999999972699,97.0,98,False,False,False
163,SERPINE1,1.5073280448236125e-09,-16.708921379090647,0.3038185047376708,5.608900114254636e-09,0.9999402443583643,0.9999999999964178,38,1.1740907248882155e-05,-10.15830398828047,1.312449798971631,0.08934310515584648,0.7650139281587451,0.9999999999972699,100.5,163,False,False,False
95,PINK1,4.5585132127923895e-08,-14.354308147792878,0.6813215281278333,5.129896261250739e-06,0.9981928509176828,0.9999999999964178,107,1.327009039513036e-08,-15.217780955113524,0.49587679600178136,1.1413149092251988e-07,0.9997304478510439,0.9999999999972699,101.0,107,False,False,False
69,NDUFB8,6.85133903758111e-08,-14.062065167696511,0.7281753413505357,1.1588122164152402e-05,0.997283900002151,0.9999999999964178,135,5.90003416798002e-09,-15.777633213748338,0.4055195825882692,2.2561438240244547e-08,0.9998801540256463,0.9999999999972699,102.0,135,False,False,False
114,PRDX3,1.5925535458178598e-08,-15.09775234363497,0.5621289457020677,6.261094137691036e-07,0.9993686573440016,0.9999999999964178,99,1.7374363107711853e-08,-15.029633278084441,0.5262428426584987,1.9564804620676523e-07,0.9996470787530943,0.9999999999972699,106.5,114,False,False,False
99,YME1L1,3.988888439918597e-08,-14.44953572036654,0.6660541814235721,3.92794978730099e-06,0.9984186691600506,0.9999999999964178,114,7.462574321549784e-09,-15.616288908015257,0.4315597059267524,3.609400439257606e-08,0.9998484145238363,0.9999999999972699,106.5,114,False,False,False
52,ADAMTS1,8.352186113054281e-06,-10.432218887926469,1.3101299175165255,0.1722116283728988,0.6781536970367787,0.9999999999964178,167,3.7145952040180154e-09,-16.093176553533166,0.3545925452236707,8.942948203804714e-09,0.999924546321277,0.9999999999972699,109.5,167,False,False,False
105,TXN2,2.9394425928762834e-08,-14.666383306520196,0.6312881237544129,2.1330061743468214e-06,0.9988347047843177,0.9999999999964178,115,7.429244194266498e-09,-15.619370043003347,0.43106242692612184,3.5772310781982866e-08,0.9998490915506821,0.9999999999972699,110.0,115,False,False,False
86,CAT,4.945788084031567e-08,-14.296012985311329,0.6906676915627837,6.038556784516365e-06,0.9980393223345839,0.9999999999964178,136,5.900034131909028e-09,-15.777633217937025,0.4055195819122372,2.2561437964377182e-08,0.9998801540263791,0.9999999999972699,111.0,136,False,False,False
78,NBR1,5.826969761921498e-08,-14.17850595707058,0.7095069887521682,8.382000369762987e-06,0.9976899930177126,0.9999999999964178,146,5.852150507668854e-09,-15.783215855079565,0.40461857360528003,2.2196714799153535e-08,0.999881126674909,0.9999999999972699,112.0,146,False,False,False
85,COX5A,4.945893543824429e-08,-14.29599772856087,0.690670137599079,6.038814309394671e-06,0.9980392805268394,0.9999999999964178,140,5.889178587622319e-09,-15.778894937521244,0.405315946999667,2.2478492214935162e-08,0.9998803745324364,0.9999999999972699,112.5,140,False,False,False
128,IRF3,1.4197390666180693e-08,-15.178015344117755,0.5492607918388883,4.975986719764753e-07,0.9994371668979699,0.9999999999964178,104,1.3282081530705109e-08,-15.217152038262052,0.49597829987765457,1.1433784739379748e-07,0.9997302042780053,0.9999999999972699,116.0,128,False,False,False
72,CD300LG,6.550738949599567e-08,-14.09436183851885,0.7229973823045187,1.059357956259242e-05,0.9974030675027838,0.9999999999964178,161,3.7168507165790833e-09,-16.092764486067075,0.35465905074794074,8.95381186717665e-09,0.9999245005055931,0.9999999999972699,116.5,161,False,False,False
107,LTBP4,2.574983780047963e-08,-14.760001037497661,0.6162788746696104,1.6368585164606348e-06,0.9989791885935292,0.9999999999964178,129,6.608677553137269e-09,-15.699833868122461,0.41807598826088505,2.830654428434701e-08,0.9998657595232101,0.9999999999972699,118.0,129,False,False,False
102,SEMA3G,3.642389490572422e-08,-14.514219825912388,0.6556837116223015,3.275178054494285e-06,0.9985560329535542,0.9999999999964178,134,5.959978727952532e-09,-15.77070667889911,0.4066374889250481,2.3022217227493587e-08,0.9998789363862332,0.9999999999972699,118.0,134,False,False,False
17,LRG1,9.936369136454679e-06,-10.29435828396034,1.3322323987698579,0.24373482237417704,0.6215215473193555,0.9999999999964178,225,1.9383753595867375e-16,-25.76739932600213,-1.2067761876513128,2.435193573427067e-23,0.9999999999960626,0.9999999999972699,121.0,225,False,False,False
138,LEPR,8.28708401575974e-09,-15.55176201529712,0.4893399112132173,1.6953744367749857e-07,0.9996714716409466,0.9999999999964178,109,1.11982419835516e-08,-15.33578268431693,0.4768319368191187,8.127508342788996e-08,0.9997725328074002,0.9999999999972699,123.5,138,False,False,False
106,VDAC1,2.6878330273945298e-08,-14.729694477991902,0.6211377694086296,1.7834737399534943e-06,0.9989344513284834,0.9999999999964178,141,5.8889800269622905e-09,-15.778918037075758,0.4053122188529197,2.2476976462291308e-08,0.9998803785657513,0.9999999999972699,123.5,141,False,False,False
118,ACE,1.4944198451620238e-08,-15.142216329412873,0.555000263657805,5.513246356650978e-07,0.9994075608895796,0.9999999999964178,130,6.599350220630005e-09,-15.700803708820377,0.41791946106720645,2.8226698285046566e-08,0.9998659489870689,0.9999999999972699,124.0,130,False,False,False
122,PPP1R14A,1.4543585803943464e-08,-15.161196219737603,0.5519573155056577,5.221618541955426e-07,0.9994234425415466,0.9999999999964178,128,6.6160540315766225e-09,-15.699067823518039,0.41819962383569687,2.8369769988022697e-08,0.9998656096865801,0.9999999999972699,125.0,128,False,False,False
133,FBLN2,8.298873235308277e-09,-15.550780365022215,0.48949729415057736,1.7002015528714246e-07,0.9996710042759813,0.9999999999964178,119,7.374856783797802e-09,-15.624426983233082,0.430246263339193,3.525046984156977e-08,0.9998501963090485,0.9999999999972699,126.0,133,False,False,False
109,CXCL12,2.2713019583970112e-08,-14.848521019185883,0.6020869214971873,1.273537969403032e-06,0.9990995783720915,0.9999999999964178,149,4.7403953276424025e-09,-15.927238820839213,0.38137402354251065,1.4564207265885932e-08,0.9999037094902428,0.9999999999972699,129.0,149,False,False,False
110,SRGN,2.2696587567371112e-08,-14.849030889534687,0.6020051766077711,1.271695922193104e-06,0.9991002297930445,0.9999999999964178,148,5.281964031871602e-09,-15.853366299568533,0.3932966603933927,1.8082089189356033e-08,0.9998927087355174,0.9999999999972699,129.0,148,False,False,False
55,MT1X,1.0786699722297152e-07,-13.733723639815851,0.7808166489894885,2.872363008603146e-05,0.9957238035863962,0.9999999999964178,210,2.1837181742581343e-16,-25.709437008749976,-1.1974213741462896,3.090657678364352e-23,0.9999999999955642,0.9999999999972699,132.5,210,False,False,False
207,ZEB2,1.5394296982459979e-16,-25.90257180267176,-1.1701521604918135,5.850350260099753e-23,0.9999999999938972,0.9999999999964178,61,5.226838649074049e-06,-10.79833392237035,1.2091523299454,0.017706630133352923,0.894140976695242,0.9999999999972699,134.0,207,False,False,False
238,CREB5,1.3178206839711763e-16,-25.97776853452328,-1.1822080655745189,4.287210289915446e-23,0.9999999999947757,0.9999999999964178,33,1.2354565937368223e-05,-10.11766490014406,1.319008734303296,0.09892651529577792,0.7531216804324794,0.9999999999972699,135.5,238,False,False,False
125,ARL15,1.4456880718263556e-08,-15.165371465818117,0.5512879197858676,5.15954426023351e-07,0.999426879826951,0.9999999999964178,147,5.288314771964594e-09,-15.852544836654994,0.39342924019216124,1.8125597128254288e-08,0.9998925797344628,0.9999999999972699,136.0,147,False,False,False
141,PDGFB,8.284230385254605e-09,-15.551999833646436,0.4893017830209983,1.6942070444253515e-07,0.9996715847686152,0.9999999999964178,131,6.599214263152339e-09,-15.700817855386612,0.41791717788573374,2.822553526413008e-08,0.9998659517487405,0.9999999999972699,136.0,141,False,False,False
147,ANKRD29,7.922734906051907e-09,-15.582795067364566,0.48436454166004933,1.549574269267795e-07,0.999685915685267,0.9999999999964178,126,7.3409489447318005e-09,-15.62759826293671,0.42973443545504136,3.492706844790679e-08,0.9998508850708148,0.9999999999972699,136.5,147,False,False,False
148,FILIP1,5.872553137630627e-09,-15.788769863456453,0.45134166247406793,8.513655195536457e-08,0.9997671919013696,0.9999999999964178,125,7.344529758391707e-09,-15.627262684940003,0.42978859598078295,3.496115064294683e-08,0.9998508123346096,0.9999999999972699,136.5,148,False,False,False
123,JAG2,1.4456975338998817e-08,-15.165366896033959,0.5512886524358471,5.159611799210787e-07,0.9994268760758622,0.9999999999964178,150,4.1758203040176165e-09,-16.013632175835518,0.3674305899053117,1.130163640957794e-08,0.9999151775668155,0.9999999999972699,136.5,150,False,False,False
153,CDH13,5.843772600403237e-09,-15.79213898458042,0.450801508620535,8.430411283680773e-08,0.9997683328603025,0.9999999999964178,123,7.354630121141144e-09,-15.62631698698529,0.4299412266625403,3.505737548640267e-08,0.9998506071683743,0.9999999999972699,138.0,153,False,False,False
119,JAG1,1.4943378921637808e-08,-15.142254645025481,0.5549941207127937,5.512641687646489e-07,0.9994075933785436,0.9999999999964178,157,3.7182523280049565e-09,-16.09250854422445,0.35470035841677444,8.960566042800893e-09,0.9999244720349976,0.9999999999972699,138.0,157,False,False,False
124,DEPP1,1.4456975321750792e-08,-15.165366896866962,0.5512886523022961,5.159611786899344e-07,0.999426876076546,0.9999999999964178,153,3.7332500646259765e-09,-16.08977577982165,0.35514141223507073,9.032997512225223e-09,0.9999241673895826,0.9999999999972699,138.5,153,False,False,False
154,MCAM,5.840257568421996e-09,-15.79255157684978,0.4507353598250384,8.42027254108369e-08,0.9997684722081926,0.9999999999964178,124,7.352338083468517e-09,-15.626531479000636,0.42990660877807646,3.5035527941877623e-08,0.9998506537259834,0.9999999999972699,139.0,154,False,False,False
146,CLDN5,7.926593228702307e-09,-15.58245916947081,0.4844183944409467,1.5510839028429115e-07,0.999685762728166,0.9999999999964178,133,6.5677875187154715e-09,-15.704095540176146,0.41738817677970563,2.795734437737535e-08,0.9998665901126316,0.9999999999972699,139.5,146,False,False,False
161,CR381670.1,2.568905478391293e-09,-16.351159201057712,0.3611766738275663,1.6291399613976568e-08,0.999898159796458,0.9999999999964178,118,7.413702290476035e-09,-15.620811416535911,0.43082979681008354,3.5622796711264996e-08,0.9998494072496296,0.9999999999972699,139.5,161,False,False,False
273,KCNQ1OT1,1.1787141986963514e-16,-26.03159460980715,-1.190837723255364,3.4298819833873106e-23,0.9999999999953272,0.9999999999964178,8,1.9894609323891788e-05,-9.735625276100562,1.380667922615392,0.25652432791856755,0.6125181068112537,0.9999999999972699,140.5,273,False,False,False
183,GABARAPL2,1.7469650896352978e-11,-19.556200322060537,-0.15267107712620992,7.53408645681552e-13,0.9999993074432583,0.9999999999964178,100,1.7372731736142904e-08,-15.029699013382237,0.5262322333267686,1.956113070556817e-07,0.9996471118907494,0.9999999999972699,141.5,183,False,False,False
152,MMP2,5.845375298358905e-09,-15.791950941620238,0.4508316565807403,8.43503612337083e-08,0.9997682693238739,0.9999999999964178,132,6.599009395619557e-09,-15.700839172680212,0.41791373738653514,2.8223782811251945e-08,0.9998659559101654,0.9999999999972699,142.0,152,False,False,False
121,MGP,1.4588509977682541e-08,-15.159042500559881,0.5523026102191658,5.253926832084186e-07,0.9994216615940379,0.9999999999964178,165,3.7153893201308594e-09,-16.09303144572514,0.3546159648615763,8.94677230736879e-09,0.9999245301905875,0.9999999999972699,143.0,165,False,False,False
117,ADAMTS6,1.4945722533784584e-08,-15.14214507923843,0.5550116868316459,5.514370949440363e-07,0.999407500469764,0.9999999999964178,170,3.7134196194629854e-09,-16.093391422401606,0.3545578665170975,8.937288621742638e-09,0.9999245702006432,0.9999999999972699,143.5,170,False,False,False
168,PIK3R3,6.750582790533152e-11,-18.719304128876765,-0.018495816836662012,1.1249796919894743e-11,0.9999973238379806,0.9999999999964178,120,7.363245823846683e-09,-15.625511303300936,0.430071259776613,3.5139560677776535e-08,0.9998504321596808,0.9999999999972699,144.0,168,False,False,False
120,FAM107A,1.4938883141639666e-08,-15.142464873571601,0.554960415851754,5.509325182559378e-07,0.9994077716065979,0.9999999999964178,169,3.714026587853694e-09,-16.09328047470751,0.3545757728920716,8.940210508081868e-09,0.9999245578714403,0.9999999999972699,144.5,169,False,False,False
191,INMT,1.9544609095232155e-16,-25.786636189251137,-1.1515648001546104,9.430096223209433e-23,0.9999999999922519,0.9999999999964178,98,1.7377666380149824e-08,-15.029500192903777,0.5262643219075077,1.9572244780996892e-07,0.9996470116545225,0.9999999999972699,144.5,191,False,False,False
19,RND1,9.89798135737917e-06,-10.297436035569142,1.33173895869141,0.24185518913246748,0.6228693986871183,0.9999999999964178,271,1.6638318376692846e-16,-25.84147641633472,-1.2187318408741032,1.7942236988134348e-23,0.9999999999966203,0.9999999999972699,145.0,271,False,False,False
164,LGALS1,1.0284210151798482e-09,-16.96314465743048,0.263060194662028,2.6109829274350734e-09,0.9999592298717751,0.9999999999964178,127,6.6242448468738195e-09,-15.69821819046922,0.41833675014631055,2.8440058224889806e-08,0.9998654433085216,0.9999999999972699,145.5,164,False,False,False
181,MET,1.9554415558585412e-11,-19.48726035379354,-0.14161828675398017,9.439561656093236e-13,0.9999992247960531,0.9999999999964178,110,1.0056801536461051e-08,-15.410307551281075,0.4648040148003468,6.555072320466241e-08,0.9997957186117796,0.9999999999972699,145.5,181,False,False,False
139,TSPAN13,8.284653181539396e-09,-15.551964593214489,0.48930743293811785,1.694379980881605e-07,0.9996715680075251,0.9999999999964178,152,3.739747412958321e-09,-16.08859522507373,0.3553319475694542,9.064466930455977e-09,0.9999240354105094,0.9999999999972699,145.5,152,False,False,False
140,VEGFC,8.28423039139698e-09,-15.55199983313445,0.4893017831030822,1.6942070469377044e-07,0.9996715847683717,0.9999999999964178,151,4.1071618490356425e-09,-16.02491073346379,0.36561028995492917,1.0933050711243913e-08,0.999916572209488,0.9999999999972699,145.5,151,False,False,False
173,IL32,5.464631329845206e-11,-18.85163356763048,-0.03971151483285374,7.37197548349936e-12,0.9999978336331441,0.9999999999964178,122,7.3584197914582834e-09,-15.625962488125355,0.429998440916208,3.509351329941826e-08,0.999850530189714,0.9999999999972699,147.5,173,False,False,False
145,TAGLN,8.25718771485414e-09,-15.55425753337,0.4889398176416213,1.6831641108254176e-07,0.9996726568325179,0.9999999999964178,154,3.7213605953015676e-09,-16.091941294950193,0.35479190946965006,8.97555344724846e-09,0.9999244088975119,0.9999999999972699,149.5,154,False,False,False
127,SIPA1L2,1.4358116810692242e-08,-15.170157404306735,0.5505206148946872,5.089288975556722e-07,0.9994307951652086,0.9999999999964178,173,2.741395778118531e-09,-16.298784192605723,0.3214085524173726,4.870810204879467e-09,0.9999443146870455,0.9999999999972699,150.0,173,False,False,False
137,SYT11,8.290052827262643e-09,-15.551514683065289,0.489379564717265,1.6965893752719061e-07,0.9996713539471095,0.9999999999964178,164,3.715600127973449e-09,-16.092992930186785,0.3546221810671289,8.947787599771351e-09,0.9999245259084986,0.9999999999972699,150.5,164,False,False,False
9,RGS16,1.0225346791114191e-05,-10.27155669314212,1.335888060497045,0.2581179687501829,0.6114160935571442,0.9999999999964178,294,1.469507351404406e-16,-25.901548972944532,-1.228427235925512,1.3995913641544598e-23,0.999999999997015,0.9999999999972699,151.5,294,False,False,False
126,TM6SF1,1.4365789669685457e-08,-15.169784435815709,0.5505804110136931,5.094729776887096e-07,0.9994304909868995,0.9999999999964178,181,1.9612727174364126e-11,-19.472949356946888,-0.19088502993502587,2.493065576643567e-13,0.9999996016113908,0.9999999999972699,153.5,181,False,False,False
134,MAP1B,8.293706834844115e-09,-15.551210386172135,0.4894283510723431,1.6980853166882783e-07,0.9996712090897575,0.9999999999964178,174,2.6490654175330067e-09,-16.321892775089108,0.31767894860327606,4.5482370782668815e-09,0.9999461901714456,0.9999999999972699,154.0,174,False,False,False
150,EMP3,5.857921642502638e-09,-15.790480635261938,0.4510673832335045,8.471284416993309e-08,0.9997677719438801,0.9999999999964178,162,3.7158833119034264e-09,-16.092941194583233,0.3546305309217542,8.94915156043939e-09,0.9999245201562516,0.9999999999972699,156.0,162,False,False,False
23,KDR,9.7891102753291e-06,-10.306228870197128,1.3303292487602356,0.23656396389674206,0.6266988906317987,0.9999999999964178,289,1.5330304592938924e-16,-25.881096237069404,-1.2251262718017526,1.5232082934016322e-23,0.999999999996886,0.9999999999972699,156.0,289,False,False,False
135,FUT8,8.293023745152654e-09,-15.551267262238445,0.4894192324252952,1.697805611405651e-07,0.999671236169768,0.9999999999964178,178,2.6454169659610612e-09,-16.322822047234222,0.31752896896089666,4.53571749648004e-09,0.9999462642815646,0.9999999999972699,156.5,178,False,False,False
199,CD83,1.8096011241964014e-16,-25.824098457580273,-1.1575709328686052,8.084028978148672e-23,0.9999999999928261,0.9999999999964178,116,7.426125906129469e-09,-15.61965899940362,0.4310157908811224,3.574228754967443e-08,0.9998491548917178,0.9999999999972699,157.5,199,False,False,False
156,EDN1,5.8258481665370386e-09,-15.794245491227521,0.45046378324912284,8.378773887209523e-08,0.9997690434461676,0.9999999999964178,159,3.7178706296593052e-09,-16.092578235041234,0.35468911068505965,8.958726437857289e-09,0.9999244797883442,0.9999999999972699,157.5,159,False,False,False
75,BNIP3L,6.00735223864149e-08,-14.156614304833745,0.713016764708815,8.908987336301669e-06,0.9976184835404205,0.9999999999964178,241,1.820924872381901e-16,-25.79774371420716,-1.2116736124962715,2.1490265658199484e-23,0.9999999999963012,0.9999999999972699,158.0,241,False,False,False
158,INHBB,4.727983799881591e-09,-15.937125336358559,0.4275565928870111,5.5184118098561526e-08,0.9998125665449927,0.9999999999964178,160,3.7168634254215393e-09,-16.092762164938648,0.3546594253658751,8.953873097926885e-09,0.9999245002474415,0.9999999999972699,159.0,160,False,False,False
142,CRIP1,8.280512180264322e-09,-15.552309825150928,0.4892520836781866,1.6926865663327082e-07,0.999671732170972,0.9999999999964178,177,2.6456198032653275e-09,-16.32277035096734,0.31753731246679023,4.536413075281203e-09,0.9999462601613792,0.9999999999972699,159.5,177,False,False,False
284,SLC4A7,1.1290043932644984e-16,-26.052352871942613,-1.194165788609071,3.146686019772571e-23,0.9999999999955242,0.9999999999964178,36,1.191570224350715e-05,-10.146520164368344,1.3143516462458598,0.09202313247508562,0.7616207467582782,0.9999999999972699,160.0,284,False,False,False
165,VSIR,1.0101462826030568e-09,-16.9750196184167,0.2611563432713403,2.5190146122755855e-09,0.9999599543447086,0.9999999999964178,155,3.719876108705707e-09,-16.092212151263897,0.35474819468353574,8.968394006023656e-09,0.9999244390515309,0.9999999999972699,160.0,165,False,False,False
136,SLC6A6,8.29005286357141e-09,-15.55151468004093,0.48937956520214504,1.6965893901333475e-07,0.9996713539456701,0.9999999999964178,185,4.360943249526349e-12,-20.378507928372624,-0.3370374260980343,1.2325898814797506e-14,0.9999999114172088,0.9999999999972699,160.5,185,False,False,False
216,SEMA3A,1.4351516468051803e-16,-25.936534345964436,-1.1755972002990256,5.0846110180400854e-23,0.9999999999943106,0.9999999999964178,108,1.3270090378729605e-08,-15.2177809559741,0.49587679586288896,1.1413149064040537e-07,0.999730447851377,0.9999999999972699,162.0,216,False,False,False
149,AQP7,5.859347661802157e-09,-15.79031371540348,0.4510941446355021,8.475409322096953e-08,0.9997677154115977,0.9999999999964178,176,2.648733907506386e-09,-16.321977159916738,0.31766532933540415,4.547098796183676e-09,0.999946196905329,0.9999999999972699,162.5,176,False,False,False
157,ATP8A1,5.825848029707739e-09,-15.79424550733214,0.450463780667152,8.378773493631898e-08,0.9997690434515919,0.9999999999964178,168,3.714287216338935e-09,-16.093232839904854,0.3545834608989753,8.941465294617585e-09,0.9999245525773567,0.9999999999972699,162.5,168,False,False,False
222,PMPCB,1.380693678701773e-16,-25.95524511552639,-1.178597001704075,4.706053064317634e-23,0.9999999999945265,0.9999999999964178,103,1.3286604244800861e-08,-15.216914973286043,0.4960165609193843,1.1441572757174173e-07,0.9997301124092071,0.9999999999972699,162.5,222,False,False,False
77,CCND1,5.893099170449758e-08,-14.170404184658443,0.7108059042342304,8.573332078986226e-06,0.997663777168382,0.9999999999964178,252,1.7515704976574577e-16,-25.81657616311164,-1.2147130708149902,1.9884421991271634e-23,0.9999999999964421,0.9999999999972699,164.5,252,False,False,False
289,F2RL3,1.1024161153093622e-16,-26.063826605267298,-1.1960053132333568,3.0002210462567156e-23,0.9999999999956296,0.9999999999964178,42,1.0857919191738969e-05,-10.220589800224973,1.3023971961363279,0.07641012996742515,0.7822225610973117,0.9999999999972699,165.5,289,False,False,False
169,NIBAN1,6.750574731661634e-11,-18.71930487797185,-0.018495936935222643,1.1249770059809717e-11,0.9999973238411753,0.9999999999964178,163,3.715629858330459e-09,-16.092987498489524,0.3546230577145319,8.947930791705309e-09,0.999924525304593,0.9999999999972699,166.0,169,False,False,False
132,GABRB2,8.732900253879604e-09,-15.515560346173656,0.495143938543152,1.8826914326548606e-07,0.9996537979612888,0.9999999999964178,205,2.211052995430092e-16,-25.703378964216203,-1.1964436375838945,3.1685169312237834e-23,0.9999999999955087,0.9999999999972699,168.5,205,False,False,False
278,RELA,1.1608019160890136e-16,-26.0389739576334,-1.1920208161209047,3.3264299287587983e-23,0.9999999999953982,0.9999999999964178,59,5.785907169955612e-06,-10.718533138469173,1.222031757241285,0.02169704806154521,0.8828958806682841,0.9999999999972699,168.5,278,False,False,False
285,PMAIP1,1.124539416848933e-16,-26.054261032854715,-1.194471714229406,3.1218462639985984e-23,0.9999999999955419,0.9999999999964178,54,8.13874018178002e-06,-10.449394488947013,1.265469321380079,0.04293110796960282,0.8358550468355297,0.9999999999972699,169.5,285,False,False,False
151,SOX13,5.855806274736773e-09,-15.790728318807737,0.4510276734050959,8.465167351064682e-08,0.9997678558042935,0.9999999999964178,188,2.232541852810256e-12,-20.77311728488693,-0.4007253031970346,3.2304047969984834e-15,0.9999999546509144,0.9999999999972699,169.5,188,False,False,False
228,CCL23,1.359488559419849e-16,-25.962727167904863,-1.1797965606619933,4.5626090886551194e-23,0.9999999999946105,0.9999999999964178,112,7.476140423016418e-09,-15.615038677836448,0.43176148650964774,3.6225353166596086e-08,0.9998481389588855,0.9999999999972699,170.0,228,False,False,False
143,FILIP1L,8.262205351875839e-09,-15.553838081031289,0.4890070662767376,1.685210345665676e-07,0.999672457916233,0.9999999999964178,199,2.3053324837458694e-16,-25.683033337527974,-1.193159960320213,3.4444895198416004e-23,0.9999999999953172,0.9999999999972699,171.0,199,False,False,False
73,VDAC2,6.511786553140748e-08,-14.098652819651997,0.7223094313792704,1.0467969775339857e-05,0.9974185094843623,0.9999999999964178,269,1.676358228314189e-16,-25.837843748659644,-1.218145547395217,1.8213415241707995e-23,0.9999999999965948,0.9999999999972699,171.0,269,False,False,False
155,GPRC5B,5.825851550861162e-09,-15.79424509289737,0.4504638471113463,8.378783621927634e-08,0.9997690433120013,0.9999999999964178,189,2.2325401505939995e-12,-20.77311773125845,-0.40072537523905283,3.2303998709134854e-15,0.9999999546509489,0.9999999999972699,172.0,189,False,False,False
167,EFNB1,6.89492833641619e-11,-18.706025447992804,-0.016366914257801787,1.1736042136501738e-11,0.9999972666144668,0.9999999999964178,179,2.6441230109179845e-09,-16.323151923425822,0.3174757286765454,4.531281462957903e-09,0.9999462905653621,0.9999999999972699,173.0,179,False,False,False
211,DNM1L,1.486808272405134e-16,-25.91941836268658,-1.1728530827727157,5.457227820155257e-23,0.9999999999941058,0.9999999999964178,138,5.891307127388346e-09,-15.77864736178272,0.4053559044232493,2.249474406074362e-08,0.9998803312959206,0.9999999999972699,174.5,211,False,False,False
104,CD14,3.219392424816567e-08,-14.601903676197178,0.6416258110953624,2.5586446982245295e-06,0.9987237232211981,0.9999999999964178,247,1.772253072156528e-16,-25.810884645888397,-1.2137944898349986,2.0356785654011402e-23,0.9999999999964001,0.9999999999972699,175.5,247,False,False,False
240,TRAP1,1.3048400642749264e-16,-25.982549647064207,-1.1829745967463388,4.203167649279105e-23,0.9999999999948271,0.9999999999964178,111,7.480206930471484e-09,-15.614664348124663,0.4318219013586247,3.6264772097709023e-08,0.9998480563568992,0.9999999999972699,175.5,240,False,False,False
254,BMP4,1.2443010731160398e-16,-26.005481916182596,-1.1866512094529686,3.822197272103373e-23,0.9999999999950672,0.9999999999964178,102,1.394970859252988e-08,-15.182986035211446,0.5014925132822021,1.2612117226543772e-07,0.9997166429309107,0.9999999999972699,178.0,254,False,False,False
186,SLC26A2,2.510715411574708e-16,-25.664399742236064,-1.1319672595890082,1.556170304653831e-22,0.9999999999900466,0.9999999999964178,171,3.713404409491483e-09,-16.093394202859095,0.3545574177658656,8.937215408564069e-09,0.9999245705095997,0.9999999999972699,178.5,186,False,False,False
93,BAX,4.558513219372723e-08,-14.354308146761698,0.6813215282931572,5.129896276061019e-06,0.9981928509150741,0.9999999999964178,265,1.696898144634247e-16,-25.83194433528025,-1.2171934130677855,1.866247666397145e-23,0.9999999999965531,0.9999999999972699,179.0,265,False,False,False
218,BCL2L13,1.4263530732378227e-16,-25.939509740829216,-1.1760742300473954,5.022457046710881e-23,0.9999999999943454,0.9999999999964178,143,5.88756451375939e-09,-15.779082732925358,0.4052856378080081,2.2466172338998765e-08,0.9998804073187302,0.9999999999972699,180.5,218,False,False,False
100,DNM2,3.9888884362417754e-08,-14.44953572102326,0.6660541813182838,3.927949780059689e-06,0.9984186691615082,0.9999999999964178,261,1.7164660805988775e-16,-25.826388827682642,-1.2162967833268576,1.9095374464204966e-23,0.9999999999965133,0.9999999999972699,180.5,261,False,False,False
180,TCF15,1.9554461216037365e-11,-19.487258924366685,-0.14161805758132764,9.439605736862066e-13,0.9999992247942431,0.9999999999964178,182,1.6963158724995104e-11,-19.561554295349314,-0.20518540151563142,1.8649671209765139e-13,0.9999996554314373,0.9999999999972699,181.0,182,False,False,False
115,BID,1.5925535448212606e-08,-15.09775234407274,0.5621289456318822,6.261094129854815e-07,0.9993686573443966,0.9999999999964178,251,1.754644388540804e-16,-25.815726123074242,-1.2145758788185579,1.9954274933623492e-23,0.9999999999964359,0.9999999999972699,183.0,251,False,False,False
176,DGKE,4.8967554626890934e-11,-18.920119942233153,-0.050691582866910945,5.9194176053644945e-12,0.9999980587585703,0.9999999999964178,190,2.2325388430031052e-12,-20.773118074147735,-0.4007254305795824,3.2303960868469653e-15,0.9999999546509755,0.9999999999972699,183.0,190,False,False,False
68,HES1,7.26312632610278e-08,-14.020007438373685,0.734918240679077,1.3022949081420594e-05,0.9971206544336891,0.9999999999964178,298,1.4321838468693767e-16,-25.913974180063263,-1.2304325990798413,1.32939876308262e-23,0.9999999999970909,0.9999999999972699,183.0,298,False,False,False
129,AC010359.3,1.1231646616110192e-08,-15.341181926570558,0.5231011332701543,3.11421798333383e-07,0.9995547391171631,0.9999999999964178,238,1.8251482111852245e-16,-25.796619732875843,-1.2114922078141248,2.15900676066805e-23,0.9999999999962926,0.9999999999972699,183.5,238,False,False,False
81,SEMA4A,5.279661812694282e-08,-14.249241440664374,0.6981663326466623,6.8813612330293406e-06,0.9979069637907768,0.9999999999964178,286,1.5530167359879987e-16,-25.87483272001824,-1.224115373054481,1.5631836353261055e-23,0.9999999999968454,0.9999999999972699,183.5,286,False,False,False
277,GIGYF2,1.162163738648591e-16,-26.038409018990937,-1.1919302424153275,3.334239468871172e-23,0.9999999999953928,0.9999999999964178,92,1.7414419567008842e-08,-15.02802111805635,0.5265030368177046,1.9655121623783045e-07,0.999646265095952,0.9999999999972699,184.5,277,False,False,False
264,SNORD3A,1.2042731313671965e-16,-26.021253167570972,-1.18917973303494,3.580240002012932e-23,0.9999999999952258,0.9999999999964178,105,1.3277282551382909e-08,-15.217403670626998,0.49593768773587865,1.14255238980772e-07,0.9997303017585123,0.9999999999972699,184.5,264,False,False,False
257,VCAM1,1.232393208157294e-16,-26.010121105062098,-1.1873949867344396,3.7493910578966856e-23,0.9999999999951144,0.9999999999964178,113,7.46933232908916e-09,-15.615665822695263,0.43166026862408047,3.6159406488488536e-08,0.9998482772500572,0.9999999999972699,185.0,257,False,False,False
253,ZNF224,1.2450459174350072e-16,-26.005193179852355,-1.1866049178428735,3.826774611272907e-23,0.9999999999950642,0.9999999999964178,117,7.41370229645586e-09,-15.620811415980771,0.4308297968996802,3.562279676873105e-08,0.9998494072495081,0.9999999999972699,185.0,253,False,False,False
265,CLPP,1.2031698811430739e-16,-26.021695094279806,-1.1892505848701733,3.5736831982377097e-23,0.9999999999952303,0.9999999999964178,106,1.3272486918300022e-08,-15.217655216591565,0.49589708953867023,1.1417271799067312e-07,0.999730399171048,0.9999999999972699,185.5,265,False,False,False
252,BTNL9,1.2536267686727396e-16,-26.00187899808484,-1.1860735721336626,3.8797046106810137e-23,0.9999999999950302,0.9999999999964178,121,7.360196645695975e-09,-15.625796336648184,0.4300252568917624,3.511046356543135e-08,0.999850494096902,0.9999999999972699,186.5,252,False,False,False
94,VDAC3,4.558513212983855e-08,-14.354308147762875,0.6813215281326435,5.129896261681667e-06,0.998192850917607,0.9999999999964178,287,1.544382113724405e-16,-25.877528982477568,-1.2245505356508601,1.5458496587984656e-23,0.999999999996863,0.9999999999972699,190.5,287,False,False,False
226,TNFRSF4,1.3756245578378627e-16,-25.957023417723235,-1.1788821077447982,4.671560605719045e-23,0.9999999999945466,0.9999999999964178,156,3.7189449032759337e-09,-16.092382111128178,0.3547207640543088,8.963904409254478e-09,0.9999244579668827,0.9999999999972699,191.0,226,False,False,False
297,TMEM173,1.0377568133784042e-16,-26.092901998299407,-1.2006668213867908,2.6586020401896616e-23,0.999999999995886,0.9999999999964178,94,1.739287415545239e-08,-15.028887808159805,0.5263631575880803,1.9606516418641863e-07,0.9996467027426712,0.9999999999972699,195.5,297,False,False,False
200,ADM,1.7989238479369055e-16,-25.826974942525776,-1.1580321048985718,7.988913248984881e-23,0.9999999999928685,0.9999999999964178,192,2.635102284975415e-16,-25.617775276862524,-1.1826276521557724,4.500416240378958e-23,0.9999999999946474,0.9999999999972699,196.0,200,False,False,False
160,MT1E,3.106083292228605e-09,-16.222819848196387,0.38175266188416274,2.3817070483270906e-08,0.9998768642299364,0.9999999999964178,233,1.887096251194296e-16,-25.780419757189843,-1.208877616843423,2.3080532895548935e-23,0.9999999999961667,0.9999999999972699,196.5,233,False,False,False
185,OPA1,2.5519195338500067e-16,-25.656433936578892,-1.1306901429571343,1.6076670078736258e-22,0.9999999999898833,0.9999999999964178,211,2.178767918551092e-16,-25.710542045980866,-1.1975997213501481,3.0766611793898876e-23,0.9999999999955743,0.9999999999972699,198.0,211,False,False,False
213,C1orf54,1.461447873623092e-16,-25.927747209144453,-1.1741884038680899,5.2726483318104887e-23,0.9999999999942063,0.9999999999964178,184,7.1722618419625726e-12,-20.08184473073472,-0.2891575444909331,3.334033816576005e-14,0.9999998543115705,0.9999999999972699,198.5,213,False,False,False
175,SLC5A3,4.8967650274257297e-11,-18.920118724384842,-0.05069138761555783,5.919440729952259e-12,0.9999980587547785,0.9999999999964178,222,2.0248730946875935e-16,-25.74618292769214,-1.2033519724223938,2.6573780756367843e-23,0.999999999995887,0.9999999999972699,198.5,222,False,False,False
190,GABPA,1.9830232378809248e-16,-25.77957193558189,-1.1504322247139018,9.707731452234624e-23,0.9999999999921386,0.9999999999964178,208,2.1869141637050442e-16,-25.708724876820828,-1.1973064397940418,3.099710987276678e-23,0.9999999999955578,0.9999999999972699,199.0,208,False,False,False
202,ARL4C,1.7075432942463158e-16,-25.852300650789417,-1.162092445387592,7.197896452008611e-23,0.9999999999932307,0.9999999999964178,198,2.3270326727949367e-16,-25.678465956856655,-1.1924228090741584,3.509640961738825e-23,0.9999999999952731,0.9999999999972699,200.0,202,False,False,False
203,IFT88,1.6607008681476375e-16,-25.865802634051526,-1.164257148887708,6.808398576735659e-23,0.9999999999934164,0.9999999999964178,197,2.362075034768302e-16,-25.67117776288005,-1.1912465328541622,3.6161389264255897e-23,0.999999999995202,0.9999999999972699,200.0,203,False,False,False
256,TFAM,1.2340604211345295e-16,-26.009468936754466,-1.187290427945498,3.75954246357762e-23,0.9999999999951078,0.9999999999964178,145,5.857960404039355e-09,-15.782536111696528,0.4047282806163355,2.224080957331233e-08,0.9998810086598829,0.9999999999972699,200.5,256,False,False,False
131,ZNF331,9.59499471757247e-09,-15.45042320803536,0.5055870407288288,2.2727497926279468e-07,0.9996196215902527,0.9999999999964178,272,1.6511768283521528e-16,-25.845173703498922,-1.2193285635990618,1.7670339706675325e-23,0.999999999996646,0.9999999999972699,201.5,272,False,False,False
246,BGN,1.2658117939188716e-16,-25.99721077997534,-1.1853251407451197,3.9554911982492646e-23,0.9999999999949819,0.9999999999964178,158,3.718252291561805e-09,-16.092508550877938,0.35470035734293665,8.960565867153178e-09,0.9999244720357378,0.9999999999972699,202.0,246,False,False,False
196,CXCR4,1.8468433481933908e-16,-25.814193894497105,-1.1559829852347623,8.420197262146513e-23,0.9999999999926785,0.9999999999964178,209,2.186840180059215e-16,-25.7087413503577,-1.1973090985363506,3.0995012634159417e-23,0.9999999999955579,0.9999999999972699,202.5,209,False,False,False
179,LCN6,2.2163859143676945e-11,-19.410478974455444,-0.1293083232937718,1.212698693755626e-12,0.99999912134878,0.9999999999964178,228,1.924936133931766e-16,-25.770778777155037,-1.2073216133137692,2.401543059581621e-23,0.9999999999960899,0.9999999999972699,203.5,228,False,False,False
270,MFF,1.1850081940522472e-16,-26.029027734565112,-1.1904261893560149,3.466608947828443e-23,0.9999999999953022,0.9999999999964178,137,5.8923720672059385e-09,-15.778523528891567,0.40537589040133726,2.2502877302917713e-08,0.9998803096640545,0.9999999999972699,203.5,270,False,False,False
177,OPTN,3.282399329896655e-11,-19.168524573054903,-0.09051701912662452,2.659775476557939e-12,0.9999986987445837,0.9999999999964178,230,1.9181617374559138e-16,-25.772491054414992,-1.2075979658682416,2.3846693805738906e-23,0.9999999999961037,0.9999999999972699,203.5,230,False,False,False
220,TIMP4,1.4085827397911893e-16,-25.94557434869211,-1.1770465374197854,4.8980912506133073e-23,0.9999999999944159,0.9999999999964178,187,2.8878457125407193e-12,-20.622055387420932,-0.37634470653521307,5.405124495180352e-15,0.9999999413398847,0.9999999999972699,203.5,220,False,False,False
182,THBS1,1.955440706234289e-11,-19.487260619791165,-0.14161832940001048,9.439553453261762e-13,0.9999992247963899,0.9999999999964178,226,1.932684215445328e-16,-25.76882761914872,-1.2070067066617711,2.4209149227642206e-23,0.9999999999960741,0.9999999999972699,204.0,226,False,False,False
204,EIF4EBP1,1.6290293848546716e-16,-25.87514489242145,-1.165754945100292,6.551186806129351e-23,0.9999999999935419,0.9999999999964178,206,2.188224747198699e-16,-25.708433146806524,-1.1972593561023088,3.1034273172524045e-23,0.9999999999955551,0.9999999999972699,205.0,206,False,False,False
193,F8,1.9151666650305964e-16,-25.796521905164273,-1.1531497261186627,9.054725619332411e-23,0.9999999999924076,0.9999999999964178,217,2.052835224722355e-16,-25.7395139576888,-1.2022756356986493,2.731278024234058e-23,0.9999999999958301,0.9999999999972699,205.0,217,False,False,False
171,CX3CL1,6.164207703275532e-11,-18.776271733424316,-0.02762913973918517,9.380298842748938e-12,0.9999975562971306,0.9999999999964178,244,1.8021789120956164e-16,-25.802763720501563,-1.2124838151400663,2.1050069553318024e-23,0.9999999999963393,0.9999999999972699,207.5,244,False,False,False
243,DLL4,1.2855204963794394e-16,-25.98975259240852,-1.184129407909654,4.079624185148686e-23,0.9999999999949037,0.9999999999964178,172,2.7419719328058458e-09,-16.298642400085384,0.3214314369852618,4.87285780052759e-09,0.9999443029837539,0.9999999999972699,207.5,243,False,False,False
245,H19,1.2749220269654543e-16,-25.993749234361644,-1.1847701689487313,4.012632588461558e-23,0.9999999999949458,0.9999999999964178,175,2.6489160789633387e-09,-16.32193078746812,0.317672813604998,4.5477242875521744e-09,0.9999461932049241,0.9999999999972699,210.0,245,False,False,False
205,AC002558.3,1.6172238845898335e-16,-25.878672819597483,-1.1663205595109947,6.456578570744875e-23,0.9999999999935888,0.9999999999964178,216,2.0596666580472145e-16,-25.737898194103806,-1.2020148599442901,2.749486587179171e-23,0.9999999999958162,0.9999999999972699,210.5,216,False,False,False
209,CBWD5,1.500491774928209e-16,-25.91498208548146,-1.1721418372758883,5.558138764224787e-23,0.9999999999940515,0.9999999999964178,215,2.1169241605925977e-16,-25.72455860041921,-1.1998619196018727,2.9044795779454473e-23,0.9999999999957,0.9999999999972699,212.0,215,False,False,False
187,AC091271.1,2.4589864459482724e-16,-25.674583660493017,-1.1335999948004039,1.4927064748635725e-22,0.9999999999902517,0.9999999999964178,239,1.8249885216459312e-16,-25.79666218557868,-1.2114990594573414,2.1586289768692996e-23,0.999999999996293,0.9999999999972699,213.0,239,False,False,False
219,LINC00472,1.4135731392948926e-16,-25.943863701040897,-1.1767722780842376,4.9328591505453717e-23,0.9999999999943961,0.9999999999964178,207,2.1872950730338556e-16,-25.708640070452024,-1.197292752491639,3.1007908757123653e-23,0.999999999995557,0.9999999999972699,213.0,219,False,False,False
178,RCAN1,2.2167953119013577e-11,-19.410365619970957,-0.12929014975255496,1.2131467400133692e-12,0.9999991211864808,0.9999999999964178,248,1.7722423852000124e-16,-25.81088756992691,-1.2137949617594532,2.0356540145702723e-23,0.9999999999964001,0.9999999999972699,213.0,248,False,False,False
174,GCNT2,4.900331299834648e-11,-18.919664804375337,-0.05061861295614122,5.928066026560624e-12,0.9999980573409861,0.9999999999964178,254,1.7486799903159666e-16,-25.81737682590583,-1.214842293583767,1.9818848104017493e-23,0.999999999996448,0.9999999999972699,214.0,254,False,False,False
249,ISG15,1.25563782015251e-16,-26.001105486108784,-1.1859495589387528,3.892162136406003e-23,0.9999999999950222,0.9999999999964178,180,2.0721108524126394e-11,-19.439320482857745,-0.18545750632310304,2.7828109183066807e-13,0.999999579097107,0.9999999999972699,214.5,249,False,False,False
172,PLAC9,6.153017662198426e-11,-18.777409778470624,-0.027811596645493465,9.346273170425762e-12,0.9999975607332457,0.9999999999964178,258,1.71952729464244e-16,-25.825525341279047,-1.2161574211575603,1.9163546104358427e-23,0.9999999999965071,0.9999999999972699,215.0,258,False,False,False
170,PRKX,6.60117252302712e-11,-18.733345102421836,-0.020746933875397257,1.0757325587012023e-11,0.9999973830693233,0.9999999999964178,262,1.7046176793786922e-16,-25.829745230308724,-1.216838489078168,1.88326616917784e-23,0.9999999999965374,0.9999999999972699,216.0,262,False,False,False
242,ERO1B,1.2869654496526673e-16,-25.98921020935851,-1.1840424504261517,4.088800513828145e-23,0.9999999999948981,0.9999999999964178,195,2.4942033734457405e-16,-25.644618933360338,-1.1869600772939446,4.0320086264577477e-23,0.9999999999949336,0.9999999999972699,218.5,242,False,False,False
298,IKBKB,1.0252580925300902e-16,-26.098726599583745,-1.2016006497394278,2.5949473980082207e-23,0.9999999999959355,0.9999999999964178,139,5.891110127948854e-09,-15.778670271594462,0.40535220689998863,2.2493239682246967e-08,0.9998803352975228,0.9999999999972699,218.5,298,False,False,False
198,AC109326.1,1.811501851123834e-16,-25.823588141710783,-1.1574891165511496,8.101020127193594e-23,0.9999999999928186,0.9999999999964178,242,1.8043701288248547e-16,-25.802174297016535,-1.2123886852860626,2.1101289002650635e-23,0.9999999999963348,0.9999999999972699,220.0,242,False,False,False
206,DNAJA4,1.6072133928338158e-16,-25.881684163217876,-1.1668033527383728,6.376894503642634e-23,0.9999999999936284,0.9999999999964178,237,1.8313493904930953e-16,-25.794973988038475,-1.2112265932431363,2.1737026986370316e-23,0.99999999999628,0.9999999999972699,221.5,237,False,False,False
166,LAMA3,8.060858577150376e-11,-18.60779699358469,-0.0006184516104699311,1.6040752961303562e-11,0.9999968043998219,0.9999999999964178,277,1.6271433702333806e-16,-25.852272411675774,-1.220474257806423,1.7159687324171062e-23,0.9999999999966949,0.9999999999972699,221.5,277,False,False,False
248,PARL,1.2624444024403698e-16,-25.99849644599088,-1.1855312649618215,3.9344739024922233e-23,0.9999999999949952,0.9999999999964178,196,2.416600698628037e-16,-25.660045470750198,-1.1894498393868334,3.785014272312986e-23,0.9999999999950913,0.9999999999972699,222.0,248,False,False,False
223,TLCD2,1.3795919602051072e-16,-25.955631065370902,-1.1786588790566879,4.698545711724385e-23,0.9999999999945308,0.9999999999964178,221,2.026572382831296e-16,-25.745775078959618,-1.2032861477795591,2.661840128940399e-23,0.9999999999958835,0.9999999999972699,222.0,223,False,False,False
233,GBP1,1.328606679762578e-16,-25.97383074242993,-1.1815767396306387,4.3576767364910425e-23,0.999999999994733,0.9999999999964178,212,2.155953076818637e-16,-25.71566697690621,-1.1984268582781656,3.012564380919631e-23,0.9999999999956206,0.9999999999972699,222.5,233,False,False,False
214,GIGYF1,1.4576095588474887e-16,-25.929020113485773,-1.1743924820712306,5.2449887649762007e-23,0.9999999999942215,0.9999999999964178,232,1.905871784444948e-16,-25.775612612122014,-1.208101768883351,2.354209398657607e-23,0.9999999999961287,0.9999999999972699,223.0,232,False,False,False
281,PGF,1.1565850416325952e-16,-26.04072741534422,-1.192301938973025,3.30230581449723e-23,0.9999999999954149,0.9999999999964178,166,3.7148422372666698e-09,-16.093131410210326,0.35459983111882093,8.944137716462672e-09,0.9999245413033501,0.9999999999972699,223.5,281,False,False,False
225,NDUFS1,1.3762282497942026e-16,-25.956811299497915,-1.1788480999212159,4.675661728169978e-23,0.9999999999945441,0.9999999999964178,223,2.0053098016238632e-16,-25.750902655715898,-1.2041137117307898,2.606277658601715e-23,0.9999999999959267,0.9999999999972699,224.0,225,False,False,False
215,LATS2,1.4476093240313788e-16,-25.932351994712175,-1.17492666544361,5.1732669612723013e-23,0.9999999999942611,0.9999999999964178,235,1.8501974155377635e-16,-25.790005188469074,-1.210424655095747,2.2186759104765526e-23,0.9999999999962418,0.9999999999972699,225.0,235,False,False,False
227,CGAS,1.3753690134366055e-16,-25.957113235414308,-1.178896507753039,4.669825131794617e-23,0.9999999999945476,0.9999999999964178,224,1.9448286907431145e-16,-25.765784712446184,-1.2065155975056003,2.4514352886624168e-23,0.9999999999960495,0.9999999999972699,225.5,227,False,False,False
271,EDNRB,1.1801441132796412e-16,-26.0310102715706,-1.19074403931269,3.4382087060034676e-23,0.9999999999953215,0.9999999999964178,186,2.8878493804990443e-12,-20.622054640005658,-0.37634458590631426,5.405138225681186e-15,0.9999999413398102,0.9999999999972699,228.5,271,False,False,False
197,MTCH2,1.81950997238199e-16,-25.82144383225353,-1.1571453304497052,8.172802936425296e-23,0.9999999999927869,0.9999999999964178,260,1.7193831414435876e-16,-25.825565969217617,-1.2161639782934108,1.9160333162421315e-23,0.9999999999965075,0.9999999999972699,228.5,260,False,False,False
184,RPS6KA5,6.643097556569056e-12,-20.141159375461644,-0.24645455217134765,1.0894402272287336e-13,0.9999997366448805,0.9999999999964178,275,1.631432199749635e-16,-25.850998129084427,-1.220268595290501,1.7250265653976303e-23,0.9999999999966861,0.9999999999972699,229.5,275,False,False,False
201,HLA-DQA1,1.7547779200831256e-16,-25.83904833033703,-1.1599677690410846,7.601625486459622e-23,0.9999999999930435,0.9999999999964178,259,1.7194488558944273e-16,-25.82554744793349,-1.2161609890554526,1.9161797797967396e-23,0.9999999999965073,0.9999999999972699,230.0,259,False,False,False
266,IGFBP5,1.1961518188988387e-16,-26.024515638697654,-1.1897027882431905,3.5321143640755044e-23,0.999999999995258,0.9999999999964178,194,2.517477966593208e-16,-25.64008382983291,-1.1862281354093493,4.1076088840594296e-23,0.9999999999948863,0.9999999999972699,230.0,266,False,False,False
195,FAN1,1.8627100088851172e-16,-25.810033493111405,-1.155315969488506,8.565498496444858e-23,0.9999999999926156,0.9999999999964178,267,1.6886664696127356e-16,-25.83430016451684,-1.217573631530448,1.8481852000297205e-23,0.9999999999965699,0.9999999999972699,231.0,267,False,False,False
244,BCL2L1,1.281596088871417e-16,-25.9912286933197,-1.184366063573265,4.054753838573767e-23,0.9999999999949193,0.9999999999964178,219,2.0294435783338773e-16,-25.745086719926743,-1.2031750502478813,2.669387924850214e-23,0.9999999999958776,0.9999999999972699,231.5,244,False,False,False
237,PMPCA,1.318868081329226e-16,-25.97738476459002,-1.1821465377158602,4.294027905186792e-23,0.9999999999947715,0.9999999999964178,227,1.9294988635421154e-16,-25.76962883969702,-1.2071360194491316,2.4129414410417298e-23,0.9999999999960807,0.9999999999972699,232.0,237,False,False,False
230,WDR44,1.3575649471647782e-16,-25.963411547758263,-1.179906283762319,4.5497064696586984e-23,0.9999999999946182,0.9999999999964178,236,1.8340335957119012e-16,-25.79426331380649,-1.2111118941555528,2.1800793519245187e-23,0.9999999999962745,0.9999999999972699,233.0,236,False,False,False
212,PLEKHG2,1.4615778744041691e-16,-25.927704154239102,-1.1741815010966599,5.273586413695365e-23,0.9999999999942059,0.9999999999964178,255,1.7482304925710429e-16,-25.81750145209935,-1.2148624075966896,1.9808660553851987e-23,0.9999999999964488,0.9999999999972699,233.5,255,False,False,False
275,APOD,1.1671852148199575e-16,-26.036331501353917,-1.1915971647027348,3.363114875376923e-23,0.9999999999953729,0.9999999999964178,193,2.5623993053989927e-16,-25.631445831344692,-1.1848340078322475,4.2555073397551444e-23,0.999999999994795,0.9999999999972699,234.0,275,False,False,False
189,CCN2,2.0061778813663895e-16,-25.773917961942345,-1.1495257522135665,9.935758401837949e-23,0.9999999999920468,0.9999999999964178,280,1.6007386822557836e-16,-25.860190954653213,-1.2217522690436755,1.6607283819822957e-23,0.9999999999967485,0.9999999999972699,234.5,280,False,False,False
188,ATG5,2.2080793770173686e-16,-25.727164644096142,-1.142030033338864,1.2036258598249436e-22,0.9999999999912464,0.9999999999964178,282,1.5876389543725678e-16,-25.86416708543895,-1.222393995664272,1.633658288431326e-23,0.999999999996775,0.9999999999972699,235.0,282,False,False,False
287,IFIT1,1.1205850938973298e-16,-26.05595717041311,-1.194743647236436,3.099929586677135e-23,0.9999999999955577,0.9999999999964178,183,1.606347530352702e-11,-19.59475779551195,-0.2105442720104771,1.67238686491003e-13,0.9999996737064902,0.9999999999972699,235.0,287,False,False,False
279,RPS6KB1,1.1602414908756865e-16,-26.039206633186577,-1.192058119795082,3.323218760405177e-23,0.9999999999954005,0.9999999999964178,191,2.706941448255851e-16,-25.60462551054838,-1.1805053489537058,4.749145245386371e-23,0.9999999999945015,0.9999999999972699,235.0,279,False,False,False
269,FMO2,1.1889429193945167e-16,-26.027429817730848,-1.1901700035722764,3.4896683657633384e-23,0.9999999999952867,0.9999999999964178,203,2.2409247200806033e-16,-25.696842049973565,-1.195388613966185,3.2547097348213684e-23,0.9999999999954481,0.9999999999972699,236.0,269,False,False,False
192,RNPC3,1.948806654737938e-16,-25.78804663381152,-1.1517909294733413,9.375612617194402e-23,0.9999999999922743,0.9999999999964178,284,1.562806706543111e-16,-25.871793401634125,-1.2236248430340524,1.5829538759039447e-23,0.9999999999968255,0.9999999999972699,238.0,284,False,False,False
276,MIGA1,1.165482719601561e-16,-26.037034885501132,-1.1917099346636988,3.3533109280980337e-23,0.9999999999953796,0.9999999999964178,201,2.259936622545746e-16,-25.69272594686381,-1.1947242965478233,3.3101696166104813e-23,0.9999999999954094,0.9999999999972699,238.5,276,False,False,False
247,DUSP2,1.2631452898934091e-16,-25.998228571248216,-1.185488317982716,3.938843819899773e-23,0.9999999999949925,0.9999999999964178,231,1.9065941991407664e-16,-25.775428579112635,-1.208072066922437,2.355994448214379e-23,0.9999999999961272,0.9999999999972699,239.0,247,False,False,False
194,DDHD1,1.8706748842386477e-16,-25.807958097221952,-1.154983231944783,8.63890658171413e-23,0.999999999992584,0.9999999999964178,285,1.555706662481787e-16,-25.873995759582805,-1.223980292037093,1.5686033974117457e-23,0.99999999999684,0.9999999999972699,239.5,285,False,False,False
231,MFN2,1.3494909255270202e-16,-25.966294516153496,-1.1803684952504194,4.495749285733832e-23,0.9999999999946502,0.9999999999964178,250,1.75556949275994e-16,-25.815470584582137,-1.214534636248379,1.9975321534682385e-23,0.999999999996434,0.9999999999972699,240.5,250,False,False,False
280,RGS2,1.1578228661656183e-16,-26.040212055207917,-1.192219313934227,3.3093781220300637e-23,0.99999999999541,0.9999999999964178,202,2.2526098885285046e-16,-25.694308161408546,-1.1949796576633314,3.288741211665295e-23,0.9999999999954243,0.9999999999972699,241.0,280,False,False,False
250,TAX1BP1,1.2541254276779647e-16,-26.001687085231044,-1.186042803733327,3.88279170879646e-23,0.9999999999950282,0.9999999999964178,234,1.850791624057006e-16,-25.78984934844659,-1.2103995033348087,2.2201012371121672e-23,0.9999999999962406,0.9999999999972699,242.0,250,False,False,False
239,TBK1,1.310888704092981e-16,-25.98031599713583,-1.1826164871468725,4.242225881197289e-23,0.9999999999948032,0.9999999999964178,245,1.7951718797632747e-16,-25.804653293275962,-1.212788782259165,2.0886698676792857e-23,0.9999999999963535,0.9999999999972699,242.0,245,False,False,False
274,BNIP3,1.1723274191089242e-16,-26.034213094113305,-1.1912575313704012,3.3928135363002164e-23,0.9999999999953525,0.9999999999964178,214,2.1314677287035845e-16,-25.721226627173564,-1.1993241566242272,2.9445250362410277e-23,0.9999999999956704,0.9999999999972699,244.0,274,False,False,False
290,IFIT3,1.0975190651319256e-16,-26.06596939012283,-1.1963488549032524,2.9736256426357056e-23,0.999999999995649,0.9999999999964178,200,2.3051493807425285e-16,-25.683072055402324,-1.1931662091817323,3.44394237852146e-23,0.9999999999953176,0.9999999999972699,245.0,290,False,False,False
229,CCN1,1.3588693527333353e-16,-25.96294736468143,-1.1798318636781278,4.558453769157734e-23,0.999999999994613,0.9999999999964178,263,1.699848237334587e-16,-25.83110277138965,-1.2170575890769173,1.8727423277747415e-23,0.9999999999965471,0.9999999999972699,246.0,263,False,False,False
272,MX1,1.1796975364831888e-16,-26.031192691764428,-1.1907732858036983,3.435607102176873e-23,0.9999999999953233,0.9999999999964178,220,2.0291322746379965e-16,-25.745161307746812,-1.2031870883302005,2.668569053509015e-23,0.9999999999958783,0.9999999999972699,246.0,272,False,False,False
221,MEOX2,1.3990029597056891e-16,-25.948874890424555,-1.1775756962923605,4.831693906497675e-23,0.9999999999944539,0.9999999999964178,274,1.6376830158291755e-16,-25.849146774883774,-1.2199697964484275,1.7382707332334548e-23,0.9999999999966734,0.9999999999972699,247.5,274,False,False,False
241,LATS1,1.303603988159472e-16,-25.98300735554551,-1.1830479787919446,4.1952080924527735e-23,0.999999999994832,0.9999999999964178,257,1.736123046269668e-16,-25.820870189676672,-1.2154061041443296,1.953523915949597e-23,0.9999999999964735,0.9999999999972699,249.0,257,False,False,False
235,RRN3P1,1.3211274746631038e-16,-25.976557931400112,-1.1820139758051051,4.308752969006843e-23,0.9999999999947626,0.9999999999964178,264,1.6991545426041227e-16,-25.8313005307653,-1.2170895064012377,1.8712141367549026e-23,0.9999999999965485,0.9999999999972699,249.5,264,False,False,False
208,MFN1,1.5034533557599637e-16,-25.914027143358844,-1.1719887363191546,5.580101059849006e-23,0.9999999999940398,0.9999999999964178,293,1.5009099004081907e-16,-25.891332165698305,-1.226778296908988,1.460047458729725e-23,0.9999999999969512,0.9999999999972699,250.5,293,False,False,False
210,FAM184A,1.4898973291971244e-16,-25.91841338423031,-1.1726919597480754,5.479927719131868e-23,0.9999999999940935,0.9999999999964178,292,1.5101843611957679e-16,-25.88835477662651,-1.2262977619542281,1.4781471325598713e-23,0.9999999999969325,0.9999999999972699,251.0,292,False,False,False
299,THY1,1.0197301588073094e-16,-26.101324933903353,-1.2020172273108065,2.5670402284183295e-23,0.9999999999959575,0.9999999999964178,204,2.219412004096152e-16,-25.70154105891097,-1.1961470093228892,3.192519726088343e-23,0.9999999999954917,0.9999999999972699,251.5,299,False,False,False
262,TEAD4,1.2211561441933985e-16,-26.014539425043605,-1.188103353242006,3.681328259998361e-23,0.9999999999951589,0.9999999999964178,243,1.8040875863595922e-16,-25.802250259750547,-1.212400945272269,2.10946811084824e-23,0.9999999999963354,0.9999999999972699,252.5,262,False,False,False
288,MTOR,1.1150501360130652e-16,-26.058341172120777,-1.19512586196302,3.06938196437249e-23,0.9999999999955795,0.9999999999964178,218,2.0372812414294175e-16,-25.743212515258378,-1.2028725634603616,2.6900459644502495e-23,0.9999999999958618,0.9999999999972699,253.0,288,False,False,False
217,INF2,1.4278183548089256e-16,-25.93901298339938,-1.175994587484803,5.032781410255414e-23,0.9999999999943396,0.9999999999964178,291,1.5103655877021832e-16,-25.888296775983157,-1.2262884009550918,1.4785019177382116e-23,0.999999999996932,0.9999999999972699,254.0,291,False,False,False
263,RND3,1.2071710523017218e-16,-26.02009424056121,-1.1889939282308821,3.5974914635045624e-23,0.9999999999952144,0.9999999999964178,246,1.7780662248309862e-16,-25.809296675530714,-1.2135381997615184,2.0490548921918873e-23,0.9999999999963882,0.9999999999972699,254.5,263,False,False,False
282,LONP1,1.1445141000671834e-16,-26.045781603926535,-1.1931122510214098,3.2337351078860453e-23,0.9999999999954627,0.9999999999964178,229,1.9187316931997813e-16,-25.77234676586001,-1.2075746784534738,2.3860867354418623e-23,0.9999999999961026,0.9999999999972699,255.5,282,False,False,False
300,TSC1,9.036348924024026e-17,-26.159342227639137,-1.21131884147956,2.01580320406025e-23,0.9999999999964176,0.9999999999964178,213,2.1324039958555264e-16,-25.721012889712163,-1.1992896605208063,2.947112424753745e-23,0.9999999999956685,0.9999999999972699,256.5,300,False,False,False
224,AFG3L2,1.3781916671829842e-16,-25.956122046915223,-1.1787375956012762,4.689012455614794e-23,0.9999999999945364,0.9999999999964178,290,1.531205235167864e-16,-25.88167222800567,-1.2252192337129528,1.519583392852521e-23,0.9999999999968897,0.9999999999972699,257.0,290,False,False,False
260,GABARAP,1.2220115613032875e-16,-26.01420168373009,-1.1880492049151041,3.6864875906119114e-23,0.9999999999951555,0.9999999999964178,256,1.744819884445355e-16,-25.81844808993945,-1.2150151899710109,1.973144684750762e-23,0.9999999999964558,0.9999999999972699,258.0,260,False,False,False
268,TRDMT1,1.1951040495249346e-16,-26.024938125924475,-1.189770523446301,3.5259291619613266e-23,0.9999999999952622,0.9999999999964178,253,1.7510705711235347e-16,-25.816714548766317,-1.2147354055326594,1.9873072940173714e-23,0.9999999999964431,0.9999999999972699,260.5,268,False,False,False
255,ULK1,1.2384446449074307e-16,-26.007758060331806,-1.1870161319322012,3.786302829618525e-23,0.9999999999950904,0.9999999999964178,266,1.6918768281052293e-16,-25.833380053652796,-1.2174251304707053,1.8552191255015964e-23,0.9999999999965633,0.9999999999972699,260.5,266,False,False,False
232,MTFR1L,1.3317464178629994e-16,-25.9726903616854,-1.1813939082538536,4.37829703046673e-23,0.9999999999947206,0.9999999999964178,296,1.4514339221708118e-16,-25.90752661074327,-1.2293919952632812,1.3653760039478696e-23,0.9999999999970517,0.9999999999972699,264.0,296,False,False,False
251,AKT1,1.2538333343062157e-16,-26.001799490594884,-1.1860608251069145,3.8809832682318426e-23,0.9999999999950294,0.9999999999964178,279,1.6026665166575972e-16,-25.859608496908,-1.221658263423484,1.6647309556143554e-23,0.9999999999967445,0.9999999999972699,265.0,279,False,False,False
258,ECRG4,1.228288264292737e-16,-26.011730540143887,-1.187653019179535,3.7244551739166795e-23,0.9999999999951307,0.9999999999964178,273,1.6393893722152988e-16,-25.848642592897917,-1.2198884241245818,1.7418949444901692e-23,0.99999999999667,0.9999999999972699,265.5,273,False,False,False
234,TSC2,1.3243312759800908e-16,-25.97538786150684,-1.181826384519871,4.3296761984056066e-23,0.9999999999947499,0.9999999999964178,299,1.4171517842591767e-16,-25.919068312606868,-1.2312547653108423,1.3016387342388979e-23,0.9999999999971214,0.9999999999972699,266.5,299,False,False,False
236,KEAP1,1.3195018019731213e-16,-25.97715271221934,-1.182109333953326,4.298155486927348e-23,0.9999999999947691,0.9999999999964178,300,1.3440766878642866e-16,-25.944612058763163,-1.2353773917488478,1.1708623071638666e-23,0.9999999999972699,0.9999999999972699,268.0,300,False,False,False
296,SYBU,1.055886200208518e-16,-26.084574467930956,-1.1993317112932613,2.752303831792045e-23,0.9999999999958141,0.9999999999964178,240,1.8216798032071434e-16,-25.79754261274333,-1.2116411557764766,2.1508088498987673e-23,0.9999999999962996,0.9999999999972699,268.0,296,False,False,False
292,IRF7,1.0812617799529689e-16,-26.073150837666237,-1.197500219434768,2.8861829103497345e-23,0.9999999999957135,0.9999999999964178,249,1.7711756218787552e-16,-25.81117953206424,-1.2138420829146235,2.0332041155120737e-23,0.9999999999964022,0.9999999999972699,270.5,292,False,False,False
267,TMEM161B-AS1,1.1958544185463636e-16,-26.024635521197396,-1.1897220083875024,3.530358196584352e-23,0.9999999999952592,0.9999999999964178,276,1.6302769503733738e-16,-25.85134104953034,-1.2203239408489719,1.7225843795920673e-23,0.9999999999966884,0.9999999999972699,271.5,276,False,False,False
261,YAP1,1.2218266044371023e-16,-26.014274689957155,-1.188060909627826,3.6853717425892954e-23,0.9999999999951562,0.9999999999964178,283,1.5793374446571775e-16,-25.86670350221529,-1.222803360007151,1.6166186790197356e-23,0.9999999999967919,0.9999999999972699,272.0,283,False,False,False
283,RPL32P3,1.1424554783835627e-16,-26.046648775029766,-1.1932512801022437,3.222112620663905e-23,0.999999999995471,0.9999999999964178,268,1.6793556657065306e-16,-25.836978433291392,-1.2180058900406325,1.8278607012048032e-23,0.9999999999965887,0.9999999999972699,275.5,283,False,False,False
259,IFIT2,1.2251865323965047e-16,-26.012950143976468,-1.1878485519863746,3.7056685819012986e-23,0.999999999995143,0.9999999999964178,295,1.4528194289381545e-16,-25.907065791075183,-1.2293176213897241,1.367983963662795e-23,0.9999999999970489,0.9999999999972699,277.0,295,False,False,False
291,HTRA2,1.0819380519015588e-16,-26.07284999985793,-1.197451987656964,2.8897943483282805e-23,0.9999999999957109,0.9999999999964178,270,1.6711433163033188e-16,-25.839352836130978,-1.218389106185244,1.8100272812418342e-23,0.9999999999966055,0.9999999999972699,280.5,291,False,False,False
286,NSUN6,1.121202458241688e-16,-26.055691976728948,-1.1947011300976447,3.103346218200544e-23,0.9999999999955552,0.9999999999964178,278,1.6039011208852062e-16,-25.859235845770325,-1.2215981194875505,1.6672967738826806e-23,0.999999999996742,0.9999999999972699,282.0,286,False,False,False
295,UQCRC1,1.0679560957032368e-16,-26.07910764810889,-1.1984552442014573,2.815586957538331e-23,0.9999999999957663,0.9999999999964178,281,1.589148404154061e-16,-25.863707289891643,-1.2223197870784284,1.6367661705861043e-23,0.999999999996772,0.9999999999972699,288.0,295,False,False,False
293,TTC21B,1.0809532339433269e-16,-26.073288154819753,-1.197522234787407,2.8845359582825426e-23,0.9999999999957148,0.9999999999964178,288,1.5434622561358129e-16,-25.87781708913309,-1.2245970345515207,1.544008743838594e-23,0.9999999999968648,0.9999999999972699,290.5,293,False,False,False
294,TEAD1,1.0771473931593803e-16,-26.07498509539655,-1.1977942965382453,2.864259856923562e-23,0.9999999999957299,0.9999999999964178,297,1.441076508698738e-16,-25.91098520717105,-1.2299501945573204,1.345958921458984e-23,0.9999999999970728,0.9999999999972699,295.5,297,False,False,False
