donor,ec_obs_name,source_barcode
hoa1,hoa1_AAGATAGGTTCAAGTC-1,AAGATAGGTTCAAGTC-1
hoa1,hoa1_ACACCAAAGCATCTTG-1,ACACCAAAGCATCTTG-1
hoa1,hoa1_ACATCCCTCTCACCCA-1,ACATCCCTCTCACCCA-1
hoa1,hoa1_ACTTATCGTTACTCAG-1,ACTTATCGTTACTCAG-1
hoa1,hoa1_ATAGACCGTCACGCTG-1,ATAGACCGTCACGCTG-1
hoa1,hoa1_ATCACGACAGAGAATT-1,ATCACGACAGAGAATT-1
hoa1,hoa1_CATCCACTCGAGTACT-1,CATCCACTCGAGTACT-1
hoa1,hoa1_CATCCGTAGCCTCATA-1,CATCCGTAGCCTCATA-1
hoa1,hoa1_CCACTTGGTAGATGTA-1,CCACTTGGTAGATGTA-1
hoa1,hoa1_CGATGGCCAGTCTGGC-1,CGATGGCCAGTCTGGC-1
hoa1,hoa1_CGCGTGACATCAGCTA-1,CGCGTGACATCAGCTA-1
hoa1,hoa1_CGGACACTCGCCAACG-1,CGGACACTCGCCAACG-1
hoa1,hoa1_CTATCTACATGAAAGT-1,CTATCTACATGAAAGT-1
hoa1,hoa1_CTGTCGTTCTTCCACG-1,CTGTCGTTCTTCCACG-1
hoa1,hoa1_CTTCTAAGTCATTGCA-1,CTTCTAAGTCATTGCA-1
hoa1,hoa1_GACCGTGTCCCTTCCC-1,GACCGTGTCCCTTCCC-1
hoa1,hoa1_GAGACCCCAAACACCT-1,GAGACCCCAAACACCT-1
hoa1,hoa1_GGGATGAGTACAAACA-1,GGGATGAGTACAAACA-1
hoa1,hoa1_GTCGTTCGTGAATTGA-1,GTCGTTCGTGAATTGA-1
hoa1,hoa1_TATTGGGCATGACAAA-1,TATTGGGCATGACAAA-1
hoa1,hoa1_TCATTTGTCATGTCTT-1,TCATTTGTCATGTCTT-1
hoa1,hoa1_TCCTCGATCACATTGG-1,TCCTCGATCACATTGG-1
hoa1,hoa1_TCGCAGGAGCACCAGA-1,TCGCAGGAGCACCAGA-1
hoa1,hoa1_TGGTACAAGGTGAGAA-1,TGGTACAAGGTGAGAA-1
hoa1,hoa1_TTGCATTCACTATGTG-1,TTGCATTCACTATGTG-1
hoa1,hoa1_TTTGGAGAGGCCTTGC-1,TTTGGAGAGGCCTTGC-1
hoa2,hoa2_AAACCCAAGTCCTACA-1,AAACCCAAGTCCTACA-1
hoa2,hoa2_AAACCCACATCTCCCA-1,AAACCCACATCTCCCA-1
hoa2,hoa2_AAACCCACATTGCTGA-1,AAACCCACATTGCTGA-1
hoa2,hoa2_AAACCCAGTAAGCAAT-1,AAACCCAGTAAGCAAT-1
hoa2,hoa2_AAACCCATCCAAATGC-1,AAACCCATCCAAATGC-1
hoa2,hoa2_AAACCCATCCTGCCAT-1,AAACCCATCCTGCCAT-1
hoa2,hoa2_AAACGAAAGTCTAGAA-1,AAACGAAAGTCTAGAA-1
hoa2,hoa2_AAACGCTAGTCATCCA-1,AAACGCTAGTCATCCA-1
hoa2,hoa2_AAAGGATTCTCATAGG-1,AAAGGATTCTCATAGG-1
hoa2,hoa2_AAAGGGCAGCAACTCT-1,AAAGGGCAGCAACTCT-1
hoa2,hoa2_AAAGGGCAGCTTTCCC-1,AAAGGGCAGCTTTCCC-1
hoa2,hoa2_AAAGGGCGTTGTTGTG-1,AAAGGGCGTTGTTGTG-1
hoa2,hoa2_AAAGGTAAGGAGACCT-1,AAAGGTAAGGAGACCT-1
hoa2,hoa2_AAAGGTATCTTCTGGC-1,AAAGGTATCTTCTGGC-1
hoa2,hoa2_AAAGTGATCCTGTACC-1,AAAGTGATCCTGTACC-1
hoa2,hoa2_AAATGGACACTCCTGT-1,AAATGGACACTCCTGT-1
hoa2,hoa2_AAATGGAGTATGGTTC-1,AAATGGAGTATGGTTC-1
hoa2,hoa2_AAATGGAGTATGTCTG-1,AAATGGAGTATGTCTG-1
hoa2,hoa2_AAATGGAGTTGCACGC-1,AAATGGAGTTGCACGC-1
hoa2,hoa2_AACAAAGAGTATGATG-1,AACAAAGAGTATGATG-1
hoa2,hoa2_AACAAGATCACATCAG-1,AACAAGATCACATCAG-1
hoa2,hoa2_AACAAGATCTCACGAA-1,AACAAGATCTCACGAA-1
hoa2,hoa2_AACAAGATCTGGGCAC-1,AACAAGATCTGGGCAC-1
hoa2,hoa2_AACACACAGAAGCGAA-1,AACACACAGAAGCGAA-1
hoa2,hoa2_AACACACAGATTTGCC-1,AACACACAGATTTGCC-1
hoa2,hoa2_AACACACCACGGATCC-1,AACACACCACGGATCC-1
hoa2,hoa2_AACCAACGTTAAGGGC-1,AACCAACGTTAAGGGC-1
hoa2,hoa2_AACCATGTCCGCGAGT-1,AACCATGTCCGCGAGT-1
hoa2,hoa2_AACCCAAAGCTGAAGC-1,AACCCAAAGCTGAAGC-1
hoa2,hoa2_AACCTTTCATGAGAAT-1,AACCTTTCATGAGAAT-1
hoa2,hoa2_AACGAAAAGGAATGTT-1,AACGAAAAGGAATGTT-1
hoa2,hoa2_AACTTCTTCACAACCA-1,AACTTCTTCACAACCA-1
hoa2,hoa2_AAGACAAAGAACCGCA-1,AAGACAAAGAACCGCA-1
hoa2,hoa2_AAGACAAAGGTGATCG-1,AAGACAAAGGTGATCG-1
hoa2,hoa2_AAGACTCAGGACCCAA-1,AAGACTCAGGACCCAA-1
hoa2,hoa2_AAGACTCCATTGCTTT-1,AAGACTCCATTGCTTT-1
hoa2,hoa2_AAGACTCGTACTTGTG-1,AAGACTCGTACTTGTG-1
hoa2,hoa2_AAGACTCGTGGCTACC-1,AAGACTCGTGGCTACC-1
hoa2,hoa2_AAGACTCTCGTTATCT-1,AAGACTCTCGTTATCT-1
hoa2,hoa2_AAGCATCGTGCCCTTT-1,AAGCATCGTGCCCTTT-1
hoa2,hoa2_AAGCCATGTTCGAACT-1,AAGCCATGTTCGAACT-1
hoa2,hoa2_AAGCCATTCGCTTGCT-1,AAGCCATTCGCTTGCT-1
hoa2,hoa2_AAGCGAGGTATGTCAC-1,AAGCGAGGTATGTCAC-1
hoa2,hoa2_AAGCGAGGTGGCAGAT-1,AAGCGAGGTGGCAGAT-1
hoa2,hoa2_AAGCGTTCATCGATCA-1,AAGCGTTCATCGATCA-1
hoa2,hoa2_AAGGAATGTAACTGCT-1,AAGGAATGTAACTGCT-1
hoa2,hoa2_AAGGTAAGTCGTTGGC-1,AAGGTAAGTCGTTGGC-1
hoa2,hoa2_AAGTACCCAGTTGTCA-1,AAGTACCCAGTTGTCA-1
hoa2,hoa2_AAGTCGTTCTGAGGTT-1,AAGTCGTTCTGAGGTT-1
hoa2,hoa2_AAGTGAAAGTCTCGTA-1,AAGTGAAAGTCTCGTA-1
hoa2,hoa2_AATCACGAGAGAACCC-1,AATCACGAGAGAACCC-1
hoa2,hoa2_AATCACGTCAGAGTGG-1,AATCACGTCAGAGTGG-1
hoa2,hoa2_AATCGACTCCACGTCT-1,AATCGACTCCACGTCT-1
hoa2,hoa2_AATCGACTCTACAGGT-1,AATCGACTCTACAGGT-1
hoa2,hoa2_AATCGTGCAGCGATTT-1,AATCGTGCAGCGATTT-1
hoa2,hoa2_AATCGTGGTCGATTCA-1,AATCGTGGTCGATTCA-1
hoa2,hoa2_AATGAAGCATGACTAC-1,AATGAAGCATGACTAC-1
hoa2,hoa2_AATGACCCAGAGTCTT-1,AATGACCCAGAGTCTT-1
hoa2,hoa2_AATGCCAGTTAAGGGC-1,AATGCCAGTTAAGGGC-1
hoa2,hoa2_AATGCCATCTGGGATT-1,AATGCCATCTGGGATT-1
hoa2,hoa2_AATGGCTAGCCTATCA-1,AATGGCTAGCCTATCA-1
hoa2,hoa2_AATGGCTAGTAGCTCT-1,AATGGCTAGTAGCTCT-1
hoa2,hoa2_AATGGCTCAGGACGAT-1,AATGGCTCAGGACGAT-1
hoa2,hoa2_AATGGCTGTGCAACAG-1,AATGGCTGTGCAACAG-1
hoa2,hoa2_ACAACCACAAGCCATT-1,ACAACCACAAGCCATT-1
hoa2,hoa2_ACAACCAGTACAGTCT-1,ACAACCAGTACAGTCT-1
hoa2,hoa2_ACAACCAGTTCGGGTC-1,ACAACCAGTTCGGGTC-1
hoa2,hoa2_ACAAGCTGTATAGGAT-1,ACAAGCTGTATAGGAT-1
hoa2,hoa2_ACAAGCTTCCGCAACG-1,ACAAGCTTCCGCAACG-1
hoa2,hoa2_ACACAGTAGGCTCAAG-1,ACACAGTAGGCTCAAG-1
hoa2,hoa2_ACACCAACAATGTCAC-1,ACACCAACAATGTCAC-1
hoa2,hoa2_ACACCAAGTCGAGCTC-1,ACACCAAGTCGAGCTC-1
hoa2,hoa2_ACACTGAAGACCTTTG-1,ACACTGAAGACCTTTG-1
hoa2,hoa2_ACAGAAAAGTCACTCA-1,ACAGAAAAGTCACTCA-1
hoa2,hoa2_ACAGCCGCACTTCAAG-1,ACAGCCGCACTTCAAG-1
hoa2,hoa2_ACAGCCGTCATCCTGC-1,ACAGCCGTCATCCTGC-1
hoa2,hoa2_ACAGGGAAGACTCTTG-1,ACAGGGAAGACTCTTG-1
hoa2,hoa2_ACAGGGAGTAAGAACT-1,ACAGGGAGTAAGAACT-1
hoa2,hoa2_ACATCCCAGTTACGAA-1,ACATCCCAGTTACGAA-1
hoa2,hoa2_ACATCGAGTACTCGTA-1,ACATCGAGTACTCGTA-1
hoa2,hoa2_ACATGCAGTTAACAGA-1,ACATGCAGTTAACAGA-1
hoa2,hoa2_ACATTTCTCAGATTGC-1,ACATTTCTCAGATTGC-1
hoa2,hoa2_ACCACAACAGGGTTGA-1,ACCACAACAGGGTTGA-1
hoa2,hoa2_ACCATTTTCTCAGGCG-1,ACCATTTTCTCAGGCG-1
hoa2,hoa2_ACCCAAACACGCACCA-1,ACCCAAACACGCACCA-1
hoa2,hoa2_ACCCAAACATGGCTGC-1,ACCCAAACATGGCTGC-1
hoa2,hoa2_ACCCAAATCGCCACTT-1,ACCCAAATCGCCACTT-1
hoa2,hoa2_ACCCTCAGTACGCTTA-1,ACCCTCAGTACGCTTA-1
hoa2,hoa2_ACCCTCATCAGCCCAG-1,ACCCTCATCAGCCCAG-1
hoa2,hoa2_ACCCTTGAGTACTGTC-1,ACCCTTGAGTACTGTC-1
hoa2,hoa2_ACCTACCAGATACAGT-1,ACCTACCAGATACAGT-1
hoa2,hoa2_ACCTACCGTACGGTTT-1,ACCTACCGTACGGTTT-1
hoa2,hoa2_ACCTACCTCCTCATAT-1,ACCTACCTCCTCATAT-1
hoa2,hoa2_ACGCACGCAGTCACGC-1,ACGCACGCAGTCACGC-1
hoa2,hoa2_ACGGGTCCACTGCGTG-1,ACGGGTCCACTGCGTG-1
hoa2,hoa2_ACGGGTCTCGAGCACC-1,ACGGGTCTCGAGCACC-1
hoa2,hoa2_ACGTAACGTACGAGTG-1,ACGTAACGTACGAGTG-1
hoa2,hoa2_ACGTAACGTCCTGTCT-1,ACGTAACGTCCTGTCT-1
hoa2,hoa2_ACGTAACTCGCCAACG-1,ACGTAACTCGCCAACG-1
hoa2,hoa2_ACGTACAAGCTTACGT-1,ACGTACAAGCTTACGT-1
hoa2,hoa2_ACGTACACAGGCGATA-1,ACGTACACAGGCGATA-1
hoa2,hoa2_ACGTAGTCAGACGATG-1,ACGTAGTCAGACGATG-1
hoa2,hoa2_ACGTCCTAGCGTATAA-1,ACGTCCTAGCGTATAA-1
hoa2,hoa2_ACGTCCTCACCCTATC-1,ACGTCCTCACCCTATC-1
hoa2,hoa2_ACGTTCCAGCCGTTGC-1,ACGTTCCAGCCGTTGC-1
hoa2,hoa2_ACTATCTAGGGCAAGG-1,ACTATCTAGGGCAAGG-1
hoa2,hoa2_ACTATGGGTCAACCAT-1,ACTATGGGTCAACCAT-1
hoa2,hoa2_ACTATTCAGCCTCTCT-1,ACTATTCAGCCTCTCT-1
hoa2,hoa2_ACTATTCGTAAGCGGT-1,ACTATTCGTAAGCGGT-1
hoa2,hoa2_ACTGATGAGGCTGGAT-1,ACTGATGAGGCTGGAT-1
hoa2,hoa2_ACTGATGGTGGTTTAC-1,ACTGATGGTGGTTTAC-1
hoa2,hoa2_ACTGTCCGTGCAACAG-1,ACTGTCCGTGCAACAG-1
hoa2,hoa2_ACTGTCCTCCGTTGGG-1,ACTGTCCTCCGTTGGG-1
hoa2,hoa2_ACTGTGAGTGGTGATG-1,ACTGTGAGTGGTGATG-1
hoa2,hoa2_ACTGTGAGTTAACAGA-1,ACTGTGAGTTAACAGA-1
hoa2,hoa2_ACTGTGATCACCTTGC-1,ACTGTGATCACCTTGC-1
hoa2,hoa2_ACTTAGGTCTACTCAT-1,ACTTAGGTCTACTCAT-1
hoa2,hoa2_ACTTATCGTGACATCT-1,ACTTATCGTGACATCT-1
hoa2,hoa2_ACTTCCGTCGGTTAGT-1,ACTTCCGTCGGTTAGT-1
hoa2,hoa2_ACTTTCACATCGTGCG-1,ACTTTCACATCGTGCG-1
hoa2,hoa2_ACTTTCATCACTCTTA-1,ACTTTCATCACTCTTA-1
hoa2,hoa2_ACTTTGTCAACTGAAA-1,ACTTTGTCAACTGAAA-1
hoa2,hoa2_ACTTTGTGTGGCGCTT-1,ACTTTGTGTGGCGCTT-1
hoa2,hoa2_AGAAATGCAAGCGCTC-1,AGAAATGCAAGCGCTC-1
hoa2,hoa2_AGAAGCGTCAAAGACA-1,AGAAGCGTCAAAGACA-1
hoa2,hoa2_AGAAGTACACCAGACC-1,AGAAGTACACCAGACC-1
hoa2,hoa2_AGACAAACAATCGCGC-1,AGACAAACAATCGCGC-1
hoa2,hoa2_AGACAAAGTCACTTAG-1,AGACAAAGTCACTTAG-1
hoa2,hoa2_AGACAAAGTGCCGAAA-1,AGACAAAGTGCCGAAA-1
hoa2,hoa2_AGACACTAGAGACAAG-1,AGACACTAGAGACAAG-1
hoa2,hoa2_AGACACTAGTTGAAAC-1,AGACACTAGTTGAAAC-1
hoa2,hoa2_AGACACTCAGAGTTGG-1,AGACACTCAGAGTTGG-1
hoa2,hoa2_AGACACTTCCAGCACG-1,AGACACTTCCAGCACG-1
hoa2,hoa2_AGACAGGTCAAGTGGG-1,AGACAGGTCAAGTGGG-1
hoa2,hoa2_AGACCATGTTGGTAGG-1,AGACCATGTTGGTAGG-1
hoa2,hoa2_AGACCATTCACCTCTG-1,AGACCATTCACCTCTG-1
hoa2,hoa2_AGACCCGAGATACTGA-1,AGACCCGAGATACTGA-1
hoa2,hoa2_AGACCCGAGCCGCTTG-1,AGACCCGAGCCGCTTG-1
hoa2,hoa2_AGAGAATTCAGACCGC-1,AGAGAATTCAGACCGC-1
hoa2,hoa2_AGAGAGCGTGTTGCCG-1,AGAGAGCGTGTTGCCG-1
hoa2,hoa2_AGAGCCCTCAAGTAAG-1,AGAGCCCTCAAGTAAG-1
hoa2,hoa2_AGATAGACAAAGAACT-1,AGATAGACAAAGAACT-1
hoa2,hoa2_AGATCCACAAAGCAAT-1,AGATCCACAAAGCAAT-1
hoa2,hoa2_AGATCGTGTCAGGTAG-1,AGATCGTGTCAGGTAG-1
hoa2,hoa2_AGATGAAAGTAACCTC-1,AGATGAAAGTAACCTC-1
hoa2,hoa2_AGATGCTCATTGAAAG-1,AGATGCTCATTGAAAG-1
hoa2,hoa2_AGCATCAAGCGTATAA-1,AGCATCAAGCGTATAA-1
hoa2,hoa2_AGCCAATTCGTGGCGT-1,AGCCAATTCGTGGCGT-1
hoa2,hoa2_AGCCACGAGCGTTACT-1,AGCCACGAGCGTTACT-1
hoa2,hoa2_AGCCAGCCACCAGCCA-1,AGCCAGCCACCAGCCA-1
hoa2,hoa2_AGCGCCACAACACAAA-1,AGCGCCACAACACAAA-1
hoa2,hoa2_AGCGTCGTCTGACGCG-1,AGCGTCGTCTGACGCG-1
hoa2,hoa2_AGCTACATCTGGACTA-1,AGCTACATCTGGACTA-1
hoa2,hoa2_AGCTCAAGTGATGAAT-1,AGCTCAAGTGATGAAT-1
hoa2,hoa2_AGCTTCCCAGTTGTTG-1,AGCTTCCCAGTTGTTG-1
hoa2,hoa2_AGGAAATCATGGCTAT-1,AGGAAATCATGGCTAT-1
hoa2,hoa2_AGGAATATCCTCAGGG-1,AGGAATATCCTCAGGG-1
hoa2,hoa2_AGGACGAGTGCCTTCT-1,AGGACGAGTGCCTTCT-1
hoa2,hoa2_AGGACGATCCGAGTGC-1,AGGACGATCCGAGTGC-1
hoa2,hoa2_AGGAGGTGTATAGGGC-1,AGGAGGTGTATAGGGC-1
hoa2,hoa2_AGGAGGTTCGGTAAGG-1,AGGAGGTTCGGTAAGG-1
hoa2,hoa2_AGGAGGTTCTGAGGTT-1,AGGAGGTTCTGAGGTT-1
hoa2,hoa2_AGGATAACACACCTTC-1,AGGATAACACACCTTC-1
hoa2,hoa2_AGGATAACATGCACTA-1,AGGATAACATGCACTA-1
hoa2,hoa2_AGGATAATCGTAGCCG-1,AGGATAATCGTAGCCG-1
hoa2,hoa2_AGGCATTAGGTTCCAT-1,AGGCATTAGGTTCCAT-1
hoa2,hoa2_AGGCATTGTGCCGTTG-1,AGGCATTGTGCCGTTG-1
hoa2,hoa2_AGGCATTGTGTTACTG-1,AGGCATTGTGTTACTG-1
hoa2,hoa2_AGGCCACAGTAGCATA-1,AGGCCACAGTAGCATA-1
hoa2,hoa2_AGGCTGCAGAGAAGGT-1,AGGCTGCAGAGAAGGT-1
hoa2,hoa2_AGGGAGTAGAATCGCG-1,AGGGAGTAGAATCGCG-1
hoa2,hoa2_AGGGAGTGTTATAGCC-1,AGGGAGTGTTATAGCC-1
hoa2,hoa2_AGGGCCTAGCGTATAA-1,AGGGCCTAGCGTATAA-1
hoa2,hoa2_AGGGCCTGTTTGGGTT-1,AGGGCCTGTTTGGGTT-1
hoa2,hoa2_AGGGTGATCGAGAGAC-1,AGGGTGATCGAGAGAC-1
hoa2,hoa2_AGGGTTTTCCCGTTCA-1,AGGGTTTTCCCGTTCA-1
hoa2,hoa2_AGGTAGGTCGCTTAAG-1,AGGTAGGTCGCTTAAG-1
hoa2,hoa2_AGGTCTACACAATGTC-1,AGGTCTACACAATGTC-1
hoa2,hoa2_AGGTCTACAGACCCGT-1,AGGTCTACAGACCCGT-1
hoa2,hoa2_AGGTGTTGTCTGTGGC-1,AGGTGTTGTCTGTGGC-1
hoa2,hoa2_AGGTGTTTCCATTTCA-1,AGGTGTTTCCATTTCA-1
hoa2,hoa2_AGGTTACAGTATAACG-1,AGGTTACAGTATAACG-1
hoa2,hoa2_AGTAACCAGGATAATC-1,AGTAACCAGGATAATC-1
hoa2,hoa2_AGTAACCGTACGGCAA-1,AGTAACCGTACGGCAA-1
hoa2,hoa2_AGTACCAAGTCTAGCT-1,AGTACCAAGTCTAGCT-1
hoa2,hoa2_AGTACTGAGAGAGGTA-1,AGTACTGAGAGAGGTA-1
hoa2,hoa2_AGTAGCTGTGGCGTAA-1,AGTAGCTGTGGCGTAA-1
hoa2,hoa2_AGTAGTCGTCCATACA-1,AGTAGTCGTCCATACA-1
hoa2,hoa2_AGTAGTCTCAAACGAA-1,AGTAGTCTCAAACGAA-1
hoa2,hoa2_AGTCTCCGTACATACC-1,AGTCTCCGTACATACC-1
hoa2,hoa2_AGTGACTAGTATAGGT-1,AGTGACTAGTATAGGT-1
hoa2,hoa2_AGTGACTCACGCGCTA-1,AGTGACTCACGCGCTA-1
hoa2,hoa2_AGTGATCTCCCAACTC-1,AGTGATCTCCCAACTC-1
hoa2,hoa2_AGTTAGCTCATTTCGT-1,AGTTAGCTCATTTCGT-1
hoa2,hoa2_AGTTCCCAGACCATAA-1,AGTTCCCAGACCATAA-1
hoa2,hoa2_AGTTCGATCCTCTTTC-1,AGTTCGATCCTCTTTC-1
hoa2,hoa2_ATACCGAAGGACCCAA-1,ATACCGAAGGACCCAA-1
hoa2,hoa2_ATACCGATCCCAACTC-1,ATACCGATCCCAACTC-1
hoa2,hoa2_ATACTTCCAAAGGAGA-1,ATACTTCCAAAGGAGA-1
hoa2,hoa2_ATAGAGACAAGCGCAA-1,ATAGAGACAAGCGCAA-1
hoa2,hoa2_ATAGGCTTCGATTCCC-1,ATAGGCTTCGATTCCC-1
hoa2,hoa2_ATAGGCTTCTCCGATC-1,ATAGGCTTCTCCGATC-1
hoa2,hoa2_ATCACGAAGTAGGTTA-1,ATCACGAAGTAGGTTA-1
hoa2,hoa2_ATCACGAAGTGGTGAC-1,ATCACGAAGTGGTGAC-1
hoa2,hoa2_ATCACGATCGCTTGCT-1,ATCACGATCGCTTGCT-1
hoa2,hoa2_ATCAGGTCACTCTAGA-1,ATCAGGTCACTCTAGA-1
hoa2,hoa2_ATCAGGTGTGCTGTCG-1,ATCAGGTGTGCTGTCG-1
hoa2,hoa2_ATCATTCCATGGCCCA-1,ATCATTCCATGGCCCA-1
hoa2,hoa2_ATCATTCTCCACCTCA-1,ATCATTCTCCACCTCA-1
hoa2,hoa2_ATCATTCTCCTTGAAG-1,ATCATTCTCCTTGAAG-1
hoa2,hoa2_ATCATTCTCTGAGATC-1,ATCATTCTCTGAGATC-1
hoa2,hoa2_ATCCACCTCATACGGT-1,ATCCACCTCATACGGT-1
hoa2,hoa2_ATCCATTTCACCTACC-1,ATCCATTTCACCTACC-1
hoa2,hoa2_ATCCCTGAGCAGGCTA-1,ATCCCTGAGCAGGCTA-1
hoa2,hoa2_ATCCTATGTTACCCTC-1,ATCCTATGTTACCCTC-1
hoa2,hoa2_ATCGATGGTTCACGAT-1,ATCGATGGTTCACGAT-1
hoa2,hoa2_ATCGCCTGTCCTTAAG-1,ATCGCCTGTCCTTAAG-1
hoa2,hoa2_ATCGGATTCAACTGAC-1,ATCGGATTCAACTGAC-1
hoa2,hoa2_ATCGGCGGTCTTGTCC-1,ATCGGCGGTCTTGTCC-1
hoa2,hoa2_ATCGTCCAGAGTGACC-1,ATCGTCCAGAGTGACC-1
hoa2,hoa2_ATCGTCCAGCGCCTAC-1,ATCGTCCAGCGCCTAC-1
hoa2,hoa2_ATCGTGAAGGTCGAGT-1,ATCGTGAAGGTCGAGT-1
hoa2,hoa2_ATCGTGATCACTAGCA-1,ATCGTGATCACTAGCA-1
hoa2,hoa2_ATCGTGATCATTGTTC-1,ATCGTGATCATTGTTC-1
hoa2,hoa2_ATGAAAGCAGCGTACC-1,ATGAAAGCAGCGTACC-1
hoa2,hoa2_ATGACCAGTGTCTTGA-1,ATGACCAGTGTCTTGA-1
hoa2,hoa2_ATGAGGGGTAGAGCTG-1,ATGAGGGGTAGAGCTG-1
hoa2,hoa2_ATGAGTCAGTCACGCC-1,ATGAGTCAGTCACGCC-1
hoa2,hoa2_ATGAGTCTCCACAGCG-1,ATGAGTCTCCACAGCG-1
hoa2,hoa2_ATGATCGAGCGCACAA-1,ATGATCGAGCGCACAA-1
hoa2,hoa2_ATGATCGGTTGCAACT-1,ATGATCGGTTGCAACT-1
hoa2,hoa2_ATGCATGGTGACGCCT-1,ATGCATGGTGACGCCT-1
hoa2,hoa2_ATGCCTCCATTGCCTC-1,ATGCCTCCATTGCCTC-1
hoa2,hoa2_ATGCGATAGACTGTTC-1,ATGCGATAGACTGTTC-1
hoa2,hoa2_ATGCGATAGATTCGAA-1,ATGCGATAGATTCGAA-1
hoa2,hoa2_ATGGATCCATGGCACC-1,ATGGATCCATGGCACC-1
hoa2,hoa2_ATGGATCGTGGACTAG-1,ATGGATCGTGGACTAG-1
hoa2,hoa2_ATGGGAGGTTACACAC-1,ATGGGAGGTTACACAC-1
hoa2,hoa2_ATGGGAGTCGATACGT-1,ATGGGAGTCGATACGT-1
hoa2,hoa2_ATGGGTTAGACCAGCA-1,ATGGGTTAGACCAGCA-1
hoa2,hoa2_ATGGTTGAGATTACCC-1,ATGGTTGAGATTACCC-1
hoa2,hoa2_ATGGTTGAGTACCCTA-1,ATGGTTGAGTACCCTA-1
hoa2,hoa2_ATGGTTGGTGCTGATT-1,ATGGTTGGTGCTGATT-1
hoa2,hoa2_ATGGTTGGTGGACCAA-1,ATGGTTGGTGGACCAA-1
hoa2,hoa2_ATTACCTGTTCCATTT-1,ATTACCTGTTCCATTT-1
hoa2,hoa2_ATTCACTCAGAGCCCT-1,ATTCACTCAGAGCCCT-1
hoa2,hoa2_ATTCACTTCCCTCAAC-1,ATTCACTTCCCTCAAC-1
hoa2,hoa2_ATTCAGGTCGCCCAGA-1,ATTCAGGTCGCCCAGA-1
hoa2,hoa2_ATTCAGGTCGCTGCGA-1,ATTCAGGTCGCTGCGA-1
hoa2,hoa2_ATTCATCCAGGCTTGC-1,ATTCATCCAGGCTTGC-1
hoa2,hoa2_ATTCATCGTTAGAAGT-1,ATTCATCGTTAGAAGT-1
hoa2,hoa2_ATTCCATTCTTCACAT-1,ATTCCATTCTTCACAT-1
hoa2,hoa2_ATTCCCGGTAGTCCTA-1,ATTCCCGGTAGTCCTA-1
hoa2,hoa2_ATTCCTACATCGATAC-1,ATTCCTACATCGATAC-1
hoa2,hoa2_ATTCTACAGTTGCTCA-1,ATTCTACAGTTGCTCA-1
hoa2,hoa2_ATTCTACGTGAGAACC-1,ATTCTACGTGAGAACC-1
hoa2,hoa2_ATTCTTGAGAACAAGG-1,ATTCTTGAGAACAAGG-1
hoa2,hoa2_ATTCTTGAGGTAAACT-1,ATTCTTGAGGTAAACT-1
hoa2,hoa2_ATTCTTGGTCCAGTTA-1,ATTCTTGGTCCAGTTA-1
hoa2,hoa2_ATTCTTGTCTATACTC-1,ATTCTTGTCTATACTC-1
hoa2,hoa2_ATTGGGTTCGCTTTAT-1,ATTGGGTTCGCTTTAT-1
hoa2,hoa2_ATTTACCTCAAGGTGG-1,ATTTACCTCAAGGTGG-1
hoa2,hoa2_ATTTCACGTTATAGAG-1,ATTTCACGTTATAGAG-1
hoa2,hoa2_ATTTCACTCTGGACCG-1,ATTTCACTCTGGACCG-1
hoa2,hoa2_ATTTCTGCATGACTAC-1,ATTTCTGCATGACTAC-1
hoa2,hoa2_ATTTCTGTCTAGGCCG-1,ATTTCTGTCTAGGCCG-1
hoa2,hoa2_CAAAGAACACTTGAAC-1,CAAAGAACACTTGAAC-1
hoa2,hoa2_CAACAACAGCGTGAAC-1,CAACAACAGCGTGAAC-1
hoa2,hoa2_CAACAGTGTCGCTTGG-1,CAACAGTGTCGCTTGG-1
hoa2,hoa2_CAACAGTTCACTTATC-1,CAACAGTTCACTTATC-1
hoa2,hoa2_CAACAGTTCATGAGGG-1,CAACAGTTCATGAGGG-1
hoa2,hoa2_CAACCAACAACACACT-1,CAACCAACAACACACT-1
hoa2,hoa2_CAACCAACATCGGATT-1,CAACCAACATCGGATT-1
hoa2,hoa2_CAACCAAGTGCTCTCT-1,CAACCAAGTGCTCTCT-1
hoa2,hoa2_CAACCTCTCGCATAGT-1,CAACCTCTCGCATAGT-1
hoa2,hoa2_CAACGATTCTGTCCCA-1,CAACGATTCTGTCCCA-1
hoa2,hoa2_CAAGCTAAGCGGGTTA-1,CAAGCTAAGCGGGTTA-1
hoa2,hoa2_CAAGCTATCGAAGCAG-1,CAAGCTATCGAAGCAG-1
hoa2,hoa2_CAAGGGAAGCACTGGA-1,CAAGGGAAGCACTGGA-1
hoa2,hoa2_CAAGGGACACGATTCA-1,CAAGGGACACGATTCA-1
hoa2,hoa2_CAAGGGAGTGTGCTTA-1,CAAGGGAGTGTGCTTA-1
hoa2,hoa2_CAATCGAAGGCTTTCA-1,CAATCGAAGGCTTTCA-1
hoa2,hoa2_CAATGACAGTCTCGTA-1,CAATGACAGTCTCGTA-1
hoa2,hoa2_CAATGACGTCTCAGAT-1,CAATGACGTCTCAGAT-1
hoa2,hoa2_CAATGACGTTTGTTCT-1,CAATGACGTTTGTTCT-1
hoa2,hoa2_CAATTTCAGTAATCCC-1,CAATTTCAGTAATCCC-1
hoa2,hoa2_CACAGGCAGCCGTTAT-1,CACAGGCAGCCGTTAT-1
hoa2,hoa2_CACAGGCTCATACGGT-1,CACAGGCTCATACGGT-1
hoa2,hoa2_CACAGGCTCTACAGGT-1,CACAGGCTCTACAGGT-1
hoa2,hoa2_CACCAAACATCCGGCA-1,CACCAAACATCCGGCA-1
hoa2,hoa2_CACGAATAGCCTAACT-1,CACGAATAGCCTAACT-1
hoa2,hoa2_CACGAATGTATCCTTT-1,CACGAATGTATCCTTT-1
hoa2,hoa2_CACGGGTGTGTTCATG-1,CACGGGTGTGTTCATG-1
hoa2,hoa2_CACGTGGTCAAAGAAC-1,CACGTGGTCAAAGAAC-1
hoa2,hoa2_CACGTTCCACCTCAGG-1,CACGTTCCACCTCAGG-1
hoa2,hoa2_CACGTTCCAGGGTCTC-1,CACGTTCCAGGGTCTC-1
hoa2,hoa2_CACTAAGAGGTAAACT-1,CACTAAGAGGTAAACT-1
hoa2,hoa2_CACTGAAAGTACTGGG-1,CACTGAAAGTACTGGG-1
hoa2,hoa2_CACTGAAGTCTGATAC-1,CACTGAAGTCTGATAC-1
hoa2,hoa2_CACTGAAGTTAGTTCG-1,CACTGAAGTTAGTTCG-1
hoa2,hoa2_CACTGTCAGCATGCGA-1,CACTGTCAGCATGCGA-1
hoa2,hoa2_CACTGTCCAGACCTGC-1,CACTGTCCAGACCTGC-1
hoa2,hoa2_CACTTCGCATTGTCGA-1,CACTTCGCATTGTCGA-1
hoa2,hoa2_CACTTCGTCGATAACC-1,CACTTCGTCGATAACC-1
hoa2,hoa2_CAGATACTCTATCGTT-1,CAGATACTCTATCGTT-1
hoa2,hoa2_CAGATTGAGCACTTTG-1,CAGATTGAGCACTTTG-1
hoa2,hoa2_CAGATTGGTAAGATTG-1,CAGATTGGTAAGATTG-1
hoa2,hoa2_CAGCAATTCCGATCGG-1,CAGCAATTCCGATCGG-1
hoa2,hoa2_CAGCACGCACATAACC-1,CAGCACGCACATAACC-1
hoa2,hoa2_CAGCAGCAGATGAACT-1,CAGCAGCAGATGAACT-1
hoa2,hoa2_CAGCAGCTCTTCCAGC-1,CAGCAGCTCTTCCAGC-1
hoa2,hoa2_CAGCCAGAGATCACTC-1,CAGCCAGAGATCACTC-1
hoa2,hoa2_CAGCGTGTCGTTCAGA-1,CAGCGTGTCGTTCAGA-1
hoa2,hoa2_CAGGGCTAGCTAGAAT-1,CAGGGCTAGCTAGAAT-1
hoa2,hoa2_CAGGGCTTCACTCACC-1,CAGGGCTTCACTCACC-1
hoa2,hoa2_CAGGTATGTAGCCAGA-1,CAGGTATGTAGCCAGA-1
hoa2,hoa2_CAGTTAGAGTAAGAGG-1,CAGTTAGAGTAAGAGG-1
hoa2,hoa2_CAGTTAGCATTGACAC-1,CAGTTAGCATTGACAC-1
hoa2,hoa2_CAGTTAGGTTAGCTAC-1,CAGTTAGGTTAGCTAC-1
hoa2,hoa2_CAGTTAGTCCCATAGA-1,CAGTTAGTCCCATAGA-1
hoa2,hoa2_CAGTTCCGTGCGTGCT-1,CAGTTCCGTGCGTGCT-1
hoa2,hoa2_CAGTTCCTCGCCGTGA-1,CAGTTCCTCGCCGTGA-1
hoa2,hoa2_CATACAGCAAGGCAAC-1,CATACAGCAAGGCAAC-1
hoa2,hoa2_CATACAGGTCACTCTC-1,CATACAGGTCACTCTC-1
hoa2,hoa2_CATACAGTCCGGGACT-1,CATACAGTCCGGGACT-1
hoa2,hoa2_CATACTTTCTCAACGA-1,CATACTTTCTCAACGA-1
hoa2,hoa2_CATAGACTCAATCCAG-1,CATAGACTCAATCCAG-1
hoa2,hoa2_CATAGACTCGTACACA-1,CATAGACTCGTACACA-1
hoa2,hoa2_CATCAAGCACAGAGCA-1,CATCAAGCACAGAGCA-1
hoa2,hoa2_CATCCACTCATAGCAC-1,CATCCACTCATAGCAC-1
hoa2,hoa2_CATCCCAAGCCTAACT-1,CATCCCAAGCCTAACT-1
hoa2,hoa2_CATCCCATCCATGAGT-1,CATCCCATCCATGAGT-1
hoa2,hoa2_CATCCGTAGCTCTATG-1,CATCCGTAGCTCTATG-1
hoa2,hoa2_CATCGCTGTTCGGGTC-1,CATCGCTGTTCGGGTC-1
hoa2,hoa2_CATCGGGGTAGCCCTG-1,CATCGGGGTAGCCCTG-1
hoa2,hoa2_CATCGTCAGACTTAAG-1,CATCGTCAGACTTAAG-1
hoa2,hoa2_CATGAGTAGCTGGTGA-1,CATGAGTAGCTGGTGA-1
hoa2,hoa2_CATGCGGTCTTCTAAC-1,CATGCGGTCTTCTAAC-1
hoa2,hoa2_CATGCTCAGGTTCACT-1,CATGCTCAGGTTCACT-1
hoa2,hoa2_CATGCTCCAAAGACTA-1,CATGCTCCAAAGACTA-1
hoa2,hoa2_CATGCTCTCCCTTGTG-1,CATGCTCTCCCTTGTG-1
hoa2,hoa2_CATGGATAGTCTTGGT-1,CATGGATAGTCTTGGT-1
hoa2,hoa2_CATGGATGTAGGTAGC-1,CATGGATGTAGGTAGC-1
hoa2,hoa2_CATGGTAAGCGTGAGT-1,CATGGTAAGCGTGAGT-1
hoa2,hoa2_CATTCATTCAACGTGT-1,CATTCATTCAACGTGT-1
hoa2,hoa2_CATTCCGGTGAATAAC-1,CATTCCGGTGAATAAC-1
hoa2,hoa2_CATTCTATCGAAACAA-1,CATTCTATCGAAACAA-1
hoa2,hoa2_CATTCTATCGGTAAGG-1,CATTCTATCGGTAAGG-1
hoa2,hoa2_CATTGAGGTAGGGTAC-1,CATTGAGGTAGGGTAC-1
hoa2,hoa2_CATTGCCCACACGTGC-1,CATTGCCCACACGTGC-1
hoa2,hoa2_CATTTCACATGTCGTA-1,CATTTCACATGTCGTA-1
hoa2,hoa2_CCAAGCGTCCAACCGG-1,CCAAGCGTCCAACCGG-1
hoa2,hoa2_CCAATGATCAAACGAA-1,CCAATGATCAAACGAA-1
hoa2,hoa2_CCAATGATCCTCCACA-1,CCAATGATCCTCCACA-1
hoa2,hoa2_CCACAAAAGTTAACGA-1,CCACAAAAGTTAACGA-1
hoa2,hoa2_CCACACTTCTTCTGTA-1,CCACACTTCTTCTGTA-1
hoa2,hoa2_CCACGAGCAAAGGTTA-1,CCACGAGCAAAGGTTA-1
hoa2,hoa2_CCACGTTGTCATCAGT-1,CCACGTTGTCATCAGT-1
hoa2,hoa2_CCACGTTGTTCAGCTA-1,CCACGTTGTTCAGCTA-1
hoa2,hoa2_CCACGTTTCCGTAGGC-1,CCACGTTTCCGTAGGC-1
hoa2,hoa2_CCACTTGTCCCAGTGG-1,CCACTTGTCCCAGTGG-1
hoa2,hoa2_CCATAAGCACCAACAT-1,CCATAAGCACCAACAT-1
hoa2,hoa2_CCATCACAGTGGAAAG-1,CCATCACAGTGGAAAG-1
hoa2,hoa2_CCCAACTAGTCCGCGT-1,CCCAACTAGTCCGCGT-1
hoa2,hoa2_CCCGAAGCACCAGCCA-1,CCCGAAGCACCAGCCA-1
hoa2,hoa2_CCCTAACAGGCTCTCG-1,CCCTAACAGGCTCTCG-1
hoa2,hoa2_CCCTCTCCAAGTAGTA-1,CCCTCTCCAAGTAGTA-1
hoa2,hoa2_CCCTCTCCAGCTACAT-1,CCCTCTCCAGCTACAT-1
hoa2,hoa2_CCCTTAGAGCACTAAA-1,CCCTTAGAGCACTAAA-1
hoa2,hoa2_CCGAACGCAGATACCT-1,CCGAACGCAGATACCT-1
hoa2,hoa2_CCGATCTCAATCACGT-1,CCGATCTCAATCACGT-1
hoa2,hoa2_CCGCAAGCACCTGCTT-1,CCGCAAGCACCTGCTT-1
hoa2,hoa2_CCGCAAGGTGTCGATT-1,CCGCAAGGTGTCGATT-1
hoa2,hoa2_CCGGACACAGGACAGT-1,CCGGACACAGGACAGT-1
hoa2,hoa2_CCGGACATCAATCTCT-1,CCGGACATCAATCTCT-1
hoa2,hoa2_CCGGACATCGTAACTG-1,CCGGACATCGTAACTG-1
hoa2,hoa2_CCGGGTAAGAGTCTTC-1,CCGGGTAAGAGTCTTC-1
hoa2,hoa2_CCGGGTAGTGGTTCTA-1,CCGGGTAGTGGTTCTA-1
hoa2,hoa2_CCGGTAGGTGTCACAT-1,CCGGTAGGTGTCACAT-1
hoa2,hoa2_CCGGTGACAGCTGTTA-1,CCGGTGACAGCTGTTA-1
hoa2,hoa2_CCGGTGACAGGTTCGC-1,CCGGTGACAGGTTCGC-1
hoa2,hoa2_CCGGTGATCGCCTTGT-1,CCGGTGATCGCCTTGT-1
hoa2,hoa2_CCGGTGATCGGCACTG-1,CCGGTGATCGGCACTG-1
hoa2,hoa2_CCGTAGGTCGTTCGCT-1,CCGTAGGTCGTTCGCT-1
hoa2,hoa2_CCTACGTAGACGAGCT-1,CCTACGTAGACGAGCT-1
hoa2,hoa2_CCTACGTAGCGTTAGG-1,CCTACGTAGCGTTAGG-1
hoa2,hoa2_CCTCACAAGGCACAAC-1,CCTCACAAGGCACAAC-1
hoa2,hoa2_CCTCACATCTGAGATC-1,CCTCACATCTGAGATC-1
hoa2,hoa2_CCTCATGGTAGCACGA-1,CCTCATGGTAGCACGA-1
hoa2,hoa2_CCTCATGGTATCGGTT-1,CCTCATGGTATCGGTT-1
hoa2,hoa2_CCTCCAACAGACGCTC-1,CCTCCAACAGACGCTC-1
hoa2,hoa2_CCTCCAATCTTGTGCC-1,CCTCCAATCTTGTGCC-1
hoa2,hoa2_CCTCTCCAGCGGATCA-1,CCTCTCCAGCGGATCA-1
hoa2,hoa2_CCTCTCCGTACGAGTG-1,CCTCTCCGTACGAGTG-1
hoa2,hoa2_CCTCTCCTCGGAAGGT-1,CCTCTCCTCGGAAGGT-1
hoa2,hoa2_CCTGCATGTCCAGGTC-1,CCTGCATGTCCAGGTC-1
hoa2,hoa2_CCTTCAGCATTCGGGC-1,CCTTCAGCATTCGGGC-1
hoa2,hoa2_CCTTGTGAGATTGGGC-1,CCTTGTGAGATTGGGC-1
hoa2,hoa2_CCTTTGGCAACGGCTC-1,CCTTTGGCAACGGCTC-1
hoa2,hoa2_CGAATTGCAAGGTCGA-1,CGAATTGCAAGGTCGA-1
hoa2,hoa2_CGAATTGCAGTCAGCC-1,CGAATTGCAGTCAGCC-1
hoa2,hoa2_CGACAGCCATACACCA-1,CGACAGCCATACACCA-1
hoa2,hoa2_CGAGAAGGTCATGCAT-1,CGAGAAGGTCATGCAT-1
hoa2,hoa2_CGAGAAGTCCTCTCTT-1,CGAGAAGTCCTCTCTT-1
hoa2,hoa2_CGAGGCTAGCCTGTGC-1,CGAGGCTAGCCTGTGC-1
hoa2,hoa2_CGAGGCTTCCTGTAAG-1,CGAGGCTTCCTGTAAG-1
hoa2,hoa2_CGATGCGGTTTACACG-1,CGATGCGGTTTACACG-1
hoa2,hoa2_CGATGGCAGCCATTTG-1,CGATGGCAGCCATTTG-1
hoa2,hoa2_CGATGGCTCGTTGTGA-1,CGATGGCTCGTTGTGA-1
hoa2,hoa2_CGCAGGTGTATCCTTT-1,CGCAGGTGTATCCTTT-1
hoa2,hoa2_CGCAGGTTCAAGTTGC-1,CGCAGGTTCAAGTTGC-1
hoa2,hoa2_CGCATAACACTCAAGT-1,CGCATAACACTCAAGT-1
hoa2,hoa2_CGGAACCGTTGGAGAC-1,CGGAACCGTTGGAGAC-1
hoa2,hoa2_CGGACACGTCAGGCAA-1,CGGACACGTCAGGCAA-1
hoa2,hoa2_CGGCAGTGTCGTGGTC-1,CGGCAGTGTCGTGGTC-1
hoa2,hoa2_CGGGACTAGGCCACCT-1,CGGGACTAGGCCACCT-1
hoa2,hoa2_CGGGCATTCAATCGGT-1,CGGGCATTCAATCGGT-1
hoa2,hoa2_CGGGTCACAATCGCCG-1,CGGGTCACAATCGCCG-1
hoa2,hoa2_CGGGTGTAGCCTGAGA-1,CGGGTGTAGCCTGAGA-1
hoa2,hoa2_CGGGTGTGTAGTCGTT-1,CGGGTGTGTAGTCGTT-1
hoa2,hoa2_CGGTCAGAGAGAGAAC-1,CGGTCAGAGAGAGAAC-1
hoa2,hoa2_CGTAAGTGTGTGAATA-1,CGTAAGTGTGTGAATA-1
hoa2,hoa2_CGTAATGCAAATCGTC-1,CGTAATGCAAATCGTC-1
hoa2,hoa2_CGTCAAAAGCGCAATG-1,CGTCAAAAGCGCAATG-1
hoa2,hoa2_CGTCAAATCTTCCCGA-1,CGTCAAATCTTCCCGA-1
hoa2,hoa2_CGTGAATCAATTGCCA-1,CGTGAATCAATTGCCA-1
hoa2,hoa2_CGTGATATCACTGTTT-1,CGTGATATCACTGTTT-1
hoa2,hoa2_CGTGATATCTAAGCCA-1,CGTGATATCTAAGCCA-1
hoa2,hoa2_CGTGCTTCAACCACAT-1,CGTGCTTCAACCACAT-1
hoa2,hoa2_CGTGCTTTCAATCAGC-1,CGTGCTTTCAATCAGC-1
hoa2,hoa2_CGTTCTGGTGGTCTTA-1,CGTTCTGGTGGTCTTA-1
hoa2,hoa2_CGTTCTGTCAACCGAT-1,CGTTCTGTCAACCGAT-1
hoa2,hoa2_CGTTCTGTCAATCTTC-1,CGTTCTGTCAATCTTC-1
hoa2,hoa2_CGTTGGGCACGATAGG-1,CGTTGGGCACGATAGG-1
hoa2,hoa2_CGTTGGGTCGCCGTGA-1,CGTTGGGTCGCCGTGA-1
hoa2,hoa2_CTAACTTTCTCGCCTA-1,CTAACTTTCTCGCCTA-1
hoa2,hoa2_CTACAGAGTGCCTGAC-1,CTACAGAGTGCCTGAC-1
hoa2,hoa2_CTACATTGTTAAGAAC-1,CTACATTGTTAAGAAC-1
hoa2,hoa2_CTACCCAAGACGCATG-1,CTACCCAAGACGCATG-1
hoa2,hoa2_CTACCCACAAACTGCT-1,CTACCCACAAACTGCT-1
hoa2,hoa2_CTACCCATCCATCAGA-1,CTACCCATCCATCAGA-1
hoa2,hoa2_CTACCTGGTGAGATTA-1,CTACCTGGTGAGATTA-1
hoa2,hoa2_CTACGGGCAGTGACCC-1,CTACGGGCAGTGACCC-1
hoa2,hoa2_CTACGGGTCAACCTCC-1,CTACGGGTCAACCTCC-1
hoa2,hoa2_CTACGGGTCCGAAGGA-1,CTACGGGTCCGAAGGA-1
hoa2,hoa2_CTACTATCACTTTATC-1,CTACTATCACTTTATC-1
hoa2,hoa2_CTACTATGTCTTGAGT-1,CTACTATGTCTTGAGT-1
hoa2,hoa2_CTAGACAAGAATTTGG-1,CTAGACAAGAATTTGG-1
hoa2,hoa2_CTAGACAAGTTTCTTC-1,CTAGACAAGTTTCTTC-1
hoa2,hoa2_CTAGACATCGCCAATA-1,CTAGACATCGCCAATA-1
hoa2,hoa2_CTAGGTAAGAAACTCA-1,CTAGGTAAGAAACTCA-1
hoa2,hoa2_CTAGGTAAGGTACAAT-1,CTAGGTAAGGTACAAT-1
hoa2,hoa2_CTATCTAGTAGTCCTA-1,CTATCTAGTAGTCCTA-1
hoa2,hoa2_CTCAACCGTCTTGAGT-1,CTCAACCGTCTTGAGT-1
hoa2,hoa2_CTCAACCGTTGCATTG-1,CTCAACCGTTGCATTG-1
hoa2,hoa2_CTCAACCGTTTATGCG-1,CTCAACCGTTTATGCG-1
hoa2,hoa2_CTCAATTCACATATGC-1,CTCAATTCACATATGC-1
hoa2,hoa2_CTCAATTGTCAAAGTA-1,CTCAATTGTCAAAGTA-1
hoa2,hoa2_CTCAATTGTGGTTTAC-1,CTCAATTGTGGTTTAC-1
hoa2,hoa2_CTCAATTGTTACCGTA-1,CTCAATTGTTACCGTA-1
hoa2,hoa2_CTCACTGGTATGTCTG-1,CTCACTGGTATGTCTG-1
hoa2,hoa2_CTCACTGGTCACTCAA-1,CTCACTGGTCACTCAA-1
hoa2,hoa2_CTCACTGTCCAGCTCT-1,CTCACTGTCCAGCTCT-1
hoa2,hoa2_CTCACTGTCGAGGCAA-1,CTCACTGTCGAGGCAA-1
hoa2,hoa2_CTCAGAAAGCGCTTCG-1,CTCAGAAAGCGCTTCG-1
hoa2,hoa2_CTCAGAACAGAAGCTG-1,CTCAGAACAGAAGCTG-1
hoa2,hoa2_CTCAGAACAGGCGTTC-1,CTCAGAACAGGCGTTC-1
hoa2,hoa2_CTCAGAAGTCACGACC-1,CTCAGAAGTCACGACC-1
hoa2,hoa2_CTCAGGGTCTCCGAAA-1,CTCAGGGTCTCCGAAA-1
hoa2,hoa2_CTCCAACGTTAAGTCC-1,CTCCAACGTTAAGTCC-1
hoa2,hoa2_CTCCAACGTTCTATCT-1,CTCCAACGTTCTATCT-1
hoa2,hoa2_CTCCACACAGTCTCTC-1,CTCCACACAGTCTCTC-1
hoa2,hoa2_CTCCCAAGTAACTTCG-1,CTCCCAAGTAACTTCG-1
hoa2,hoa2_CTCCCTCGTTATTCTC-1,CTCCCTCGTTATTCTC-1
hoa2,hoa2_CTCCGATTCAACCTCC-1,CTCCGATTCAACCTCC-1
hoa2,hoa2_CTCCTCCCAGGCTACC-1,CTCCTCCCAGGCTACC-1
hoa2,hoa2_CTCCTTTAGGTCATCT-1,CTCCTTTAGGTCATCT-1
hoa2,hoa2_CTCCTTTGTGCCCTTT-1,CTCCTTTGTGCCCTTT-1
hoa2,hoa2_CTCGAGGCAAAGACTA-1,CTCGAGGCAAAGACTA-1
hoa2,hoa2_CTCGAGGCAAGTTGGG-1,CTCGAGGCAAGTTGGG-1
hoa2,hoa2_CTCGAGGTCAAGCTTG-1,CTCGAGGTCAAGCTTG-1
hoa2,hoa2_CTCTCAGCATCAGCGC-1,CTCTCAGCATCAGCGC-1
hoa2,hoa2_CTCTCAGGTCGTATGT-1,CTCTCAGGTCGTATGT-1
hoa2,hoa2_CTCTCGAGTGGCGCTT-1,CTCTCGAGTGGCGCTT-1
hoa2,hoa2_CTCTGGTCAGGTCCCA-1,CTCTGGTCAGGTCCCA-1
hoa2,hoa2_CTGAATGCAGACATCT-1,CTGAATGCAGACATCT-1
hoa2,hoa2_CTGAGCGCATCGCCTT-1,CTGAGCGCATCGCCTT-1
hoa2,hoa2_CTGAGCGGTCGGATTT-1,CTGAGCGGTCGGATTT-1
hoa2,hoa2_CTGAGGCTCCTGTACC-1,CTGAGGCTCCTGTACC-1
hoa2,hoa2_CTGCAGGCAAGGATGC-1,CTGCAGGCAAGGATGC-1
hoa2,hoa2_CTGCAGGTCAGCGGAA-1,CTGCAGGTCAGCGGAA-1
hoa2,hoa2_CTGCATCTCTGTGTGA-1,CTGCATCTCTGTGTGA-1
hoa2,hoa2_CTGCCATAGTAACCTC-1,CTGCCATAGTAACCTC-1
hoa2,hoa2_CTGCCATAGTCACTAC-1,CTGCCATAGTCACTAC-1
hoa2,hoa2_CTGCCTACAGCATACT-1,CTGCCTACAGCATACT-1
hoa2,hoa2_CTGCCTAGTTCTAAGC-1,CTGCCTAGTTCTAAGC-1
hoa2,hoa2_CTGCGAGGTCATGACT-1,CTGCGAGGTCATGACT-1
hoa2,hoa2_CTGCGAGGTGCACAAG-1,CTGCGAGGTGCACAAG-1
hoa2,hoa2_CTGCTCAAGGTTAAAC-1,CTGCTCAAGGTTAAAC-1
hoa2,hoa2_CTGCTCATCTGTCCCA-1,CTGCTCATCTGTCCCA-1
hoa2,hoa2_CTGGACGCAGGTCAAG-1,CTGGACGCAGGTCAAG-1
hoa2,hoa2_CTGGACGCAGTAGATA-1,CTGGACGCAGTAGATA-1
hoa2,hoa2_CTGGACGTCGTTCAGA-1,CTGGACGTCGTTCAGA-1
hoa2,hoa2_CTGGCAGGTCAATCTG-1,CTGGCAGGTCAATCTG-1
hoa2,hoa2_CTGGCAGTCTGTGCTC-1,CTGGCAGTCTGTGCTC-1
hoa2,hoa2_CTGGTCTGTACAACGG-1,CTGGTCTGTACAACGG-1
hoa2,hoa2_CTGTAGAAGGGCTTCC-1,CTGTAGAAGGGCTTCC-1
hoa2,hoa2_CTGTCGTGTACGACAG-1,CTGTCGTGTACGACAG-1
hoa2,hoa2_CTGTCGTTCTGCGAGC-1,CTGTCGTTCTGCGAGC-1
hoa2,hoa2_CTGTGAACATGAGGGT-1,CTGTGAACATGAGGGT-1
hoa2,hoa2_CTGTGAACATTCTCTA-1,CTGTGAACATTCTCTA-1
hoa2,hoa2_CTTACCGCAACGATTC-1,CTTACCGCAACGATTC-1
hoa2,hoa2_CTTACCGCACAGTATC-1,CTTACCGCACAGTATC-1
hoa2,hoa2_CTTACCGTCCCTTGTG-1,CTTACCGTCCCTTGTG-1
hoa2,hoa2_CTTAGGAAGAGCGACT-1,CTTAGGAAGAGCGACT-1
hoa2,hoa2_CTTAGGACAGAGAATT-1,CTTAGGACAGAGAATT-1
hoa2,hoa2_CTTCCGATCACAACCA-1,CTTCCGATCACAACCA-1
hoa2,hoa2_CTTCGGTAGCGTGAGT-1,CTTCGGTAGCGTGAGT-1
hoa2,hoa2_CTTCGGTCAAGAAACT-1,CTTCGGTCAAGAAACT-1
hoa2,hoa2_CTTCTAAAGCCGTTGC-1,CTTCTAAAGCCGTTGC-1
hoa2,hoa2_CTTCTAAGTAAGACCG-1,CTTCTAAGTAAGACCG-1
hoa2,hoa2_CTTCTAAGTTCTTAGG-1,CTTCTAAGTTCTTAGG-1
hoa2,hoa2_CTTTCGGCAATTGCGT-1,CTTTCGGCAATTGCGT-1
hoa2,hoa2_CTTTCGGTCTAGGCCG-1,CTTTCGGTCTAGGCCG-1
hoa2,hoa2_CTTTCGGTCTCATTAC-1,CTTTCGGTCTCATTAC-1
hoa2,hoa2_GAAACCTGTGGAACCA-1,GAAACCTGTGGAACCA-1
hoa2,hoa2_GAACGTTGTAATCAGA-1,GAACGTTGTAATCAGA-1
hoa2,hoa2_GAAGAATCAACGGCTC-1,GAAGAATCAACGGCTC-1
hoa2,hoa2_GAAGAATCACGTAGTT-1,GAAGAATCACGTAGTT-1
hoa2,hoa2_GAAGCCCGTGGAGAAA-1,GAAGCCCGTGGAGAAA-1
hoa2,hoa2_GAAGGACCAGTAGAAT-1,GAAGGACCAGTAGAAT-1
hoa2,hoa2_GAAGGACTCTGGGCCA-1,GAAGGACTCTGGGCCA-1
hoa2,hoa2_GAAGGGTTCGGCACTG-1,GAAGGGTTCGGCACTG-1
hoa2,hoa2_GAATCACGTTTCGATG-1,GAATCACGTTTCGATG-1
hoa2,hoa2_GAATCGTGTCGGCCTA-1,GAATCGTGTCGGCCTA-1
hoa2,hoa2_GAATCGTTCAGTGATC-1,GAATCGTTCAGTGATC-1
hoa2,hoa2_GACACGCCATTACTCT-1,GACACGCCATTACTCT-1
hoa2,hoa2_GACATCACATCTCGTC-1,GACATCACATCTCGTC-1
hoa2,hoa2_GACATCAGTAATTAGG-1,GACATCAGTAATTAGG-1
hoa2,hoa2_GACCAATAGCGATGAC-1,GACCAATAGCGATGAC-1
hoa2,hoa2_GACCAATGTCCGGTCA-1,GACCAATGTCCGGTCA-1
hoa2,hoa2_GACCCAGGTGTTTACG-1,GACCCAGGTGTTTACG-1
hoa2,hoa2_GACCCAGGTTCCACAA-1,GACCCAGGTTCCACAA-1
hoa2,hoa2_GACCCTTAGAGTCTTC-1,GACCCTTAGAGTCTTC-1
hoa2,hoa2_GACCGTGCAACCGACC-1,GACCGTGCAACCGACC-1
hoa2,hoa2_GACGTTAGTCGCATTA-1,GACGTTAGTCGCATTA-1
hoa2,hoa2_GACTCAAGTAATACCC-1,GACTCAAGTAATACCC-1
hoa2,hoa2_GACTCTCAGGTTACAA-1,GACTCTCAGGTTACAA-1
hoa2,hoa2_GACTCTCCACTGCACG-1,GACTCTCCACTGCACG-1
hoa2,hoa2_GACTCTCTCTCACCCA-1,GACTCTCTCTCACCCA-1
hoa2,hoa2_GACTTCCTCTACTGCC-1,GACTTCCTCTACTGCC-1
hoa2,hoa2_GACTTCCTCTGAGGCC-1,GACTTCCTCTGAGGCC-1
hoa2,hoa2_GAGAAATAGAGGTTTA-1,GAGAAATAGAGGTTTA-1
hoa2,hoa2_GAGAAATCAACTGGTT-1,GAGAAATCAACTGGTT-1
hoa2,hoa2_GAGACCCAGAAGGTAG-1,GAGACCCAGAAGGTAG-1
hoa2,hoa2_GAGACCCAGAGAAGGT-1,GAGACCCAGAGAAGGT-1
hoa2,hoa2_GAGACCCAGGGACCAT-1,GAGACCCAGGGACCAT-1
hoa2,hoa2_GAGACCCGTTACAGCT-1,GAGACCCGTTACAGCT-1
hoa2,hoa2_GAGAGGTGTACCGCGT-1,GAGAGGTGTACCGCGT-1
hoa2,hoa2_GAGAGGTGTGGTCTTA-1,GAGAGGTGTGGTCTTA-1
hoa2,hoa2_GAGCCTGCACAAATAG-1,GAGCCTGCACAAATAG-1
hoa2,hoa2_GAGCTGCCAAGTGTCT-1,GAGCTGCCAAGTGTCT-1
hoa2,hoa2_GAGCTGCTCGCAATGT-1,GAGCTGCTCGCAATGT-1
hoa2,hoa2_GAGGCCTCACGACAGA-1,GAGGCCTCACGACAGA-1
hoa2,hoa2_GAGGCCTCAGCGACAA-1,GAGGCCTCAGCGACAA-1
hoa2,hoa2_GAGGCCTGTTGGTACT-1,GAGGCCTGTTGGTACT-1
hoa2,hoa2_GAGGGTACACAGCATT-1,GAGGGTACACAGCATT-1
hoa2,hoa2_GAGGGTAGTTTGCCGG-1,GAGGGTAGTTTGCCGG-1
hoa2,hoa2_GAGTCTACACCGGAAA-1,GAGTCTACACCGGAAA-1
hoa2,hoa2_GAGTCTAGTGTCACAT-1,GAGTCTAGTGTCACAT-1
hoa2,hoa2_GAGTGAGCACGACTAT-1,GAGTGAGCACGACTAT-1
hoa2,hoa2_GAGTGAGGTAGTATAG-1,GAGTGAGGTAGTATAG-1
hoa2,hoa2_GAGTGTTAGATTTGCC-1,GAGTGTTAGATTTGCC-1
hoa2,hoa2_GAGTGTTGTGCTAGCC-1,GAGTGTTGTGCTAGCC-1
hoa2,hoa2_GAGTTACGTCTGTGAT-1,GAGTTACGTCTGTGAT-1
hoa2,hoa2_GAGTTACGTGTTTGCA-1,GAGTTACGTGTTTGCA-1
hoa2,hoa2_GAGTTGTCAATGTCAC-1,GAGTTGTCAATGTCAC-1
hoa2,hoa2_GAGTTTGGTATGAGCG-1,GAGTTTGGTATGAGCG-1
hoa2,hoa2_GATAGCTTCGTCTAAG-1,GATAGCTTCGTCTAAG-1
hoa2,hoa2_GATAGCTTCTATCGCC-1,GATAGCTTCTATCGCC-1
hoa2,hoa2_GATCACAGTTCACCGG-1,GATCACAGTTCACCGG-1
hoa2,hoa2_GATCGTAAGCGATGCA-1,GATCGTAAGCGATGCA-1
hoa2,hoa2_GATGAGGCATGGGATG-1,GATGAGGCATGGGATG-1
hoa2,hoa2_GATGATCCAGAGATGC-1,GATGATCCAGAGATGC-1
hoa2,hoa2_GATGCTAAGCCTATTG-1,GATGCTAAGCCTATTG-1
hoa2,hoa2_GATGCTACAAATAGCA-1,GATGCTACAAATAGCA-1
hoa2,hoa2_GATGGAGAGTATTAGG-1,GATGGAGAGTATTAGG-1
hoa2,hoa2_GATGGAGCAAGTGGAC-1,GATGGAGCAAGTGGAC-1
hoa2,hoa2_GATGGAGGTACATACC-1,GATGGAGGTACATACC-1
hoa2,hoa2_GATGGAGTCTATGCCC-1,GATGGAGTCTATGCCC-1
hoa2,hoa2_GATGTTGCATCAGCTA-1,GATGTTGCATCAGCTA-1
hoa2,hoa2_GATGTTGTCCTTGACC-1,GATGTTGTCCTTGACC-1
hoa2,hoa2_GATGTTGTCGAACTCA-1,GATGTTGTCGAACTCA-1
hoa2,hoa2_GCAACATAGAGCTTTC-1,GCAACATAGAGCTTTC-1
hoa2,hoa2_GCAACCGAGATGCGAC-1,GCAACCGAGATGCGAC-1
hoa2,hoa2_GCAACCGTCATTTGGG-1,GCAACCGTCATTTGGG-1
hoa2,hoa2_GCACGTGAGATCGACG-1,GCACGTGAGATCGACG-1
hoa2,hoa2_GCACTAAGTACTAACC-1,GCACTAAGTACTAACC-1
hoa2,hoa2_GCACTAATCGCCGATG-1,GCACTAATCGCCGATG-1
hoa2,hoa2_GCAGCCAAGAAGTCTA-1,GCAGCCAAGAAGTCTA-1
hoa2,hoa2_GCAGCCAAGCTAGTTC-1,GCAGCCAAGCTAGTTC-1
hoa2,hoa2_GCAGCCAAGTTCACTG-1,GCAGCCAAGTTCACTG-1
hoa2,hoa2_GCAGGCTTCACTCTTA-1,GCAGGCTTCACTCTTA-1
hoa2,hoa2_GCAGTTATCACTGAAC-1,GCAGTTATCACTGAAC-1
hoa2,hoa2_GCATCTCAGATAGCAT-1,GCATCTCAGATAGCAT-1
hoa2,hoa2_GCATTAGTCCTACGGG-1,GCATTAGTCCTACGGG-1
hoa2,hoa2_GCCAACGCATTGCTTT-1,GCCAACGCATTGCTTT-1
hoa2,hoa2_GCCAGCAAGTTCGCAT-1,GCCAGCAAGTTCGCAT-1
hoa2,hoa2_GCCAGCAGTTCGTGCG-1,GCCAGCAGTTCGTGCG-1
hoa2,hoa2_GCCAGGTTCTAGGCCG-1,GCCAGGTTCTAGGCCG-1
hoa2,hoa2_GCCAGTGGTTTCGGCG-1,GCCAGTGGTTTCGGCG-1
hoa2,hoa2_GCCATGGGTGGTCAAG-1,GCCATGGGTGGTCAAG-1
hoa2,hoa2_GCCATTCGTACGGCAA-1,GCCATTCGTACGGCAA-1
hoa2,hoa2_GCCATTCGTATCAGCT-1,GCCATTCGTATCAGCT-1
hoa2,hoa2_GCCATTCGTCTGTGAT-1,GCCATTCGTCTGTGAT-1
hoa2,hoa2_GCCATTCTCGCTTGCT-1,GCCATTCTCGCTTGCT-1
hoa2,hoa2_GCCCGAACAAGTGGCA-1,GCCCGAACAAGTGGCA-1
hoa2,hoa2_GCCGATGCATGTCTAG-1,GCCGATGCATGTCTAG-1
hoa2,hoa2_GCCGATGTCGTCACCT-1,GCCGATGTCGTCACCT-1
hoa2,hoa2_GCCGTGAGTCCATAGT-1,GCCGTGAGTCCATAGT-1
hoa2,hoa2_GCCTGTTCATCTCAAG-1,GCCTGTTCATCTCAAG-1
hoa2,hoa2_GCCTGTTGTTCCACGG-1,GCCTGTTGTTCCACGG-1
hoa2,hoa2_GCCTGTTTCTTTCCGG-1,GCCTGTTTCTTTCCGG-1
hoa2,hoa2_GCGAGAAAGCTGACCC-1,GCGAGAAAGCTGACCC-1
hoa2,hoa2_GCGGAAATCGGCACTG-1,GCGGAAATCGGCACTG-1
hoa2,hoa2_GCGGATCTCTTACGTT-1,GCGGATCTCTTACGTT-1
hoa2,hoa2_GCGTGCAAGGAATCGC-1,GCGTGCAAGGAATCGC-1
hoa2,hoa2_GCGTGCACACAGTGAG-1,GCGTGCACACAGTGAG-1
hoa2,hoa2_GCGTTTCAGTTTCGGT-1,GCGTTTCAGTTTCGGT-1
hoa2,hoa2_GCTACAATCGCGCCAA-1,GCTACAATCGCGCCAA-1
hoa2,hoa2_GCTGAATAGGTCCTGC-1,GCTGAATAGGTCCTGC-1
hoa2,hoa2_GCTGAATGTGAAGCGT-1,GCTGAATGTGAAGCGT-1
hoa2,hoa2_GCTGAATGTTTACCTT-1,GCTGAATGTTTACCTT-1
hoa2,hoa2_GCTTTCGCAGAAATTG-1,GCTTTCGCAGAAATTG-1
hoa2,hoa2_GCTTTCGTCAAACCTG-1,GCTTTCGTCAAACCTG-1
hoa2,hoa2_GCTTTCGTCGCTCATC-1,GCTTTCGTCGCTCATC-1
hoa2,hoa2_GGAACCCTCCCAGCGA-1,GGAACCCTCCCAGCGA-1
hoa2,hoa2_GGAACCCTCGTCACCT-1,GGAACCCTCGTCACCT-1
hoa2,hoa2_GGAAGTGCAGAAGTTA-1,GGAAGTGCAGAAGTTA-1
hoa2,hoa2_GGAATCTAGTGCAACG-1,GGAATCTAGTGCAACG-1
hoa2,hoa2_GGAATCTGTTCGGCCA-1,GGAATCTGTTCGGCCA-1
hoa2,hoa2_GGAATGGTCGTGGAAG-1,GGAATGGTCGTGGAAG-1
hoa2,hoa2_GGACGTCAGTCCTGCG-1,GGACGTCAGTCCTGCG-1
hoa2,hoa2_GGAGCAAAGTACTCGT-1,GGAGCAAAGTACTCGT-1
hoa2,hoa2_GGAGCAATCGTTATCT-1,GGAGCAATCGTTATCT-1
hoa2,hoa2_GGAGGATCAGGTCTCG-1,GGAGGATCAGGTCTCG-1
hoa2,hoa2_GGAGGATCATGGTACT-1,GGAGGATCATGGTACT-1
hoa2,hoa2_GGCGTCACAACAAAGT-1,GGCGTCACAACAAAGT-1
hoa2,hoa2_GGCGTCACACCGTGCA-1,GGCGTCACACCGTGCA-1
hoa2,hoa2_GGCTGTGAGTACCCTA-1,GGCTGTGAGTACCCTA-1
hoa2,hoa2_GGCTGTGGTTAGGACG-1,GGCTGTGGTTAGGACG-1
hoa2,hoa2_GGCTTGGGTATACAGA-1,GGCTTGGGTATACAGA-1
hoa2,hoa2_GGCTTGGTCTTGCAAG-1,GGCTTGGTCTTGCAAG-1
hoa2,hoa2_GGCTTTCCAAGCCTGC-1,GGCTTTCCAAGCCTGC-1
hoa2,hoa2_GGCTTTCTCGCCTTTG-1,GGCTTTCTCGCCTTTG-1
hoa2,hoa2_GGGACAACATCAGCGC-1,GGGACAACATCAGCGC-1
hoa2,hoa2_GGGACCTTCAAGTCGT-1,GGGACCTTCAAGTCGT-1
hoa2,hoa2_GGGAGATAGGAACGCT-1,GGGAGATAGGAACGCT-1
hoa2,hoa2_GGGATGACACCTTCGT-1,GGGATGACACCTTCGT-1
hoa2,hoa2_GGGCGTTTCCTGATAG-1,GGGCGTTTCCTGATAG-1
hoa2,hoa2_GGGCTACGTAGGAGTC-1,GGGCTACGTAGGAGTC-1
hoa2,hoa2_GGGCTACGTGATGGCA-1,GGGCTACGTGATGGCA-1
hoa2,hoa2_GGGCTCAAGTGGCAGT-1,GGGCTCAAGTGGCAGT-1
hoa2,hoa2_GGGTATTAGGGCGAGA-1,GGGTATTAGGGCGAGA-1
hoa2,hoa2_GGGTATTTCAAGAATG-1,GGGTATTTCAAGAATG-1
hoa2,hoa2_GGGTCACAGGCCTGAA-1,GGGTCACAGGCCTGAA-1
hoa2,hoa2_GGGTCACTCATCGCCT-1,GGGTCACTCATCGCCT-1
hoa2,hoa2_GGGTCTGCATAGGAGC-1,GGGTCTGCATAGGAGC-1
hoa2,hoa2_GGGTGAATCACTGAAC-1,GGGTGAATCACTGAAC-1
hoa2,hoa2_GGGTGTCAGACCTCAT-1,GGGTGTCAGACCTCAT-1
hoa2,hoa2_GGTAATCAGGCGATAC-1,GGTAATCAGGCGATAC-1
hoa2,hoa2_GGTAATCGTACGATTC-1,GGTAATCGTACGATTC-1
hoa2,hoa2_GGTCACGAGTGCAGGT-1,GGTCACGAGTGCAGGT-1
hoa2,hoa2_GGTCACGCAAAGACTA-1,GGTCACGCAAAGACTA-1
hoa2,hoa2_GGTCTGGGTCCGAAGA-1,GGTCTGGGTCCGAAGA-1
hoa2,hoa2_GGTGAAGAGCAAACAT-1,GGTGAAGAGCAAACAT-1
hoa2,hoa2_GGTGATTCAAGTGTCT-1,GGTGATTCAAGTGTCT-1
hoa2,hoa2_GGTGATTGTGGCTTAT-1,GGTGATTGTGGCTTAT-1
hoa2,hoa2_GGTGATTTCAACCTTT-1,GGTGATTTCAACCTTT-1
hoa2,hoa2_GGTGATTTCGCAGTCG-1,GGTGATTTCGCAGTCG-1
hoa2,hoa2_GGTGGCTAGTAAGACT-1,GGTGGCTAGTAAGACT-1
hoa2,hoa2_GGTGGCTCAGATTCGT-1,GGTGGCTCAGATTCGT-1
hoa2,hoa2_GGTGGCTTCATTGAGC-1,GGTGGCTTCATTGAGC-1
hoa2,hoa2_GGTGGCTTCGTTCTAT-1,GGTGGCTTCGTTCTAT-1
hoa2,hoa2_GGTGTCGTCGACGAGA-1,GGTGTCGTCGACGAGA-1
hoa2,hoa2_GGTTAACAGAACTTCC-1,GGTTAACAGAACTTCC-1
hoa2,hoa2_GGTTAACCACTGTCCT-1,GGTTAACCACTGTCCT-1
hoa2,hoa2_GTAACCAGTTTAGACC-1,GTAACCAGTTTAGACC-1
hoa2,hoa2_GTAATCGAGGTAAGGA-1,GTAATCGAGGTAAGGA-1
hoa2,hoa2_GTAATCGGTCTTGAAC-1,GTAATCGGTCTTGAAC-1
hoa2,hoa2_GTAATCGTCTCTTCAA-1,GTAATCGTCTCTTCAA-1
hoa2,hoa2_GTACAGTCACATTGTG-1,GTACAGTCACATTGTG-1
hoa2,hoa2_GTAGAAAGTATTCCTT-1,GTAGAAAGTATTCCTT-1
hoa2,hoa2_GTAGAGGAGCGAGGAG-1,GTAGAGGAGCGAGGAG-1
hoa2,hoa2_GTAGATCGTGAAAGTT-1,GTAGATCGTGAAAGTT-1
hoa2,hoa2_GTAGGTTTCTCTTCAA-1,GTAGGTTTCTCTTCAA-1
hoa2,hoa2_GTATTGGGTTTGATCG-1,GTATTGGGTTTGATCG-1
hoa2,hoa2_GTCAAACAGAGGATGA-1,GTCAAACAGAGGATGA-1
hoa2,hoa2_GTCAAACCACGGCGTT-1,GTCAAACCACGGCGTT-1
hoa2,hoa2_GTCAAACCAGAGATGC-1,GTCAAACCAGAGATGC-1
hoa2,hoa2_GTCAAACTCGTTCCTG-1,GTCAAACTCGTTCCTG-1
hoa2,hoa2_GTCAAGTTCACCATCC-1,GTCAAGTTCACCATCC-1
hoa2,hoa2_GTCAAGTTCCGTAGGC-1,GTCAAGTTCCGTAGGC-1
hoa2,hoa2_GTCACGGGTACCGGCT-1,GTCACGGGTACCGGCT-1
hoa2,hoa2_GTCATGATCACCCTTG-1,GTCATGATCACCCTTG-1
hoa2,hoa2_GTCCACTCAAACTAGA-1,GTCCACTCAAACTAGA-1
hoa2,hoa2_GTCCCATGTTTGGCTA-1,GTCCCATGTTTGGCTA-1
hoa2,hoa2_GTCCTCACAGCGGTTC-1,GTCCTCACAGCGGTTC-1
hoa2,hoa2_GTCGAATTCCGTATGA-1,GTCGAATTCCGTATGA-1
hoa2,hoa2_GTCGTAAGTTATGTCG-1,GTCGTAAGTTATGTCG-1
hoa2,hoa2_GTCGTAATCGGAACTT-1,GTCGTAATCGGAACTT-1
hoa2,hoa2_GTCGTAATCTTGGCTC-1,GTCGTAATCTTGGCTC-1
hoa2,hoa2_GTCTAGAGTCGTACAT-1,GTCTAGAGTCGTACAT-1
hoa2,hoa2_GTCTCACTCAGTGTGT-1,GTCTCACTCAGTGTGT-1
hoa2,hoa2_GTCTTTATCAAGCCGC-1,GTCTTTATCAAGCCGC-1
hoa2,hoa2_GTGACGCGTGTCCATA-1,GTGACGCGTGTCCATA-1
hoa2,hoa2_GTGACGCGTTCGAACT-1,GTGACGCGTTCGAACT-1
hoa2,hoa2_GTGAGCCCAGCAGAAC-1,GTGAGCCCAGCAGAAC-1
hoa2,hoa2_GTGAGCCTCGCCAATA-1,GTGAGCCTCGCCAATA-1
hoa2,hoa2_GTGAGGACAATAGGAT-1,GTGAGGACAATAGGAT-1
hoa2,hoa2_GTGAGGATCGCCTATC-1,GTGAGGATCGCCTATC-1
hoa2,hoa2_GTGATGTGTGTCGCTG-1,GTGATGTGTGTCGCTG-1
hoa2,hoa2_GTGCAGCCACATGTTG-1,GTGCAGCCACATGTTG-1
hoa2,hoa2_GTGGAAGAGCTAATCC-1,GTGGAAGAGCTAATCC-1
hoa2,hoa2_GTGGAAGTCCGCACTT-1,GTGGAAGTCCGCACTT-1
hoa2,hoa2_GTGGCGTGTTCCGCAG-1,GTGGCGTGTTCCGCAG-1
hoa2,hoa2_GTGGTTAGTTCTTGCC-1,GTGGTTAGTTCTTGCC-1
hoa2,hoa2_GTGTAACCAAGTCGTT-1,GTGTAACCAAGTCGTT-1
hoa2,hoa2_GTGTGATCAGGCACAA-1,GTGTGATCAGGCACAA-1
hoa2,hoa2_GTGTGGCAGGGAGGAC-1,GTGTGGCAGGGAGGAC-1
hoa2,hoa2_GTGTGGCGTTCAAGGG-1,GTGTGGCGTTCAAGGG-1
hoa2,hoa2_GTGTTAGGTGACGTCC-1,GTGTTAGGTGACGTCC-1
hoa2,hoa2_GTGTTCCCAGTCTACA-1,GTGTTCCCAGTCTACA-1
hoa2,hoa2_GTGTTCCGTATTTCGG-1,GTGTTCCGTATTTCGG-1
hoa2,hoa2_GTTACCCTCATCCTGC-1,GTTACCCTCATCCTGC-1
hoa2,hoa2_GTTACCCTCCAGCCTT-1,GTTACCCTCCAGCCTT-1
hoa2,hoa2_GTTACGACAACACTAC-1,GTTACGACAACACTAC-1
hoa2,hoa2_GTTACGACACCAGCTG-1,GTTACGACACCAGCTG-1
hoa2,hoa2_GTTACGAGTGTCATCA-1,GTTACGAGTGTCATCA-1
hoa2,hoa2_GTTAGACAGGAGTACC-1,GTTAGACAGGAGTACC-1
hoa2,hoa2_GTTAGTGAGAACAAGG-1,GTTAGTGAGAACAAGG-1
hoa2,hoa2_GTTAGTGGTCTAATCG-1,GTTAGTGGTCTAATCG-1
hoa2,hoa2_GTTATGGGTGTTGACT-1,GTTATGGGTGTTGACT-1
hoa2,hoa2_GTTATGGGTTTCGGCG-1,GTTATGGGTTTCGGCG-1
hoa2,hoa2_GTTCATTTCAGACTGT-1,GTTCATTTCAGACTGT-1
hoa2,hoa2_GTTCGCTCACGTACTA-1,GTTCGCTCACGTACTA-1
hoa2,hoa2_GTTCGCTTCATCTACT-1,GTTCGCTTCATCTACT-1
hoa2,hoa2_GTTCGCTTCCTTGACC-1,GTTCGCTTCCTTGACC-1
hoa2,hoa2_GTTCTATGTAGTTACC-1,GTTCTATGTAGTTACC-1
hoa2,hoa2_GTTGAACGTGATACTC-1,GTTGAACGTGATACTC-1
hoa2,hoa2_GTTGAACTCTGAGATC-1,GTTGAACTCTGAGATC-1
hoa2,hoa2_GTTGCGGGTAAGTTAG-1,GTTGCGGGTAAGTTAG-1
hoa2,hoa2_GTTGCGGGTACGTGAG-1,GTTGCGGGTACGTGAG-1
hoa2,hoa2_GTTGCTCAGGTTGTTC-1,GTTGCTCAGGTTGTTC-1
hoa2,hoa2_GTTGTAGGTAGCGTTT-1,GTTGTAGGTAGCGTTT-1
hoa2,hoa2_GTTGTCCAGCTGGCCT-1,GTTGTCCAGCTGGCCT-1
hoa2,hoa2_GTTGTCCCACACACTA-1,GTTGTCCCACACACTA-1
hoa2,hoa2_GTTGTGAAGACAACAT-1,GTTGTGAAGACAACAT-1
hoa2,hoa2_GTTGTGAGTGAGTAGC-1,GTTGTGAGTGAGTAGC-1
hoa2,hoa2_GTTGTGATCCATTCGC-1,GTTGTGATCCATTCGC-1
hoa2,hoa2_GTTTACTCAGAGCCCT-1,GTTTACTCAGAGCCCT-1
hoa2,hoa2_GTTTACTGTAAGGCCA-1,GTTTACTGTAAGGCCA-1
hoa2,hoa2_GTTTGGATCTGGGTCG-1,GTTTGGATCTGGGTCG-1
hoa2,hoa2_TAACGACCAGAGACTG-1,TAACGACCAGAGACTG-1
hoa2,hoa2_TAACGACTCCCGAAAT-1,TAACGACTCCCGAAAT-1
hoa2,hoa2_TAACTTCTCGGAATGG-1,TAACTTCTCGGAATGG-1
hoa2,hoa2_TAAGCCAGTTCCTAGA-1,TAAGCCAGTTCCTAGA-1
hoa2,hoa2_TAAGCGTCACTGTGTA-1,TAAGCGTCACTGTGTA-1
hoa2,hoa2_TAAGTCGAGGCTTAAA-1,TAAGTCGAGGCTTAAA-1
hoa2,hoa2_TAATCTCTCCTAGCGG-1,TAATCTCTCCTAGCGG-1
hoa2,hoa2_TAATTCCAGAGTCAGC-1,TAATTCCAGAGTCAGC-1
hoa2,hoa2_TAATTCCGTGTCGATT-1,TAATTCCGTGTCGATT-1
hoa2,hoa2_TACATTCCACTGGAAG-1,TACATTCCACTGGAAG-1
hoa2,hoa2_TACATTCTCGCCTTGT-1,TACATTCTCGCCTTGT-1
hoa2,hoa2_TACCCACAGTGAGGCT-1,TACCCACAGTGAGGCT-1
hoa2,hoa2_TACCCACGTGTATACC-1,TACCCACGTGTATACC-1
hoa2,hoa2_TACCCGTCAGCTCTGG-1,TACCCGTCAGCTCTGG-1
hoa2,hoa2_TACCCGTGTCACATTG-1,TACCCGTGTCACATTG-1
hoa2,hoa2_TACCGAAGTCCCGTGA-1,TACCGAAGTCCCGTGA-1
hoa2,hoa2_TACCGGGAGGAACTCG-1,TACCGGGAGGAACTCG-1
hoa2,hoa2_TACCTGCCACACCTTC-1,TACCTGCCACACCTTC-1
hoa2,hoa2_TACCTGCCAGTTCCAA-1,TACCTGCCAGTTCCAA-1
hoa2,hoa2_TACCTGCCATGGAACG-1,TACCTGCCATGGAACG-1
hoa2,hoa2_TACGGGCCAGACCTGC-1,TACGGGCCAGACCTGC-1
hoa2,hoa2_TACTGCCGTCCAGAAG-1,TACTGCCGTCCAGAAG-1
hoa2,hoa2_TACTGCCTCAGCAATC-1,TACTGCCTCAGCAATC-1
hoa2,hoa2_TACTTGTAGTAAGAGG-1,TACTTGTAGTAAGAGG-1
hoa2,hoa2_TAGACCAGTTCAGGTT-1,TAGACCAGTTCAGGTT-1
hoa2,hoa2_TAGACTGCAGCGGATA-1,TAGACTGCAGCGGATA-1
hoa2,hoa2_TAGAGTCTCGATACTG-1,TAGAGTCTCGATACTG-1
hoa2,hoa2_TAGATCGGTACGATTC-1,TAGATCGGTACGATTC-1
hoa2,hoa2_TAGATCGGTCCCAAAT-1,TAGATCGGTCCCAAAT-1
hoa2,hoa2_TAGGAGGAGGCATGGT-1,TAGGAGGAGGCATGGT-1
hoa2,hoa2_TAGGAGGGTCTTTCTA-1,TAGGAGGGTCTTTCTA-1
hoa2,hoa2_TAGGGTTAGAATCGCG-1,TAGGGTTAGAATCGCG-1
hoa2,hoa2_TAGGGTTCATATCGGT-1,TAGGGTTCATATCGGT-1
hoa2,hoa2_TAGGGTTGTATGGTTC-1,TAGGGTTGTATGGTTC-1
hoa2,hoa2_TAGGTTGGTTGGGACA-1,TAGGTTGGTTGGGACA-1
hoa2,hoa2_TATACCTCAATGAACA-1,TATACCTCAATGAACA-1
hoa2,hoa2_TATCCTACATCGCTGG-1,TATCCTACATCGCTGG-1
hoa2,hoa2_TATCGCCTCTGTACAG-1,TATCGCCTCTGTACAG-1
hoa2,hoa2_TATCTTGAGAATCGAT-1,TATCTTGAGAATCGAT-1
hoa2,hoa2_TATTGCTTCTATTTCG-1,TATTGCTTCTATTTCG-1
hoa2,hoa2_TATTGGGTCCGAAGGA-1,TATTGGGTCCGAAGGA-1
hoa2,hoa2_TATTTCGAGAATCTAG-1,TATTTCGAGAATCTAG-1
hoa2,hoa2_TATTTCGTCCGCGAGT-1,TATTTCGTCCGCGAGT-1
hoa2,hoa2_TCAATCTAGAGTTCGG-1,TCAATCTAGAGTTCGG-1
hoa2,hoa2_TCAATTCGTGTTGATC-1,TCAATTCGTGTTGATC-1
hoa2,hoa2_TCACAAGCAAGAGCTG-1,TCACAAGCAAGAGCTG-1
hoa2,hoa2_TCACGGGTCCGTAGGC-1,TCACGGGTCCGTAGGC-1
hoa2,hoa2_TCACTATTCATTATCC-1,TCACTATTCATTATCC-1
hoa2,hoa2_TCAGCCTAGGGCAGGA-1,TCAGCCTAGGGCAGGA-1
hoa2,hoa2_TCAGGGCCACCATATG-1,TCAGGGCCACCATATG-1
hoa2,hoa2_TCAGGGCGTACAAACA-1,TCAGGGCGTACAAACA-1
hoa2,hoa2_TCAGGTAGTATATGGA-1,TCAGGTAGTATATGGA-1
hoa2,hoa2_TCAGTCCCAATACGCT-1,TCAGTCCCAATACGCT-1
hoa2,hoa2_TCAGTGAGTCTTTATC-1,TCAGTGAGTCTTTATC-1
hoa2,hoa2_TCAGTTTTCGTTAGTG-1,TCAGTTTTCGTTAGTG-1
hoa2,hoa2_TCATACTTCCTAGCCT-1,TCATACTTCCTAGCCT-1
hoa2,hoa2_TCATATCGTCTAGATC-1,TCATATCGTCTAGATC-1
hoa2,hoa2_TCATGAGTCATGCAGT-1,TCATGAGTCATGCAGT-1
hoa2,hoa2_TCATGAGTCCTGGGAC-1,TCATGAGTCCTGGGAC-1
hoa2,hoa2_TCATGCCCACATGACT-1,TCATGCCCACATGACT-1
hoa2,hoa2_TCATGCCGTTTCTATC-1,TCATGCCGTTTCTATC-1
hoa2,hoa2_TCATGGACATCTGTTT-1,TCATGGACATCTGTTT-1
hoa2,hoa2_TCATGGATCGCGGACT-1,TCATGGATCGCGGACT-1
hoa2,hoa2_TCATGGATCTTTCTAG-1,TCATGGATCTTTCTAG-1
hoa2,hoa2_TCATGTTTCAAAGGAT-1,TCATGTTTCAAAGGAT-1
hoa2,hoa2_TCATTCACAAATTGCC-1,TCATTCACAAATTGCC-1
hoa2,hoa2_TCATTCAGTTTGTTCT-1,TCATTCAGTTTGTTCT-1
hoa2,hoa2_TCATTGTGTTACCTGA-1,TCATTGTGTTACCTGA-1
hoa2,hoa2_TCCACCAAGTAAATGC-1,TCCACCAAGTAAATGC-1
hoa2,hoa2_TCCACCAAGTAACCGG-1,TCCACCAAGTAACCGG-1
hoa2,hoa2_TCCACCACATCGTGGC-1,TCCACCACATCGTGGC-1
hoa2,hoa2_TCCACGTTCCGGACGT-1,TCCACGTTCCGGACGT-1
hoa2,hoa2_TCCAGAAAGAGTCTGG-1,TCCAGAAAGAGTCTGG-1
hoa2,hoa2_TCCAGAATCTTACTGT-1,TCCAGAATCTTACTGT-1
hoa2,hoa2_TCCATCGCACCTGATA-1,TCCATCGCACCTGATA-1
hoa2,hoa2_TCCATCGGTGGGACAT-1,TCCATCGGTGGGACAT-1
hoa2,hoa2_TCCATCGTCGACATCA-1,TCCATCGTCGACATCA-1
hoa2,hoa2_TCCCACACATGTGCCG-1,TCCCACACATGTGCCG-1
hoa2,hoa2_TCCCAGTTCGGCAGTC-1,TCCCAGTTCGGCAGTC-1
hoa2,hoa2_TCCCATGGTGATGGCA-1,TCCCATGGTGATGGCA-1
hoa2,hoa2_TCCGAAATCCCGATCT-1,TCCGAAATCCCGATCT-1
hoa2,hoa2_TCCGGGAAGACAACAT-1,TCCGGGAAGACAACAT-1
hoa2,hoa2_TCCGTGTGTCTCAAGT-1,TCCGTGTGTCTCAAGT-1
hoa2,hoa2_TCCTAATAGCAGTAAT-1,TCCTAATAGCAGTAAT-1
hoa2,hoa2_TCCTCCCAGTGATGGC-1,TCCTCCCAGTGATGGC-1
hoa2,hoa2_TCCTCCCTCATGAGTC-1,TCCTCCCTCATGAGTC-1
hoa2,hoa2_TCCTCGAGTTAAGGGC-1,TCCTCGAGTTAAGGGC-1
hoa2,hoa2_TCCTCGATCTACACTT-1,TCCTCGATCTACACTT-1
hoa2,hoa2_TCCTCTTAGTGATCGG-1,TCCTCTTAGTGATCGG-1
hoa2,hoa2_TCCTCTTGTACCAATC-1,TCCTCTTGTACCAATC-1
hoa2,hoa2_TCCTCTTTCCTGATAG-1,TCCTCTTTCCTGATAG-1
hoa2,hoa2_TCCTTTCGTCGAATGG-1,TCCTTTCGTCGAATGG-1
hoa2,hoa2_TCCTTTCGTCGCTCGA-1,TCCTTTCGTCGCTCGA-1
hoa2,hoa2_TCCTTTCGTTGCGAAG-1,TCCTTTCGTTGCGAAG-1
hoa2,hoa2_TCGAACAGTCTAGTGT-1,TCGAACAGTCTAGTGT-1
hoa2,hoa2_TCGAACATCGTGCATA-1,TCGAACATCGTGCATA-1
hoa2,hoa2_TCGAAGTTCTGGAGAG-1,TCGAAGTTCTGGAGAG-1
hoa2,hoa2_TCGACCTGTTCAAACC-1,TCGACCTGTTCAAACC-1
hoa2,hoa2_TCGACCTTCATGCCGG-1,TCGACCTTCATGCCGG-1
hoa2,hoa2_TCGACGGAGGTTGGTG-1,TCGACGGAGGTTGGTG-1
hoa2,hoa2_TCGACGGTCCAGGACC-1,TCGACGGTCCAGGACC-1
hoa2,hoa2_TCGCTCATCCCAGTGG-1,TCGCTCATCCCAGTGG-1
hoa2,hoa2_TCGCTTGAGTGCAGGT-1,TCGCTTGAGTGCAGGT-1
hoa2,hoa2_TCGGATAAGCGCCTCA-1,TCGGATAAGCGCCTCA-1
hoa2,hoa2_TCGGATAGTGAGAACC-1,TCGGATAGTGAGAACC-1
hoa2,hoa2_TCGGATAGTGTACGCC-1,TCGGATAGTGTACGCC-1
hoa2,hoa2_TCGGGACGTAATGTGA-1,TCGGGACGTAATGTGA-1
hoa2,hoa2_TCGGGACGTGTTCGTA-1,TCGGGACGTGTTCGTA-1
hoa2,hoa2_TCGGGACGTTGTGTAC-1,TCGGGACGTTGTGTAC-1
hoa2,hoa2_TCGGGACTCATGCCAA-1,TCGGGACTCATGCCAA-1
hoa2,hoa2_TCGGGTGGTCTTACTT-1,TCGGGTGGTCTTACTT-1
hoa2,hoa2_TCGGGTGGTTCTAACG-1,TCGGGTGGTTCTAACG-1
hoa2,hoa2_TCGGTCTTCTCCAATT-1,TCGGTCTTCTCCAATT-1
hoa2,hoa2_TCGTAGATCTGACGCG-1,TCGTAGATCTGACGCG-1
hoa2,hoa2_TCGTAGATCTGCAGCG-1,TCGTAGATCTGCAGCG-1
hoa2,hoa2_TCGTCCAAGATCGACG-1,TCGTCCAAGATCGACG-1
hoa2,hoa2_TCGTCCAGTGAGCCAA-1,TCGTCCAGTGAGCCAA-1
hoa2,hoa2_TCGTCCAGTGCGGCTT-1,TCGTCCAGTGCGGCTT-1
hoa2,hoa2_TCGTCCAGTGTAGTGG-1,TCGTCCAGTGTAGTGG-1
hoa2,hoa2_TCGTCCATCCATTCAT-1,TCGTCCATCCATTCAT-1
hoa2,hoa2_TCGTGGGCAAACTCGT-1,TCGTGGGCAAACTCGT-1
hoa2,hoa2_TCTAACTCAACTTCTT-1,TCTAACTCAACTTCTT-1
hoa2,hoa2_TCTACATCAGGTCCGT-1,TCTACATCAGGTCCGT-1
hoa2,hoa2_TCTACATCATCGGCCA-1,TCTACATCATCGGCCA-1
hoa2,hoa2_TCTACATGTCGAAGCA-1,TCTACATGTCGAAGCA-1
hoa2,hoa2_TCTACCGGTGAGAACC-1,TCTACCGGTGAGAACC-1
hoa2,hoa2_TCTATCACACTAACGT-1,TCTATCACACTAACGT-1
hoa2,hoa2_TCTATCATCCTAGCGG-1,TCTATCATCCTAGCGG-1
hoa2,hoa2_TCTCACGAGCGATGGT-1,TCTCACGAGCGATGGT-1
hoa2,hoa2_TCTCACGGTGGGCTCT-1,TCTCACGGTGGGCTCT-1
hoa2,hoa2_TCTCCGAAGAATCGAT-1,TCTCCGAAGAATCGAT-1
hoa2,hoa2_TCTCTGGAGCCGCTTG-1,TCTCTGGAGCCGCTTG-1
hoa2,hoa2_TCTCTGGCACGCTGCA-1,TCTCTGGCACGCTGCA-1
hoa2,hoa2_TCTGCCAGTCGAGTGA-1,TCTGCCAGTCGAGTGA-1
hoa2,hoa2_TCTGGCTAGGGTACAC-1,TCTGGCTAGGGTACAC-1
hoa2,hoa2_TCTGTCGGTTTCGTAG-1,TCTGTCGGTTTCGTAG-1
hoa2,hoa2_TCTTGCGAGAAGTCTA-1,TCTTGCGAGAAGTCTA-1
hoa2,hoa2_TCTTTGATCCGTCAAA-1,TCTTTGATCCGTCAAA-1
hoa2,hoa2_TGAACGTAGTCTTCGA-1,TGAACGTAGTCTTCGA-1
hoa2,hoa2_TGAATCGAGTACAGCG-1,TGAATCGAGTACAGCG-1
hoa2,hoa2_TGAATCGCAGTAGGAC-1,TGAATCGCAGTAGGAC-1
hoa2,hoa2_TGACAGTAGACTACCT-1,TGACAGTAGACTACCT-1
hoa2,hoa2_TGACTCCAGTATGGCG-1,TGACTCCAGTATGGCG-1
hoa2,hoa2_TGAGACTGTCGGTACC-1,TGAGACTGTCGGTACC-1
hoa2,hoa2_TGAGCATTCTGGGCCA-1,TGAGCATTCTGGGCCA-1
hoa2,hoa2_TGAGGAGCAGGACTTT-1,TGAGGAGCAGGACTTT-1
hoa2,hoa2_TGAGGTTCATCATGAC-1,TGAGGTTCATCATGAC-1
hoa2,hoa2_TGAGTCAGTGTAGGAC-1,TGAGTCAGTGTAGGAC-1
hoa2,hoa2_TGATCAGTCACTGAAC-1,TGATCAGTCACTGAAC-1
hoa2,hoa2_TGATCTTGTGTTAAAG-1,TGATCTTGTGTTAAAG-1
hoa2,hoa2_TGATGCATCAGAGCAG-1,TGATGCATCAGAGCAG-1
hoa2,hoa2_TGATGGTAGAGTCTTC-1,TGATGGTAGAGTCTTC-1
hoa2,hoa2_TGCACGGCATGTCGTA-1,TGCACGGCATGTCGTA-1
hoa2,hoa2_TGCACGGTCTACTCAT-1,TGCACGGTCTACTCAT-1
hoa2,hoa2_TGCAGATTCGAAGTGG-1,TGCAGATTCGAAGTGG-1
hoa2,hoa2_TGCAGATTCGCACGAC-1,TGCAGATTCGCACGAC-1
hoa2,hoa2_TGCAGGCAGATCCCAT-1,TGCAGGCAGATCCCAT-1
hoa2,hoa2_TGCAGGCAGTGAGGCT-1,TGCAGGCAGTGAGGCT-1
hoa2,hoa2_TGCAGGCGTAACAAGT-1,TGCAGGCGTAACAAGT-1
hoa2,hoa2_TGCAGGCTCAGCGCAC-1,TGCAGGCTCAGCGCAC-1
hoa2,hoa2_TGCAGTAAGGCAGGGA-1,TGCAGTAAGGCAGGGA-1
hoa2,hoa2_TGCAGTAGTATCGCAT-1,TGCAGTAGTATCGCAT-1
hoa2,hoa2_TGCATCCTCCGCAGTG-1,TGCATCCTCCGCAGTG-1
hoa2,hoa2_TGCCGAGAGAGTAACT-1,TGCCGAGAGAGTAACT-1
hoa2,hoa2_TGCCGAGAGCACGGAT-1,TGCCGAGAGCACGGAT-1
hoa2,hoa2_TGCCGAGAGTAGGCCA-1,TGCCGAGAGTAGGCCA-1
hoa2,hoa2_TGCCGAGGTTTAGAGA-1,TGCCGAGGTTTAGAGA-1
hoa2,hoa2_TGCGGCATCGCTCTCA-1,TGCGGCATCGCTCTCA-1
hoa2,hoa2_TGCGGCATCGGTTGTA-1,TGCGGCATCGGTTGTA-1
hoa2,hoa2_TGCGGGTTCTAGTTCT-1,TGCGGGTTCTAGTTCT-1
hoa2,hoa2_TGCTCCAGTCGACTGC-1,TGCTCCAGTCGACTGC-1
hoa2,hoa2_TGCTCCAGTGTGTCCG-1,TGCTCCAGTGTGTCCG-1
hoa2,hoa2_TGCTCGTTCTATTTCG-1,TGCTCGTTCTATTTCG-1
hoa2,hoa2_TGCTTCGCAGCTATTG-1,TGCTTCGCAGCTATTG-1
hoa2,hoa2_TGCTTCGTCTGCGGCA-1,TGCTTCGTCTGCGGCA-1
hoa2,hoa2_TGCTTGCGTGCCTAAT-1,TGCTTGCGTGCCTAAT-1
hoa2,hoa2_TGCTTGCGTTGGGAAC-1,TGCTTGCGTTGGGAAC-1
hoa2,hoa2_TGGAACTAGAAGGGAT-1,TGGAACTAGAAGGGAT-1
hoa2,hoa2_TGGAGGACATCTCAAG-1,TGGAGGACATCTCAAG-1
hoa2,hoa2_TGGATCATCTGCGGAC-1,TGGATCATCTGCGGAC-1
hoa2,hoa2_TGGATGTGTTGGTGTT-1,TGGATGTGTTGGTGTT-1
hoa2,hoa2_TGGGAAGGTCTTCAAG-1,TGGGAAGGTCTTCAAG-1
hoa2,hoa2_TGGGAGAGTCGAGTGA-1,TGGGAGAGTCGAGTGA-1
hoa2,hoa2_TGGGATTCATCGCTCT-1,TGGGATTCATCGCTCT-1
hoa2,hoa2_TGGGATTGTTCTCCCA-1,TGGGATTGTTCTCCCA-1
hoa2,hoa2_TGGGCGTCACCTCGTT-1,TGGGCGTCACCTCGTT-1
hoa2,hoa2_TGGGCGTGTTTCGTAG-1,TGGGCGTGTTTCGTAG-1
hoa2,hoa2_TGGGCTGCAAACTAGA-1,TGGGCTGCAAACTAGA-1
hoa2,hoa2_TGGGCTGGTTGCGAAG-1,TGGGCTGGTTGCGAAG-1
hoa2,hoa2_TGGTACAAGGTTTACC-1,TGGTACAAGGTTTACC-1
hoa2,hoa2_TGGTACACACCCATAA-1,TGGTACACACCCATAA-1
hoa2,hoa2_TGGTACATCCGAACGC-1,TGGTACATCCGAACGC-1
hoa2,hoa2_TGGTGATAGCGATGGT-1,TGGTGATAGCGATGGT-1
hoa2,hoa2_TGTAACGCACTCGATA-1,TGTAACGCACTCGATA-1
hoa2,hoa2_TGTAAGCTCTTGAACG-1,TGTAAGCTCTTGAACG-1
hoa2,hoa2_TGTCAGATCAGTCATG-1,TGTCAGATCAGTCATG-1
hoa2,hoa2_TGTCCCACAATAGGGC-1,TGTCCCACAATAGGGC-1
hoa2,hoa2_TGTGAGTTCGCGCCAA-1,TGTGAGTTCGCGCCAA-1
hoa2,hoa2_TGTGATGCACAAATGA-1,TGTGATGCACAAATGA-1
hoa2,hoa2_TGTGATGCACAATGAA-1,TGTGATGCACAATGAA-1
hoa2,hoa2_TGTGATGCAGTAGAAT-1,TGTGATGCAGTAGAAT-1
hoa2,hoa2_TGTGATGTCTAAACGC-1,TGTGATGTCTAAACGC-1
hoa2,hoa2_TGTGCGGGTAAGTAGT-1,TGTGCGGGTAAGTAGT-1
hoa2,hoa2_TGTGCGGTCTTGTGCC-1,TGTGCGGTCTTGTGCC-1
hoa2,hoa2_TGTGGCGTCCATCTCG-1,TGTGGCGTCCATCTCG-1
hoa2,hoa2_TGTGGCGTCCGTAATG-1,TGTGGCGTCCGTAATG-1
hoa2,hoa2_TGTGGCGTCGAAGCAG-1,TGTGGCGTCGAAGCAG-1
hoa2,hoa2_TGTTACTGTTCAGCGC-1,TGTTACTGTTCAGCGC-1
hoa2,hoa2_TGTTCATGTCCAGCGT-1,TGTTCATGTCCAGCGT-1
hoa2,hoa2_TGTTCATTCGAGTACT-1,TGTTCATTCGAGTACT-1
hoa2,hoa2_TGTTCATTCGTGTTCC-1,TGTTCATTCGTGTTCC-1
hoa2,hoa2_TGTTCCGGTCTCGCGA-1,TGTTCCGGTCTCGCGA-1
hoa2,hoa2_TGTTGGAGTCGGCCTA-1,TGTTGGAGTCGGCCTA-1
hoa2,hoa2_TGTTGGATCTACACAG-1,TGTTGGATCTACACAG-1
hoa2,hoa2_TTACAGGAGGAATCGC-1,TTACAGGAGGAATCGC-1
hoa2,hoa2_TTACAGGGTCCCAAAT-1,TTACAGGGTCCCAAAT-1
hoa2,hoa2_TTACCATCAGGCACTC-1,TTACCATCAGGCACTC-1
hoa2,hoa2_TTACGCCAGGTTGGAC-1,TTACGCCAGGTTGGAC-1
hoa2,hoa2_TTACGTTCACGGCCAT-1,TTACGTTCACGGCCAT-1
hoa2,hoa2_TTACTGTGTTAAGACA-1,TTACTGTGTTAAGACA-1
hoa2,hoa2_TTAGGCAAGGAACTAT-1,TTAGGCAAGGAACTAT-1
hoa2,hoa2_TTAGGGTAGTAACAGT-1,TTAGGGTAGTAACAGT-1
hoa2,hoa2_TTAGGGTTCGGTGCAC-1,TTAGGGTTCGGTGCAC-1
hoa2,hoa2_TTAGTCTGTATATGGA-1,TTAGTCTGTATATGGA-1
hoa2,hoa2_TTAGTCTGTGTGGTCC-1,TTAGTCTGTGTGGTCC-1
hoa2,hoa2_TTAGTCTTCCTTCTAA-1,TTAGTCTTCCTTCTAA-1
hoa2,hoa2_TTATTGCCAGTAGAGC-1,TTATTGCCAGTAGAGC-1
hoa2,hoa2_TTCAATCCACTAACCA-1,TTCAATCCACTAACCA-1
hoa2,hoa2_TTCAATCTCGAGAACG-1,TTCAATCTCGAGAACG-1
hoa2,hoa2_TTCACCGTCCATGAGT-1,TTCACCGTCCATGAGT-1
hoa2,hoa2_TTCACGCAGTAGATCA-1,TTCACGCAGTAGATCA-1
hoa2,hoa2_TTCCAATCAGCGACAA-1,TTCCAATCAGCGACAA-1
hoa2,hoa2_TTCCACGAGCCTTTCC-1,TTCCACGAGCCTTTCC-1
hoa2,hoa2_TTCCTCTTCCGCGGAT-1,TTCCTCTTCCGCGGAT-1
hoa2,hoa2_TTCGATTAGACATAGT-1,TTCGATTAGACATAGT-1
hoa2,hoa2_TTCGCTGAGAACAGGA-1,TTCGCTGAGAACAGGA-1
hoa2,hoa2_TTCTAACGTACGCTAT-1,TTCTAACGTACGCTAT-1
hoa2,hoa2_TTCTAACTCTTCCGTG-1,TTCTAACTCTTCCGTG-1
hoa2,hoa2_TTCTAGTAGTTCTACG-1,TTCTAGTAGTTCTACG-1
hoa2,hoa2_TTCTCTCAGGCCGCTT-1,TTCTCTCAGGCCGCTT-1
hoa2,hoa2_TTCTTCCGTTTACACG-1,TTCTTCCGTTTACACG-1
hoa2,hoa2_TTCTTGACATCTAGAC-1,TTCTTGACATCTAGAC-1
hoa2,hoa2_TTCTTGATCCGTTTCG-1,TTCTTGATCCGTTTCG-1
hoa2,hoa2_TTGACCCCAAGGGCAT-1,TTGACCCCAAGGGCAT-1
hoa2,hoa2_TTGACCCCACCTAAAC-1,TTGACCCCACCTAAAC-1
hoa2,hoa2_TTGACCCCATCCTTCG-1,TTGACCCCATCCTTCG-1
hoa2,hoa2_TTGACCCGTCAACGCC-1,TTGACCCGTCAACGCC-1
hoa2,hoa2_TTGACCCTCATCGGGC-1,TTGACCCTCATCGGGC-1
hoa2,hoa2_TTGAGTGGTCGAATTC-1,TTGAGTGGTCGAATTC-1
hoa2,hoa2_TTGATGGTCTGGGCCA-1,TTGATGGTCTGGGCCA-1
hoa2,hoa2_TTGCATTCACCAGTAT-1,TTGCATTCACCAGTAT-1
hoa2,hoa2_TTGCATTGTTCCTACC-1,TTGCATTGTTCCTACC-1
hoa2,hoa2_TTGCGTCGTAGCCAGA-1,TTGCGTCGTAGCCAGA-1
hoa2,hoa2_TTGCGTCGTCACTCTC-1,TTGCGTCGTCACTCTC-1
hoa2,hoa2_TTGCTGCAGTTGTCGT-1,TTGCTGCAGTTGTCGT-1
hoa2,hoa2_TTGGATGGTTAGGGTG-1,TTGGATGGTTAGGGTG-1
hoa2,hoa2_TTGGGATAGTGGTCAG-1,TTGGGATAGTGGTCAG-1
hoa2,hoa2_TTGGGATGTCCTGGTG-1,TTGGGATGTCCTGGTG-1
hoa2,hoa2_TTGGGTAAGTCCGCGT-1,TTGGGTAAGTCCGCGT-1
hoa2,hoa2_TTGGGTACAGACCAGA-1,TTGGGTACAGACCAGA-1
hoa2,hoa2_TTGGGTACATCCAACA-1,TTGGGTACATCCAACA-1
hoa2,hoa2_TTGTGTTTCAGCTGAT-1,TTGTGTTTCAGCTGAT-1
hoa2,hoa2_TTGTTGTAGTTGCATC-1,TTGTTGTAGTTGCATC-1
hoa2,hoa2_TTGTTGTGTCCAGCAC-1,TTGTTGTGTCCAGCAC-1
hoa2,hoa2_TTGTTTGGTGTTGCCG-1,TTGTTTGGTGTTGCCG-1
hoa2,hoa2_TTTACGTAGAGTGTGC-1,TTTACGTAGAGTGTGC-1
hoa2,hoa2_TTTACGTAGATGGTCG-1,TTTACGTAGATGGTCG-1
hoa2,hoa2_TTTACGTAGGGTTTCT-1,TTTACGTAGGGTTTCT-1
hoa2,hoa2_TTTACGTTCGAGATAA-1,TTTACGTTCGAGATAA-1
hoa2,hoa2_TTTACTGAGAAGCGCT-1,TTTACTGAGAAGCGCT-1
hoa2,hoa2_TTTACTGGTCCCAAAT-1,TTTACTGGTCCCAAAT-1
hoa2,hoa2_TTTACTGGTTGGCCGT-1,TTTACTGGTTGGCCGT-1
hoa2,hoa2_TTTAGTCAGCTAGCCC-1,TTTAGTCAGCTAGCCC-1
hoa2,hoa2_TTTAGTCCACAATGTC-1,TTTAGTCCACAATGTC-1
hoa2,hoa2_TTTCAGTCAGTGTACT-1,TTTCAGTCAGTGTACT-1
hoa2,hoa2_TTTCAGTTCCACCTGT-1,TTTCAGTTCCACCTGT-1
hoa2,hoa2_TTTCGATGTGTGGACA-1,TTTCGATGTGTGGACA-1
hoa2,hoa2_TTTGACTGTAGTGATA-1,TTTGACTGTAGTGATA-1
hoa2,hoa2_TTTGATCCACGTCATA-1,TTTGATCCACGTCATA-1
hoa2,hoa2_TTTGGAGAGGCATGCA-1,TTTGGAGAGGCATGCA-1
hoa3,hoa3_AAACCCAAGTCCTACA-1,AAACCCAAGTCCTACA-1
hoa3,hoa3_AAACGCTAGAAGCCTG-1,AAACGCTAGAAGCCTG-1
hoa3,hoa3_AAACGCTAGAATTGTG-1,AAACGCTAGAATTGTG-1
hoa3,hoa3_AAAGGGCAGTCGAAGC-1,AAAGGGCAGTCGAAGC-1
hoa3,hoa3_AACAAAGTCGAATCCA-1,AACAAAGTCGAATCCA-1
hoa3,hoa3_AACAAGAAGGGATCAC-1,AACAAGAAGGGATCAC-1
hoa3,hoa3_AACAAGATCCATACTT-1,AACAAGATCCATACTT-1
hoa3,hoa3_AACACACTCTGCGAGC-1,AACACACTCTGCGAGC-1
hoa3,hoa3_AACCAACCAAGACGAC-1,AACCAACCAAGACGAC-1
hoa3,hoa3_AACCACAGTTCGTACA-1,AACCACAGTTCGTACA-1
hoa3,hoa3_AACCCAAGTCATCGGC-1,AACCCAAGTCATCGGC-1
hoa3,hoa3_AACGTCAGTTCCTAAG-1,AACGTCAGTTCCTAAG-1
hoa3,hoa3_AACGTCATCGTCAAAC-1,AACGTCATCGTCAAAC-1
hoa3,hoa3_AAGACTCGTGTCCCTT-1,AAGACTCGTGTCCCTT-1
hoa3,hoa3_AAGACTCTCTCACGAA-1,AAGACTCTCTCACGAA-1
hoa3,hoa3_AAGATAGAGAAACCCG-1,AAGATAGAGAAACCCG-1
hoa3,hoa3_AAGATAGCAATCTCTT-1,AAGATAGCAATCTCTT-1
hoa3,hoa3_AAGCATCGTCATCGCG-1,AAGCATCGTCATCGCG-1
hoa3,hoa3_AAGCCATGTGTTTGCA-1,AAGCCATGTGTTTGCA-1
hoa3,hoa3_AAGCGAGAGAAGCGCT-1,AAGCGAGAGAAGCGCT-1
hoa3,hoa3_AAGCGTTCAGCAGGAT-1,AAGCGTTCAGCAGGAT-1
hoa3,hoa3_AAGGAATAGCGAACTG-1,AAGGAATAGCGAACTG-1
hoa3,hoa3_AATCGTGCACATTGTG-1,AATCGTGCACATTGTG-1
hoa3,hoa3_AATGGAAGTTGACTGT-1,AATGGAAGTTGACTGT-1
hoa3,hoa3_AATTCCTTCGCAGATT-1,AATTCCTTCGCAGATT-1
hoa3,hoa3_AATTCCTTCGTCACCT-1,AATTCCTTCGTCACCT-1
hoa3,hoa3_AATTTCCGTACCTATG-1,AATTTCCGTACCTATG-1
hoa3,hoa3_ACAAAGAAGTTCCAGT-1,ACAAAGAAGTTCCAGT-1
hoa3,hoa3_ACAAAGAGTCGACTTA-1,ACAAAGAGTCGACTTA-1
hoa3,hoa3_ACACAGTCAAATGATG-1,ACACAGTCAAATGATG-1
hoa3,hoa3_ACACAGTGTCGCGGTT-1,ACACAGTGTCGCGGTT-1
hoa3,hoa3_ACACCAAAGAATTTGG-1,ACACCAAAGAATTTGG-1
hoa3,hoa3_ACACTGATCTCAAAGC-1,ACACTGATCTCAAAGC-1
hoa3,hoa3_ACAGAAACACGGCTAC-1,ACAGAAACACGGCTAC-1
hoa3,hoa3_ACATCCCAGCACTCCG-1,ACATCCCAGCACTCCG-1
hoa3,hoa3_ACATCCCGTGCAGGAT-1,ACATCCCGTGCAGGAT-1
hoa3,hoa3_ACATCCCTCAAGATAG-1,ACATCCCTCAAGATAG-1
hoa3,hoa3_ACATCGAAGCTCTATG-1,ACATCGAAGCTCTATG-1
hoa3,hoa3_ACATGCAGTCCGGCAT-1,ACATGCAGTCCGGCAT-1
hoa3,hoa3_ACATTTCCAGGCATTT-1,ACATTTCCAGGCATTT-1
hoa3,hoa3_ACATTTCGTACCGGAA-1,ACATTTCGTACCGGAA-1
hoa3,hoa3_ACATTTCTCGCATAGT-1,ACATTTCTCGCATAGT-1
hoa3,hoa3_ACCAAACTCGCAATTG-1,ACCAAACTCGCAATTG-1
hoa3,hoa3_ACCAACAAGGGCAATC-1,ACCAACAAGGGCAATC-1
hoa3,hoa3_ACCGTTCAGGCTCCCA-1,ACCGTTCAGGCTCCCA-1
hoa3,hoa3_ACCGTTCTCCGTGGCA-1,ACCGTTCTCCGTGGCA-1
hoa3,hoa3_ACCTACCAGCATCCCG-1,ACCTACCAGCATCCCG-1
hoa3,hoa3_ACCTACCTCTCTCTTC-1,ACCTACCTCTCTCTTC-1
hoa3,hoa3_ACCTGTCGTGAGTAAT-1,ACCTGTCGTGAGTAAT-1
hoa3,hoa3_ACGATGTTCGCTCTCA-1,ACGATGTTCGCTCTCA-1
hoa3,hoa3_ACGGAAGAGTGGGAAA-1,ACGGAAGAGTGGGAAA-1
hoa3,hoa3_ACGGGTCCAACGCCCA-1,ACGGGTCCAACGCCCA-1
hoa3,hoa3_ACGGTCGAGCGCTGCT-1,ACGGTCGAGCGCTGCT-1
hoa3,hoa3_ACGTACAAGTGCAACG-1,ACGTACAAGTGCAACG-1
hoa3,hoa3_ACGTAGTTCATTCACT-1,ACGTAGTTCATTCACT-1
hoa3,hoa3_ACGTTCCTCAGCTTCC-1,ACGTTCCTCAGCTTCC-1
hoa3,hoa3_ACTATCTAGGGACACT-1,ACTATCTAGGGACACT-1
hoa3,hoa3_ACTATTCTCTACACAG-1,ACTATTCTCTACACAG-1
hoa3,hoa3_ACTCCCACAAGGAGTC-1,ACTCCCACAAGGAGTC-1
hoa3,hoa3_ACTCCCAGTCTCTCAC-1,ACTCCCAGTCTCTCAC-1
hoa3,hoa3_ACTCTCGCATGCGGTC-1,ACTCTCGCATGCGGTC-1
hoa3,hoa3_ACTGATGAGGTAGACC-1,ACTGATGAGGTAGACC-1
hoa3,hoa3_ACTGCAAGTTTAGAGA-1,ACTGCAAGTTTAGAGA-1
hoa3,hoa3_ACTTCCGAGCGGTATG-1,ACTTCCGAGCGGTATG-1
hoa3,hoa3_ACTTTCAGTAATGCGG-1,ACTTTCAGTAATGCGG-1
hoa3,hoa3_ACTTTGTGTTGCATCA-1,ACTTTGTGTTGCATCA-1
hoa3,hoa3_AGAACAATCCGTGTAA-1,AGAACAATCCGTGTAA-1
hoa3,hoa3_AGAAGCGAGCCAGTAG-1,AGAAGCGAGCCAGTAG-1
hoa3,hoa3_AGAAGCGGTGGAATGC-1,AGAAGCGGTGGAATGC-1
hoa3,hoa3_AGAAGTAGTTTACACG-1,AGAAGTAGTTTACACG-1
hoa3,hoa3_AGACAAACACCCAATA-1,AGACAAACACCCAATA-1
hoa3,hoa3_AGACAAAGTGATTCAC-1,AGACAAAGTGATTCAC-1
hoa3,hoa3_AGACCATGTAACACCT-1,AGACCATGTAACACCT-1
hoa3,hoa3_AGACCATGTAGCGTCC-1,AGACCATGTAGCGTCC-1
hoa3,hoa3_AGACTCAAGGTAGTAT-1,AGACTCAAGGTAGTAT-1
hoa3,hoa3_AGACTCATCGCTAAAC-1,AGACTCATCGCTAAAC-1
hoa3,hoa3_AGAGAGCTCCGCACTT-1,AGAGAGCTCCGCACTT-1
hoa3,hoa3_AGAGCCCCAACTAGAA-1,AGAGCCCCAACTAGAA-1
hoa3,hoa3_AGAGCCCTCCGTAATG-1,AGAGCCCTCCGTAATG-1
hoa3,hoa3_AGATCCAAGGTCGACA-1,AGATCCAAGGTCGACA-1
hoa3,hoa3_AGATGAAAGAGTGTTA-1,AGATGAAAGAGTGTTA-1
hoa3,hoa3_AGCCAGCTCATTTGCT-1,AGCCAGCTCATTTGCT-1
hoa3,hoa3_AGCGATTAGATCACCT-1,AGCGATTAGATCACCT-1
hoa3,hoa3_AGCGATTTCCCAAGCG-1,AGCGATTTCCCAAGCG-1
hoa3,hoa3_AGCGCTGAGGATTTGA-1,AGCGCTGAGGATTTGA-1
hoa3,hoa3_AGCTCAATCTGAGATC-1,AGCTCAATCTGAGATC-1
hoa3,hoa3_AGGAAATAGTCTGCGC-1,AGGAAATAGTCTGCGC-1
hoa3,hoa3_AGGAATAAGACTACCT-1,AGGAATAAGACTACCT-1
hoa3,hoa3_AGGACGACACGCAAAG-1,AGGACGACACGCAAAG-1
hoa3,hoa3_AGGACGAGTCGCATTA-1,AGGACGAGTCGCATTA-1
hoa3,hoa3_AGGAGGTCAAGTGGTG-1,AGGAGGTCAAGTGGTG-1
hoa3,hoa3_AGGAGGTCAGGGAATC-1,AGGAGGTCAGGGAATC-1
hoa3,hoa3_AGGAGGTGTCTCCTGT-1,AGGAGGTGTCTCCTGT-1
hoa3,hoa3_AGGATAATCGATTGGT-1,AGGATAATCGATTGGT-1
hoa3,hoa3_AGGCCACAGCTGACCC-1,AGGCCACAGCTGACCC-1
hoa3,hoa3_AGGCTGCAGTAATCCC-1,AGGCTGCAGTAATCCC-1
hoa3,hoa3_AGGGAGTAGTTAGTGA-1,AGGGAGTAGTTAGTGA-1
hoa3,hoa3_AGGGCCTCATGGAGAC-1,AGGGCCTCATGGAGAC-1
hoa3,hoa3_AGGGCCTTCTCTCTAA-1,AGGGCCTTCTCTCTAA-1
hoa3,hoa3_AGGGCTCTCTGTTCAT-1,AGGGCTCTCTGTTCAT-1
hoa3,hoa3_AGGGTCCGTTCTTGTT-1,AGGGTCCGTTCTTGTT-1
hoa3,hoa3_AGGGTGACAATTGCGT-1,AGGGTGACAATTGCGT-1
hoa3,hoa3_AGGGTGATCTCATTGT-1,AGGGTGATCTCATTGT-1
hoa3,hoa3_AGGGTTTAGTGATAGT-1,AGGGTTTAGTGATAGT-1
hoa3,hoa3_AGGTCATAGCTAATGA-1,AGGTCATAGCTAATGA-1
hoa3,hoa3_AGGTTACGTACGATGG-1,AGGTTACGTACGATGG-1
hoa3,hoa3_AGGTTGTTCAGTGTTG-1,AGGTTGTTCAGTGTTG-1
hoa3,hoa3_AGTAACCGTCCGGATC-1,AGTAACCGTCCGGATC-1
hoa3,hoa3_AGTACCAAGAGCAAGA-1,AGTACCAAGAGCAAGA-1
hoa3,hoa3_AGTACTGCAGCTATTG-1,AGTACTGCAGCTATTG-1
hoa3,hoa3_AGTAGCTAGACCAAAT-1,AGTAGCTAGACCAAAT-1
hoa3,hoa3_AGTAGTCCAAAGAGTT-1,AGTAGTCCAAAGAGTT-1
hoa3,hoa3_AGTAGTCCACTTGGGC-1,AGTAGTCCACTTGGGC-1
hoa3,hoa3_AGTAGTCTCATCCCGT-1,AGTAGTCTCATCCCGT-1
hoa3,hoa3_AGTCTCCAGATTGCGG-1,AGTCTCCAGATTGCGG-1
hoa3,hoa3_AGTGACTGTTAAGACA-1,AGTGACTGTTAAGACA-1
hoa3,hoa3_AGTGATCGTACTGCCG-1,AGTGATCGTACTGCCG-1
hoa3,hoa3_AGTGCCGGTATCCCAA-1,AGTGCCGGTATCCCAA-1
hoa3,hoa3_AGTGTTGCATTGACTG-1,AGTGTTGCATTGACTG-1
hoa3,hoa3_AGTGTTGGTGTCCTAA-1,AGTGTTGGTGTCCTAA-1
hoa3,hoa3_AGTGTTGGTTGGAGAC-1,AGTGTTGGTTGGAGAC-1
hoa3,hoa3_AGTTAGCAGGTGCTTT-1,AGTTAGCAGGTGCTTT-1
hoa3,hoa3_AGTTCCCTCACACCGG-1,AGTTCCCTCACACCGG-1
hoa3,hoa3_ATACTTCGTAGGACTG-1,ATACTTCGTAGGACTG-1
hoa3,hoa3_ATAGACCAGCGGATCA-1,ATAGACCAGCGGATCA-1
hoa3,hoa3_ATAGAGAGTCAGTCGC-1,ATAGAGAGTCAGTCGC-1
hoa3,hoa3_ATAGAGAGTTCACGAT-1,ATAGAGAGTTCACGAT-1
hoa3,hoa3_ATAGAGATCGCAGATT-1,ATAGAGATCGCAGATT-1
hoa3,hoa3_ATAGGCTGTACACTCA-1,ATAGGCTGTACACTCA-1
hoa3,hoa3_ATCACGAGTAAGTCAA-1,ATCACGAGTAAGTCAA-1
hoa3,hoa3_ATCACTTTCGGCGATC-1,ATCACTTTCGGCGATC-1
hoa3,hoa3_ATCAGGTCAACCCTAA-1,ATCAGGTCAACCCTAA-1
hoa3,hoa3_ATCATTCAGCCGATCC-1,ATCATTCAGCCGATCC-1
hoa3,hoa3_ATCATTCGTGTGTCGC-1,ATCATTCGTGTGTCGC-1
hoa3,hoa3_ATCCACCCAACCGATT-1,ATCCACCCAACCGATT-1
hoa3,hoa3_ATCCATTCACCGGAAA-1,ATCCATTCACCGGAAA-1
hoa3,hoa3_ATCCCTGTCTTGCGCT-1,ATCCCTGTCTTGCGCT-1
hoa3,hoa3_ATCCGTCGTAGACTGG-1,ATCCGTCGTAGACTGG-1
hoa3,hoa3_ATCCTATTCAAGCCAT-1,ATCCTATTCAAGCCAT-1
hoa3,hoa3_ATCGTCCAGCTGTGCC-1,ATCGTCCAGCTGTGCC-1
hoa3,hoa3_ATCTCTATCGTGGTAT-1,ATCTCTATCGTGGTAT-1
hoa3,hoa3_ATCTTCAAGTCCCGAC-1,ATCTTCAAGTCCCGAC-1
hoa3,hoa3_ATGAGTCAGGATGCGT-1,ATGAGTCAGGATGCGT-1
hoa3,hoa3_ATGCATGAGCTAGCCC-1,ATGCATGAGCTAGCCC-1
hoa3,hoa3_ATGCATGTCAGCTTGA-1,ATGCATGTCAGCTTGA-1
hoa3,hoa3_ATGCCTCAGCTGGCTC-1,ATGCCTCAGCTGGCTC-1
hoa3,hoa3_ATGCCTCTCGCTAGCG-1,ATGCCTCTCGCTAGCG-1
hoa3,hoa3_ATGCGATTCAAGCCTA-1,ATGCGATTCAAGCCTA-1
hoa3,hoa3_ATGGATCTCATGGTAC-1,ATGGATCTCATGGTAC-1
hoa3,hoa3_ATGGGAGAGAGTTGCG-1,ATGGGAGAGAGTTGCG-1
hoa3,hoa3_ATGGTTGTCCGTACGG-1,ATGGTTGTCCGTACGG-1
hoa3,hoa3_ATGTCCCGTTCTCACC-1,ATGTCCCGTTCTCACC-1
hoa3,hoa3_ATGTCTTTCCGCAGTG-1,ATGTCTTTCCGCAGTG-1
hoa3,hoa3_ATTACCTAGGCTATCT-1,ATTACCTAGGCTATCT-1
hoa3,hoa3_ATTACCTCAACGCCCA-1,ATTACCTCAACGCCCA-1
hoa3,hoa3_ATTACTCGTGCTCGTG-1,ATTACTCGTGCTCGTG-1
hoa3,hoa3_ATTCCATAGGCTATCT-1,ATTCCATAGGCTATCT-1
hoa3,hoa3_ATTCCATCATGAGTAA-1,ATTCCATCATGAGTAA-1
hoa3,hoa3_ATTCCTAAGACGCAGT-1,ATTCCTAAGACGCAGT-1
hoa3,hoa3_ATTCCTACAGAGAATT-1,ATTCCTACAGAGAATT-1
hoa3,hoa3_ATTCCTACATGTAACC-1,ATTCCTACATGTAACC-1
hoa3,hoa3_ATTCGTTAGCATAGGC-1,ATTCGTTAGCATAGGC-1
hoa3,hoa3_ATTCTACGTCCCAAAT-1,ATTCTACGTCCCAAAT-1
hoa3,hoa3_ATTCTTGGTTTAGACC-1,ATTCTTGGTTTAGACC-1
hoa3,hoa3_ATTCTTGTCTTCGTAT-1,ATTCTTGTCTTCGTAT-1
hoa3,hoa3_ATTGGGTTCTGTCGTC-1,ATTGGGTTCTGTCGTC-1
hoa3,hoa3_ATTGTTCCAAACTAGA-1,ATTGTTCCAAACTAGA-1
hoa3,hoa3_ATTGTTCTCGGCGATC-1,ATTGTTCTCGGCGATC-1
hoa3,hoa3_ATTTACCTCAAGTGTC-1,ATTTACCTCAAGTGTC-1
hoa3,hoa3_CAAAGAAGTAATGTGA-1,CAAAGAAGTAATGTGA-1
hoa3,hoa3_CAACAACTCCTAGCCT-1,CAACAACTCCTAGCCT-1
hoa3,hoa3_CAACAGTAGGTCCGAA-1,CAACAGTAGGTCCGAA-1
hoa3,hoa3_CAACAGTGTTCTAACG-1,CAACAGTGTTCTAACG-1
hoa3,hoa3_CAACCAAAGCGACATG-1,CAACCAAAGCGACATG-1
hoa3,hoa3_CAAGCTACAAGTAGTA-1,CAAGCTACAAGTAGTA-1
hoa3,hoa3_CAAGGGAAGGCATGGT-1,CAAGGGAAGGCATGGT-1
hoa3,hoa3_CAAGGGACAGAGTTCT-1,CAAGGGACAGAGTTCT-1
hoa3,hoa3_CAATACGAGTTCTACG-1,CAATACGAGTTCTACG-1
hoa3,hoa3_CAATACGGTCGTTATG-1,CAATACGGTCGTTATG-1
hoa3,hoa3_CACAACAAGGCTCCCA-1,CACAACAAGGCTCCCA-1
hoa3,hoa3_CACAACAGTACCCGCA-1,CACAACAGTACCCGCA-1
hoa3,hoa3_CACACAACACTTCAGA-1,CACACAACACTTCAGA-1
hoa3,hoa3_CACAGATCAATCTAGC-1,CACAGATCAATCTAGC-1
hoa3,hoa3_CACCAAAAGGGATCAC-1,CACCAAAAGGGATCAC-1
hoa3,hoa3_CACCAAACATTGTGCA-1,CACCAAACATTGTGCA-1
hoa3,hoa3_CACCAAATCCTCACTG-1,CACCAAATCCTCACTG-1
hoa3,hoa3_CACCGTTAGTGCAGCA-1,CACCGTTAGTGCAGCA-1
hoa3,hoa3_CACCGTTTCACGGAGA-1,CACCGTTTCACGGAGA-1
hoa3,hoa3_CACGAATCAGGTCTCG-1,CACGAATCAGGTCTCG-1
hoa3,hoa3_CACGAATCATGGATCT-1,CACGAATCATGGATCT-1
hoa3,hoa3_CACGAATTCAGAGTTC-1,CACGAATTCAGAGTTC-1
hoa3,hoa3_CACGTGGCATACCGTA-1,CACGTGGCATACCGTA-1
hoa3,hoa3_CACGTTCCAATGCAAA-1,CACGTTCCAATGCAAA-1
hoa3,hoa3_CACGTTCTCTTAGTTC-1,CACGTTCTCTTAGTTC-1
hoa3,hoa3_CACTGAAAGAGATCGC-1,CACTGAAAGAGATCGC-1
hoa3,hoa3_CACTGAATCAACTGAC-1,CACTGAATCAACTGAC-1
hoa3,hoa3_CACTGGGCATATGCGT-1,CACTGGGCATATGCGT-1
hoa3,hoa3_CACTGTCCAAGGACAC-1,CACTGTCCAAGGACAC-1
hoa3,hoa3_CACTGTCGTTCGGCCA-1,CACTGTCGTTCGGCCA-1
hoa3,hoa3_CAGAGCCGTAGTGTGG-1,CAGAGCCGTAGTGTGG-1
hoa3,hoa3_CAGATTGGTGAAGCTG-1,CAGATTGGTGAAGCTG-1
hoa3,hoa3_CAGATTGGTGAGGATC-1,CAGATTGGTGAGGATC-1
hoa3,hoa3_CAGCAATAGGCGAACT-1,CAGCAATAGGCGAACT-1
hoa3,hoa3_CAGCACGGTATGGGAC-1,CAGCACGGTATGGGAC-1
hoa3,hoa3_CAGGGCTGTTAAGAAC-1,CAGGGCTGTTAAGAAC-1
hoa3,hoa3_CAGGGCTTCTCGTCAC-1,CAGGGCTTCTCGTCAC-1
hoa3,hoa3_CAGGTATGTCCAAGAG-1,CAGGTATGTCCAAGAG-1
hoa3,hoa3_CAGTGCGAGGATACGC-1,CAGTGCGAGGATACGC-1
hoa3,hoa3_CAGTGCGCAACCTAAC-1,CAGTGCGCAACCTAAC-1
hoa3,hoa3_CAGTTAGGTAGGATAT-1,CAGTTAGGTAGGATAT-1
hoa3,hoa3_CAGTTAGGTTTGGAGG-1,CAGTTAGGTTTGGAGG-1
hoa3,hoa3_CAGTTCCGTTAAGACA-1,CAGTTCCGTTAAGACA-1
hoa3,hoa3_CAGTTCCTCATAGGCT-1,CAGTTCCTCATAGGCT-1
hoa3,hoa3_CATAAGCGTTATGGTC-1,CATAAGCGTTATGGTC-1
hoa3,hoa3_CATACAGCACAAGCTT-1,CATACAGCACAAGCTT-1
hoa3,hoa3_CATACCCAGAGTCGAC-1,CATACCCAGAGTCGAC-1
hoa3,hoa3_CATACTTGTGAGAACC-1,CATACTTGTGAGAACC-1
hoa3,hoa3_CATCAAGAGCAAGTCG-1,CATCAAGAGCAAGTCG-1
hoa3,hoa3_CATCAAGAGTGAGGCT-1,CATCAAGAGTGAGGCT-1
hoa3,hoa3_CATCGCTGTCTTTCAT-1,CATCGCTGTCTTTCAT-1
hoa3,hoa3_CATCGGGAGCTTTCTT-1,CATCGGGAGCTTTCTT-1
hoa3,hoa3_CATGAGTTCAAGTAAG-1,CATGAGTTCAAGTAAG-1
hoa3,hoa3_CATGGATAGCCTCGTG-1,CATGGATAGCCTCGTG-1
hoa3,hoa3_CATGGTAGTTCGCGTG-1,CATGGTAGTTCGCGTG-1
hoa3,hoa3_CATGGTATCCTGGTCT-1,CATGGTATCCTGGTCT-1
hoa3,hoa3_CATGGTATCGATGGAG-1,CATGGTATCGATGGAG-1
hoa3,hoa3_CATTCATTCTCAGGCG-1,CATTCATTCTCAGGCG-1
hoa3,hoa3_CATTCTAGTACGCGTC-1,CATTCTAGTACGCGTC-1
hoa3,hoa3_CATTCTAGTACGGCAA-1,CATTCTAGTACGGCAA-1
hoa3,hoa3_CATTCTATCCGACGGT-1,CATTCTATCCGACGGT-1
hoa3,hoa3_CATTGCCTCGATCCCT-1,CATTGCCTCGATCCCT-1
hoa3,hoa3_CATTTCAAGCGAACTG-1,CATTTCAAGCGAACTG-1
hoa3,hoa3_CCAAGCGAGTAGACCG-1,CCAAGCGAGTAGACCG-1
hoa3,hoa3_CCAATGAAGGCGAAGG-1,CCAATGAAGGCGAAGG-1
hoa3,hoa3_CCAATGACAAGGATGC-1,CCAATGACAAGGATGC-1
hoa3,hoa3_CCAATTTCAATATCCG-1,CCAATTTCAATATCCG-1
hoa3,hoa3_CCAATTTTCACTCGAA-1,CCAATTTTCACTCGAA-1
hoa3,hoa3_CCACGTTCAAAGCACG-1,CCACGTTCAAAGCACG-1
hoa3,hoa3_CCACGTTCAAGACAAT-1,CCACGTTCAAGACAAT-1
hoa3,hoa3_CCACGTTCACTTTAGG-1,CCACGTTCACTTTAGG-1
hoa3,hoa3_CCACTTGTCACCCTCA-1,CCACTTGTCACCCTCA-1
hoa3,hoa3_CCATAAGCAGCGTATT-1,CCATAAGCAGCGTATT-1
hoa3,hoa3_CCCAACTGTTAAGGGC-1,CCCAACTGTTAAGGGC-1
hoa3,hoa3_CCCGAAGCAACTGCCG-1,CCCGAAGCAACTGCCG-1
hoa3,hoa3_CCCGGAAAGTGTTGAA-1,CCCGGAAAGTGTTGAA-1
hoa3,hoa3_CCCTCAACAAGGATGC-1,CCCTCAACAAGGATGC-1
hoa3,hoa3_CCCTCTCTCTCAAAGC-1,CCCTCTCTCTCAAAGC-1
hoa3,hoa3_CCCTGATAGGTTCATC-1,CCCTGATAGGTTCATC-1
hoa3,hoa3_CCCTGATTCTATCGGA-1,CCCTGATTCTATCGGA-1
hoa3,hoa3_CCCTTAGGTTGTTGAC-1,CCCTTAGGTTGTTGAC-1
hoa3,hoa3_CCCTTAGTCTAGTCAG-1,CCCTTAGTCTAGTCAG-1
hoa3,hoa3_CCGAACGAGGTCGTCC-1,CCGAACGAGGTCGTCC-1
hoa3,hoa3_CCGAACGTCACGATAC-1,CCGAACGTCACGATAC-1
hoa3,hoa3_CCGATCTAGACTGTTC-1,CCGATCTAGACTGTTC-1
hoa3,hoa3_CCGGGTAAGTCCGCCA-1,CCGGGTAAGTCCGCCA-1
hoa3,hoa3_CCGGGTAGTGCCTTTC-1,CCGGGTAGTGCCTTTC-1
hoa3,hoa3_CCGGTAGAGGCAGTCA-1,CCGGTAGAGGCAGTCA-1
hoa3,hoa3_CCGGTGATCGGCTTGG-1,CCGGTGATCGGCTTGG-1
hoa3,hoa3_CCGTAGGGTACTAACC-1,CCGTAGGGTACTAACC-1
hoa3,hoa3_CCGTGAGGTCATTGCA-1,CCGTGAGGTCATTGCA-1
hoa3,hoa3_CCGTGAGTCACATTGG-1,CCGTGAGTCACATTGG-1
hoa3,hoa3_CCGTTCAAGACTACGG-1,CCGTTCAAGACTACGG-1
hoa3,hoa3_CCGTTCAGTGAGCTCC-1,CCGTTCAGTGAGCTCC-1
hoa3,hoa3_CCTACGTAGGGTATAT-1,CCTACGTAGGGTATAT-1
hoa3,hoa3_CCTACGTCAAGGTCTT-1,CCTACGTCAAGGTCTT-1
hoa3,hoa3_CCTCAACAGGTATTGA-1,CCTCAACAGGTATTGA-1
hoa3,hoa3_CCTCACATCCAGTACA-1,CCTCACATCCAGTACA-1
hoa3,hoa3_CCTCCAAAGAAAGTCT-1,CCTCCAAAGAAAGTCT-1
hoa3,hoa3_CCTCCAACACTTGGCG-1,CCTCCAACACTTGGCG-1
hoa3,hoa3_CCTCCAATCCCGATCT-1,CCTCCAATCCCGATCT-1
hoa3,hoa3_CCTGTTGTCAAGAGGC-1,CCTGTTGTCAAGAGGC-1
hoa3,hoa3_CCTTCAGGTCGAACGA-1,CCTTCAGGTCGAACGA-1
hoa3,hoa3_CCTTCAGGTGCCGGTT-1,CCTTCAGGTGCCGGTT-1
hoa3,hoa3_CCTTGTGCATATAGCC-1,CCTTGTGCATATAGCC-1
hoa3,hoa3_CCTTTGGCACACGGAA-1,CCTTTGGCACACGGAA-1
hoa3,hoa3_CCTTTGGTCATTCCTA-1,CCTTTGGTCATTCCTA-1
hoa3,hoa3_CGAATTGCAAGCTGCC-1,CGAATTGCAAGCTGCC-1
hoa3,hoa3_CGAATTGGTTGCATCA-1,CGAATTGGTTGCATCA-1
hoa3,hoa3_CGACAGCAGTCGCCCA-1,CGACAGCAGTCGCCCA-1
hoa3,hoa3_CGAGAAGCAGCTCCTT-1,CGAGAAGCAGCTCCTT-1
hoa3,hoa3_CGAGGAACACAAAGCG-1,CGAGGAACACAAAGCG-1
hoa3,hoa3_CGAGGCTAGTGCACAG-1,CGAGGCTAGTGCACAG-1
hoa3,hoa3_CGAGTGCCAAGGTCGA-1,CGAGTGCCAAGGTCGA-1
hoa3,hoa3_CGATCGGTCCGGGACT-1,CGATCGGTCCGGGACT-1
hoa3,hoa3_CGATGGCAGCACCAGA-1,CGATGGCAGCACCAGA-1
hoa3,hoa3_CGATGGCCACGCTGTG-1,CGATGGCCACGCTGTG-1
hoa3,hoa3_CGATGGCCACGGTGCT-1,CGATGGCCACGGTGCT-1
hoa3,hoa3_CGCAGGTTCTCCCTAG-1,CGCAGGTTCTCCCTAG-1
hoa3,hoa3_CGCATGGGTACTCAAC-1,CGCATGGGTACTCAAC-1
hoa3,hoa3_CGCATGGTCCTTCTGG-1,CGCATGGTCCTTCTGG-1
hoa3,hoa3_CGCCATTAGAACTGAT-1,CGCCATTAGAACTGAT-1
hoa3,hoa3_CGGAATTAGCATTTCG-1,CGGAATTAGCATTTCG-1
hoa3,hoa3_CGGAGAACATTAAAGG-1,CGGAGAACATTAAAGG-1
hoa3,hoa3_CGGCAGTCAGAAATCA-1,CGGCAGTCAGAAATCA-1
hoa3,hoa3_CGGGACTTCAATCGGT-1,CGGGACTTCAATCGGT-1
hoa3,hoa3_CGGGCATAGTCATCCA-1,CGGGCATAGTCATCCA-1
hoa3,hoa3_CGGGCATGTCACTTAG-1,CGGGCATGTCACTTAG-1
hoa3,hoa3_CGGGCATGTCCACGCA-1,CGGGCATGTCCACGCA-1
hoa3,hoa3_CGGGCATTCGTTGCCT-1,CGGGCATTCGTTGCCT-1
hoa3,hoa3_CGGGTCAAGGCTTTCA-1,CGGGTCAAGGCTTTCA-1
hoa3,hoa3_CGGGTCAGTGATACCT-1,CGGGTCAGTGATACCT-1
hoa3,hoa3_CGGGTGTCATCACCAA-1,CGGGTGTCATCACCAA-1
hoa3,hoa3_CGGTCAGAGCTCGGCT-1,CGGTCAGAGCTCGGCT-1
hoa3,hoa3_CGGTCAGGTCAAAGTA-1,CGGTCAGGTCAAAGTA-1
hoa3,hoa3_CGGTCAGGTTCAGTAC-1,CGGTCAGGTTCAGTAC-1
hoa3,hoa3_CGTCAAAAGTGGTGGT-1,CGTCAAAAGTGGTGGT-1
hoa3,hoa3_CGTCAAAGTCCACACG-1,CGTCAAAGTCCACACG-1
hoa3,hoa3_CGTCCATTCAGCGCAC-1,CGTCCATTCAGCGCAC-1
hoa3,hoa3_CGTGAATAGGTTACCT-1,CGTGAATAGGTTACCT-1
hoa3,hoa3_CGTGAATCAGACCAAG-1,CGTGAATCAGACCAAG-1
hoa3,hoa3_CGTGAATTCAGTGATC-1,CGTGAATTCAGTGATC-1
hoa3,hoa3_CGTGATATCACCTCTG-1,CGTGATATCACCTCTG-1
hoa3,hoa3_CGTGTCTTCCACTTTA-1,CGTGTCTTCCACTTTA-1
hoa3,hoa3_CGTTCTGAGGTCCTGC-1,CGTTCTGAGGTCCTGC-1
hoa3,hoa3_CTACAGAGTGACAACG-1,CTACAGAGTGACAACG-1
hoa3,hoa3_CTACAGATCGCTCTCA-1,CTACAGATCGCTCTCA-1
hoa3,hoa3_CTACATTAGTGGTTCT-1,CTACATTAGTGGTTCT-1
hoa3,hoa3_CTACCCACACGGCGTT-1,CTACCCACACGGCGTT-1
hoa3,hoa3_CTACCTGCAAATCAGA-1,CTACCTGCAAATCAGA-1
hoa3,hoa3_CTACCTGCAGCTGTAT-1,CTACCTGCAGCTGTAT-1
hoa3,hoa3_CTACGGGGTGCACAAG-1,CTACGGGGTGCACAAG-1
hoa3,hoa3_CTACTATAGGGCAGTT-1,CTACTATAGGGCAGTT-1
hoa3,hoa3_CTAGACACACTTGACA-1,CTAGACACACTTGACA-1
hoa3,hoa3_CTAGACACATGAGTAA-1,CTAGACACATGAGTAA-1
hoa3,hoa3_CTAGACATCACTAGCA-1,CTAGACATCACTAGCA-1
hoa3,hoa3_CTATCTAAGTCACTGT-1,CTATCTAAGTCACTGT-1
hoa3,hoa3_CTCAACCCATGACAAA-1,CTCAACCCATGACAAA-1
hoa3,hoa3_CTCAAGACACCAAAGG-1,CTCAAGACACCAAAGG-1
hoa3,hoa3_CTCAAGAGTTTAGAGA-1,CTCAAGAGTTTAGAGA-1
hoa3,hoa3_CTCAAGATCTTGCAAG-1,CTCAAGATCTTGCAAG-1
hoa3,hoa3_CTCACTGCACGATTCA-1,CTCACTGCACGATTCA-1
hoa3,hoa3_CTCAGAATCGTAGGAG-1,CTCAGAATCGTAGGAG-1
hoa3,hoa3_CTCAGGGGTATCGTGT-1,CTCAGGGGTATCGTGT-1
hoa3,hoa3_CTCATTACACTCATAG-1,CTCATTACACTCATAG-1
hoa3,hoa3_CTCCATGAGGTCGACA-1,CTCCATGAGGTCGACA-1
hoa3,hoa3_CTCCCAACAGCAGTAG-1,CTCCCAACAGCAGTAG-1
hoa3,hoa3_CTCCCTCTCAGTCCGG-1,CTCCCTCTCAGTCCGG-1
hoa3,hoa3_CTCCGATAGAATCCCT-1,CTCCGATAGAATCCCT-1
hoa3,hoa3_CTCCTTTAGCCATTCA-1,CTCCTTTAGCCATTCA-1
hoa3,hoa3_CTCCTTTCAAGTGTCT-1,CTCCTTTCAAGTGTCT-1
hoa3,hoa3_CTCCTTTCACTTGAAC-1,CTCCTTTCACTTGAAC-1
hoa3,hoa3_CTCGAGGGTTGCGGAA-1,CTCGAGGGTTGCGGAA-1
hoa3,hoa3_CTCGAGGTCATACGGT-1,CTCGAGGTCATACGGT-1
hoa3,hoa3_CTCTCAGAGGACGCTA-1,CTCTCAGAGGACGCTA-1
hoa3,hoa3_CTCTCGAGTTTACCAG-1,CTCTCGAGTTTACCAG-1
hoa3,hoa3_CTCTGGTCAATCCTTT-1,CTCTGGTCAATCCTTT-1
hoa3,hoa3_CTGCATCTCCCTATTA-1,CTGCATCTCCCTATTA-1
hoa3,hoa3_CTGCCATTCGTGGCTG-1,CTGCCATTCGTGGCTG-1
hoa3,hoa3_CTGCCTATCAGGTGTT-1,CTGCCTATCAGGTGTT-1
hoa3,hoa3_CTGCGAGTCCCACAGG-1,CTGCGAGTCCCACAGG-1
hoa3,hoa3_CTGCGAGTCGCTAAAC-1,CTGCGAGTCGCTAAAC-1
hoa3,hoa3_CTGCTCAGTGACAGGT-1,CTGCTCAGTGACAGGT-1
hoa3,hoa3_CTGGACGGTGCCCGTA-1,CTGGACGGTGCCCGTA-1
hoa3,hoa3_CTGTACCGTGCAAGAC-1,CTGTACCGTGCAAGAC-1
hoa3,hoa3_CTGTATTGTAATGATG-1,CTGTATTGTAATGATG-1
hoa3,hoa3_CTGTATTGTCTCCTGT-1,CTGTATTGTCTCCTGT-1
hoa3,hoa3_CTGTGAAGTCTTTCTA-1,CTGTGAAGTCTTTCTA-1
hoa3,hoa3_CTGTGGGAGCGAGTCA-1,CTGTGGGAGCGAGTCA-1
hoa3,hoa3_CTGTGGGCAGCTGGTC-1,CTGTGGGCAGCTGGTC-1
hoa3,hoa3_CTGTGGGGTCGTTTCC-1,CTGTGGGGTCGTTTCC-1
hoa3,hoa3_CTTAGGACACAGTACT-1,CTTAGGACACAGTACT-1
hoa3,hoa3_CTTCAATTCCGTCCTA-1,CTTCAATTCCGTCCTA-1
hoa3,hoa3_CTTCCGAAGAGGCTGT-1,CTTCCGAAGAGGCTGT-1
hoa3,hoa3_CTTCCGAGTCACGACC-1,CTTCCGAGTCACGACC-1
hoa3,hoa3_CTTCCTTCATGCACTA-1,CTTCCTTCATGCACTA-1
hoa3,hoa3_CTTCGGTCAGTAGAGC-1,CTTCGGTCAGTAGAGC-1
hoa3,hoa3_CTTCGGTTCACAAGGG-1,CTTCGGTTCACAAGGG-1
hoa3,hoa3_CTTGAGAAGCAAGGAA-1,CTTGAGAAGCAAGGAA-1
hoa3,hoa3_CTTGAGATCCGCACTT-1,CTTGAGATCCGCACTT-1
hoa3,hoa3_GAACACTAGGTTAAAC-1,GAACACTAGGTTAAAC-1
hoa3,hoa3_GAACGTTCAGCCGTTG-1,GAACGTTCAGCCGTTG-1
hoa3,hoa3_GAACTGTAGCTGAGTG-1,GAACTGTAGCTGAGTG-1
hoa3,hoa3_GAACTGTCAAGCGAGT-1,GAACTGTCAAGCGAGT-1
hoa3,hoa3_GAAGCCCAGATTGGGC-1,GAAGCCCAGATTGGGC-1
hoa3,hoa3_GAATAGACAAACGTGG-1,GAATAGACAAACGTGG-1
hoa3,hoa3_GAATCGTCAGAGTGAC-1,GAATCGTCAGAGTGAC-1
hoa3,hoa3_GACACGCTCGCCAGTG-1,GACACGCTCGCCAGTG-1
hoa3,hoa3_GACATCACATGACTGT-1,GACATCACATGACTGT-1
hoa3,hoa3_GACCCAGAGATTGACA-1,GACCCAGAGATTGACA-1
hoa3,hoa3_GACCCAGCAACGCATT-1,GACCCAGCAACGCATT-1
hoa3,hoa3_GACCTTCAGGACATCG-1,GACCTTCAGGACATCG-1
hoa3,hoa3_GACGTTAAGCGGACAT-1,GACGTTAAGCGGACAT-1
hoa3,hoa3_GACGTTACAGCTTTCC-1,GACGTTACAGCTTTCC-1
hoa3,hoa3_GACGTTAGTTACGCCG-1,GACGTTAGTTACGCCG-1
hoa3,hoa3_GACTATGCAAAGTATG-1,GACTATGCAAAGTATG-1
hoa3,hoa3_GAGACCCAGGATACAT-1,GAGACCCAGGATACAT-1
hoa3,hoa3_GAGACCCTCACTAGCA-1,GAGACCCTCACTAGCA-1
hoa3,hoa3_GAGCTGCTCCATGAGT-1,GAGCTGCTCCATGAGT-1
hoa3,hoa3_GAGGCAATCGGTCTAA-1,GAGGCAATCGGTCTAA-1
hoa3,hoa3_GAGGCCTAGCTCGAAG-1,GAGGCCTAGCTCGAAG-1
hoa3,hoa3_GAGTCATTCTCTGACC-1,GAGTCATTCTCTGACC-1
hoa3,hoa3_GAGTCTAAGGCATGCA-1,GAGTCTAAGGCATGCA-1
hoa3,hoa3_GAGTTGTCAATAGTCC-1,GAGTTGTCAATAGTCC-1
hoa3,hoa3_GAGTTTGGTCGACTTA-1,GAGTTTGGTCGACTTA-1
hoa3,hoa3_GAGTTTGGTGCAACGA-1,GAGTTTGGTGCAACGA-1
hoa3,hoa3_GATAGAAAGAAATTCG-1,GATAGAAAGAAATTCG-1
hoa3,hoa3_GATAGAAAGTAGCAAT-1,GATAGAAAGTAGCAAT-1
hoa3,hoa3_GATAGAAAGTAGGGTC-1,GATAGAAAGTAGGGTC-1
hoa3,hoa3_GATCATGCAGCGTTTA-1,GATCATGCAGCGTTTA-1
hoa3,hoa3_GATCCCTAGGTTACCT-1,GATCCCTAGGTTACCT-1
hoa3,hoa3_GATCGTAGTGAGTCAG-1,GATCGTAGTGAGTCAG-1
hoa3,hoa3_GATGACTTCTGCACCT-1,GATGACTTCTGCACCT-1
hoa3,hoa3_GATGAGGTCCCAGTGG-1,GATGAGGTCCCAGTGG-1
hoa3,hoa3_GATGATCCATATTCGG-1,GATGATCCATATTCGG-1
hoa3,hoa3_GATTCTTGTTAGGCCC-1,GATTCTTGTTAGGCCC-1
hoa3,hoa3_GCAACCGTCTTGAGCA-1,GCAACCGTCTTGAGCA-1
hoa3,hoa3_GCACATAAGGCACTAG-1,GCACATAAGGCACTAG-1
hoa3,hoa3_GCACATAAGTGAGTGC-1,GCACATAAGTGAGTGC-1
hoa3,hoa3_GCACGTGGTTAGGAGC-1,GCACGTGGTTAGGAGC-1
hoa3,hoa3_GCACTAAGTCTTCTAT-1,GCACTAAGTCTTCTAT-1
hoa3,hoa3_GCACTAATCATAGGCT-1,GCACTAATCATAGGCT-1
hoa3,hoa3_GCACTAATCGAGAAGC-1,GCACTAATCGAGAAGC-1
hoa3,hoa3_GCACTAATCTAGCATG-1,GCACTAATCTAGCATG-1
hoa3,hoa3_GCAGCCAGTATCAAGA-1,GCAGCCAGTATCAAGA-1
hoa3,hoa3_GCAGCTGAGTGATGGC-1,GCAGCTGAGTGATGGC-1
hoa3,hoa3_GCAGTTAAGGGTGAGG-1,GCAGTTAAGGGTGAGG-1
hoa3,hoa3_GCATCGGCATAACTCG-1,GCATCGGCATAACTCG-1
hoa3,hoa3_GCATGATTCGGCCTTT-1,GCATGATTCGGCCTTT-1
hoa3,hoa3_GCATTAGAGAAATTCG-1,GCATTAGAGAAATTCG-1
hoa3,hoa3_GCATTAGCAAAGGCGT-1,GCATTAGCAAAGGCGT-1
hoa3,hoa3_GCCAACGAGCCGATCC-1,GCCAACGAGCCGATCC-1
hoa3,hoa3_GCCAACGCAACCAACT-1,GCCAACGCAACCAACT-1
hoa3,hoa3_GCCAGCACAGGGTTGA-1,GCCAGCACAGGGTTGA-1
hoa3,hoa3_GCCAGGTAGCCATTCA-1,GCCAGGTAGCCATTCA-1
hoa3,hoa3_GCCAGGTAGTCATTGC-1,GCCAGGTAGTCATTGC-1
hoa3,hoa3_GCCAGTGAGCTACTGT-1,GCCAGTGAGCTACTGT-1
hoa3,hoa3_GCCATGGCATACAGGG-1,GCCATGGCATACAGGG-1
hoa3,hoa3_GCCATGGTCCTGGTCT-1,GCCATGGTCCTGGTCT-1
hoa3,hoa3_GCCCAGAGTAGCTGTT-1,GCCCAGAGTAGCTGTT-1
hoa3,hoa3_GCCCAGATCCACACAA-1,GCCCAGATCCACACAA-1
hoa3,hoa3_GCCCGAATCACTGATG-1,GCCCGAATCACTGATG-1
hoa3,hoa3_GCCGATGTCCATAGGT-1,GCCGATGTCCATAGGT-1
hoa3,hoa3_GCCGTGACACACGCCA-1,GCCGTGACACACGCCA-1
hoa3,hoa3_GCGATCGCAGCAAGAC-1,GCGATCGCAGCAAGAC-1
hoa3,hoa3_GCGATCGGTGTCTCCT-1,GCGATCGGTGTCTCCT-1
hoa3,hoa3_GCGGAAAAGCTGCCAC-1,GCGGAAAAGCTGCCAC-1
hoa3,hoa3_GCGGATCCAGCTAACT-1,GCGGATCCAGCTAACT-1
hoa3,hoa3_GCGTGCAGTAGGACTG-1,GCGTGCAGTAGGACTG-1
hoa3,hoa3_GCGTGCAGTCAACATC-1,GCGTGCAGTCAACATC-1
hoa3,hoa3_GCGTGCAGTGTACGCC-1,GCGTGCAGTGTACGCC-1
hoa3,hoa3_GCGTTTCAGGACGCTA-1,GCGTTTCAGGACGCTA-1
hoa3,hoa3_GCTTCACCATTAAGCC-1,GCTTCACCATTAAGCC-1
hoa3,hoa3_GCTTGGGCACACACGC-1,GCTTGGGCACACACGC-1
hoa3,hoa3_GCTTGGGTCCGGTTCT-1,GCTTGGGTCCGGTTCT-1
hoa3,hoa3_GCTTTCGAGTTTCTTC-1,GCTTTCGAGTTTCTTC-1
hoa3,hoa3_GGAACCCCAGGGACTA-1,GGAACCCCAGGGACTA-1
hoa3,hoa3_GGAACCCTCCTTCTGG-1,GGAACCCTCCTTCTGG-1
hoa3,hoa3_GGAAGTGCAAATAGCA-1,GGAAGTGCAAATAGCA-1
hoa3,hoa3_GGAAGTGCACTGGACC-1,GGAAGTGCACTGGACC-1
hoa3,hoa3_GGAAGTGTCGTAACTG-1,GGAAGTGTCGTAACTG-1
hoa3,hoa3_GGACGTCGTGACTGTT-1,GGACGTCGTGACTGTT-1
hoa3,hoa3_GGAGGATCAATAGTAG-1,GGAGGATCAATAGTAG-1
hoa3,hoa3_GGCTTGGAGAGTCTGG-1,GGCTTGGAGAGTCTGG-1
hoa3,hoa3_GGCTTTCTCAAACGAA-1,GGCTTTCTCAAACGAA-1
hoa3,hoa3_GGGACCTAGCCGGATA-1,GGGACCTAGCCGGATA-1
hoa3,hoa3_GGGACCTCATGGCCCA-1,GGGACCTCATGGCCCA-1
hoa3,hoa3_GGGACCTGTTCCGCGA-1,GGGACCTGTTCCGCGA-1
hoa3,hoa3_GGGACTCCAGGAGGTT-1,GGGACTCCAGGAGGTT-1
hoa3,hoa3_GGGAGATAGCAGCCTC-1,GGGAGATAGCAGCCTC-1
hoa3,hoa3_GGGATCCTCGTAACTG-1,GGGATCCTCGTAACTG-1
hoa3,hoa3_GGGCGTTTCTATCGCC-1,GGGCGTTTCTATCGCC-1
hoa3,hoa3_GGGCTACGTTATGTGC-1,GGGCTACGTTATGTGC-1
hoa3,hoa3_GGGCTACTCAACTCTT-1,GGGCTACTCAACTCTT-1
hoa3,hoa3_GGGCTACTCGCGGACT-1,GGGCTACTCGCGGACT-1
hoa3,hoa3_GGGCTCAGTGCATACT-1,GGGCTCAGTGCATACT-1
hoa3,hoa3_GGGTAGAAGGACAAGA-1,GGGTAGAAGGACAAGA-1
hoa3,hoa3_GGGTAGACAGCTCCTT-1,GGGTAGACAGCTCCTT-1
hoa3,hoa3_GGGTATTAGTAAACTG-1,GGGTATTAGTAAACTG-1
hoa3,hoa3_GGGTATTCATGAAAGT-1,GGGTATTCATGAAAGT-1
hoa3,hoa3_GGGTATTGTCTGGTTA-1,GGGTATTGTCTGGTTA-1
hoa3,hoa3_GGGTCACCAAACACGG-1,GGGTCACCAAACACGG-1
hoa3,hoa3_GGGTCACCATCGAGCC-1,GGGTCACCATCGAGCC-1
hoa3,hoa3_GGGTGTCCATAATGCC-1,GGGTGTCCATAATGCC-1
hoa3,hoa3_GGTAACTGTCGTACTA-1,GGTAACTGTCGTACTA-1
hoa3,hoa3_GGTAATCGTTTCTATC-1,GGTAATCGTTTCTATC-1
hoa3,hoa3_GGTAGAGAGGACAACC-1,GGTAGAGAGGACAACC-1
hoa3,hoa3_GGTCACGTCTGCACCT-1,GGTCACGTCTGCACCT-1
hoa3,hoa3_GGTGAAGGTGAGAACC-1,GGTGAAGGTGAGAACC-1
hoa3,hoa3_GGTGATTGTGGCTGCT-1,GGTGATTGTGGCTGCT-1
hoa3,hoa3_GGTGATTTCATGTCTT-1,GGTGATTTCATGTCTT-1
hoa3,hoa3_GGTGTCGGTGTCCTAA-1,GGTGTCGGTGTCCTAA-1
hoa3,hoa3_GGTGTTACAAAGCTCT-1,GGTGTTACAAAGCTCT-1
hoa3,hoa3_GGTTCTCAGCGCTGAA-1,GGTTCTCAGCGCTGAA-1
hoa3,hoa3_GGTTCTCGTGACACGA-1,GGTTCTCGTGACACGA-1
hoa3,hoa3_GGTTCTCTCGGCCAAC-1,GGTTCTCTCGGCCAAC-1
hoa3,hoa3_GTAACACAGTACCCTA-1,GTAACACAGTACCCTA-1
hoa3,hoa3_GTAACACCAGTACTAC-1,GTAACACCAGTACTAC-1
hoa3,hoa3_GTAACCACATCGTCCT-1,GTAACCACATCGTCCT-1
hoa3,hoa3_GTAACCATCTCACCCA-1,GTAACCATCTCACCCA-1
hoa3,hoa3_GTAATCGTCTTACCGC-1,GTAATCGTCTTACCGC-1
hoa3,hoa3_GTAATGCAGCTAAACA-1,GTAATGCAGCTAAACA-1
hoa3,hoa3_GTAATGCAGCTACTAC-1,GTAATGCAGCTACTAC-1
hoa3,hoa3_GTAATGCAGGTACAGC-1,GTAATGCAGGTACAGC-1
hoa3,hoa3_GTACAGTCAACCTATG-1,GTACAGTCAACCTATG-1
hoa3,hoa3_GTAGAGGTCGAAACAA-1,GTAGAGGTCGAAACAA-1
hoa3,hoa3_GTAGAGGTCGTCGCTT-1,GTAGAGGTCGTCGCTT-1
hoa3,hoa3_GTAGATCAGGCACTAG-1,GTAGATCAGGCACTAG-1
hoa3,hoa3_GTAGCTAGTCACCTTC-1,GTAGCTAGTCACCTTC-1
hoa3,hoa3_GTAGGTTGTCTCACGG-1,GTAGGTTGTCTCACGG-1
hoa3,hoa3_GTCAAGTAGCCTCGTG-1,GTCAAGTAGCCTCGTG-1
hoa3,hoa3_GTCAAGTGTCTACATG-1,GTCAAGTGTCTACATG-1
hoa3,hoa3_GTCAAGTTCTCGACGG-1,GTCAAGTTCTCGACGG-1
hoa3,hoa3_GTCACGGCAGCTACAT-1,GTCACGGCAGCTACAT-1
hoa3,hoa3_GTCATCCAGAAATGGG-1,GTCATCCAGAAATGGG-1
hoa3,hoa3_GTCATCCAGTCTGCAT-1,GTCATCCAGTCTGCAT-1
hoa3,hoa3_GTCATGATCCTCACCA-1,GTCATGATCCTCACCA-1
hoa3,hoa3_GTCCACTAGAGCGACT-1,GTCCACTAGAGCGACT-1
hoa3,hoa3_GTCCACTCAGTGGGTA-1,GTCCACTCAGTGGGTA-1
hoa3,hoa3_GTCCACTGTGATAGTA-1,GTCCACTGTGATAGTA-1
hoa3,hoa3_GTCCTCAGTTAGGCCC-1,GTCCTCAGTTAGGCCC-1
hoa3,hoa3_GTCCTCATCCAAATGC-1,GTCCTCATCCAAATGC-1
hoa3,hoa3_GTCGAATTCCACATAG-1,GTCGAATTCCACATAG-1
hoa3,hoa3_GTCGCGACAATGAAAC-1,GTCGCGACAATGAAAC-1
hoa3,hoa3_GTCGTAACAAACCACT-1,GTCGTAACAAACCACT-1
hoa3,hoa3_GTCGTTCAGCAAGTCG-1,GTCGTTCAGCAAGTCG-1
hoa3,hoa3_GTCGTTCGTCACTCAA-1,GTCGTTCGTCACTCAA-1
hoa3,hoa3_GTCTACCTCAAAGGTA-1,GTCTACCTCAAAGGTA-1
hoa3,hoa3_GTCTCACAGGACCCAA-1,GTCTCACAGGACCCAA-1
hoa3,hoa3_GTCTGTCAGGAAGAAC-1,GTCTGTCAGGAAGAAC-1
hoa3,hoa3_GTCTTTAGTTCTTGCC-1,GTCTTTAGTTCTTGCC-1
hoa3,hoa3_GTGACGCCAGCTCTGG-1,GTGACGCCAGCTCTGG-1
hoa3,hoa3_GTGAGCCCACATTCTT-1,GTGAGCCCACATTCTT-1
hoa3,hoa3_GTGAGGATCGCTGCGA-1,GTGAGGATCGCTGCGA-1
hoa3,hoa3_GTGCAGCTCTGCGGGT-1,GTGCAGCTCTGCGGGT-1
hoa3,hoa3_GTGCGTGAGTTACGTC-1,GTGCGTGAGTTACGTC-1
hoa3,hoa3_GTGGGAATCGTGTCAA-1,GTGGGAATCGTGTCAA-1
hoa3,hoa3_GTGGTTAGTTGTAGCT-1,GTGGTTAGTTGTAGCT-1
hoa3,hoa3_GTGTAACTCGTACCTC-1,GTGTAACTCGTACCTC-1
hoa3,hoa3_GTGTGGCTCTAAGCCA-1,GTGTGGCTCTAAGCCA-1
hoa3,hoa3_GTGTGGCTCTCATGGA-1,GTGTGGCTCTCATGGA-1
hoa3,hoa3_GTTACAGTCACTGTCC-1,GTTACAGTCACTGTCC-1
hoa3,hoa3_GTTACAGTCGCTGCGA-1,GTTACAGTCGCTGCGA-1
hoa3,hoa3_GTTACCCTCGGATAAA-1,GTTACCCTCGGATAAA-1
hoa3,hoa3_GTTACGAAGGCCACTC-1,GTTACGAAGGCCACTC-1
hoa3,hoa3_GTTAGACTCCCGTAAA-1,GTTAGACTCCCGTAAA-1
hoa3,hoa3_GTTAGTGCATCTGCGG-1,GTTAGTGCATCTGCGG-1
hoa3,hoa3_GTTAGTGGTTACCCAA-1,GTTAGTGGTTACCCAA-1
hoa3,hoa3_GTTAGTGTCCACGGAC-1,GTTAGTGTCCACGGAC-1
hoa3,hoa3_GTTATGGCATATCTCT-1,GTTATGGCATATCTCT-1
hoa3,hoa3_GTTATGGTCGTTCAGA-1,GTTATGGTCGTTCAGA-1
hoa3,hoa3_GTTCATTTCAAGCCCG-1,GTTCATTTCAAGCCCG-1
hoa3,hoa3_GTTGAACCAATTGCGT-1,GTTGAACCAATTGCGT-1
hoa3,hoa3_GTTGCGGGTTATTCCT-1,GTTGCGGGTTATTCCT-1
hoa3,hoa3_GTTGCGGTCCATCACC-1,GTTGCGGTCCATCACC-1
hoa3,hoa3_GTTGCGGTCTGAGGTT-1,GTTGCGGTCTGAGGTT-1
hoa3,hoa3_GTTGTAGCATCATTTC-1,GTTGTAGCATCATTTC-1
hoa3,hoa3_GTTGTGAAGCTTGTTG-1,GTTGTGAAGCTTGTTG-1
hoa3,hoa3_GTTGTGAGTAGGCTGA-1,GTTGTGAGTAGGCTGA-1
hoa3,hoa3_GTTTACTGTCAGTTTG-1,GTTTACTGTCAGTTTG-1
hoa3,hoa3_GTTTGGACAAAGGCTG-1,GTTTGGACAAAGGCTG-1
hoa3,hoa3_GTTTGGAGTACTCGTA-1,GTTTGGAGTACTCGTA-1
hoa3,hoa3_TAACGACAGTCGGCCT-1,TAACGACAGTCGGCCT-1
hoa3,hoa3_TAACGACTCCGCAACG-1,TAACGACTCCGCAACG-1
hoa3,hoa3_TAACTTCCAGCGAGTA-1,TAACTTCCAGCGAGTA-1
hoa3,hoa3_TAAGCCACAGATCCTA-1,TAAGCCACAGATCCTA-1
hoa3,hoa3_TAAGTCGCAAGGCGTA-1,TAAGTCGCAAGGCGTA-1
hoa3,hoa3_TACAACGAGATGAACT-1,TACAACGAGATGAACT-1
hoa3,hoa3_TACAACGAGGTAGGCT-1,TACAACGAGGTAGGCT-1
hoa3,hoa3_TACAACGCAGTTTGGT-1,TACAACGCAGTTTGGT-1
hoa3,hoa3_TACAGGTTCCTTCACG-1,TACAGGTTCCTTCACG-1
hoa3,hoa3_TACCGAAGTATGTCAC-1,TACCGAAGTATGTCAC-1
hoa3,hoa3_TACCGGGGTATACAGA-1,TACCGGGGTATACAGA-1
hoa3,hoa3_TACCTCGAGGGAACAA-1,TACCTCGAGGGAACAA-1
hoa3,hoa3_TACCTCGAGTGGATTA-1,TACCTCGAGTGGATTA-1
hoa3,hoa3_TACGCTCTCGTTATCT-1,TACGCTCTCGTTATCT-1
hoa3,hoa3_TACGGTATCGCTAATG-1,TACGGTATCGCTAATG-1
hoa3,hoa3_TACTTACCACCCTTAC-1,TACTTACCACCCTTAC-1
hoa3,hoa3_TACTTCATCGTGCACG-1,TACTTCATCGTGCACG-1
hoa3,hoa3_TACTTCATCTTAGCTT-1,TACTTCATCTTAGCTT-1
hoa3,hoa3_TAGACTGCAGTCAGTT-1,TAGACTGCAGTCAGTT-1
hoa3,hoa3_TAGAGTCCAACGTATC-1,TAGAGTCCAACGTATC-1
hoa3,hoa3_TAGAGTCTCTTACCGC-1,TAGAGTCTCTTACCGC-1
hoa3,hoa3_TAGCACATCTACACTT-1,TAGCACATCTACACTT-1
hoa3,hoa3_TAGGAGGCAGAGGCAT-1,TAGGAGGCAGAGGCAT-1
hoa3,hoa3_TAGGAGGTCACCTACC-1,TAGGAGGTCACCTACC-1
hoa3,hoa3_TAGGTACCACATGACT-1,TAGGTACCACATGACT-1
hoa3,hoa3_TATACCTAGCAGCACA-1,TATACCTAGCAGCACA-1
hoa3,hoa3_TATCAGGAGGGCTTCC-1,TATCAGGAGGGCTTCC-1
hoa3,hoa3_TATCAGGGTGCTCTCT-1,TATCAGGGTGCTCTCT-1
hoa3,hoa3_TATCTTGCACATAACC-1,TATCTTGCACATAACC-1
hoa3,hoa3_TATGTTCAGAAGCGGG-1,TATGTTCAGAAGCGGG-1
hoa3,hoa3_TATGTTCGTACATTGC-1,TATGTTCGTACATTGC-1
hoa3,hoa3_TATTTCGGTATCGAGG-1,TATTTCGGTATCGAGG-1
hoa3,hoa3_TCAAGTGTCGACGAGA-1,TCAAGTGTCGACGAGA-1
hoa3,hoa3_TCAATCTGTCAGATTC-1,TCAATCTGTCAGATTC-1
hoa3,hoa3_TCACAAGCATCATCTT-1,TCACAAGCATCATCTT-1
hoa3,hoa3_TCACACCTCCAAACCA-1,TCACACCTCCAAACCA-1
hoa3,hoa3_TCACGCTAGATGTAGT-1,TCACGCTAGATGTAGT-1
hoa3,hoa3_TCACGCTAGCTCGAAG-1,TCACGCTAGCTCGAAG-1
hoa3,hoa3_TCACTATTCAGCGTCG-1,TCACTATTCAGCGTCG-1
hoa3,hoa3_TCACTCGGTATCGTTG-1,TCACTCGGTATCGTTG-1
hoa3,hoa3_TCAGCCTTCTATCCAT-1,TCAGCCTTCTATCCAT-1
hoa3,hoa3_TCAGGGCGTCGTCTCT-1,TCAGGGCGTCGTCTCT-1
hoa3,hoa3_TCAGGTAAGCGCCTCA-1,TCAGGTAAGCGCCTCA-1
hoa3,hoa3_TCAGTGACAATAAGGT-1,TCAGTGACAATAAGGT-1
hoa3,hoa3_TCAGTGATCTAAACGC-1,TCAGTGATCTAAACGC-1
hoa3,hoa3_TCAGTTTGTTTGAACC-1,TCAGTTTGTTTGAACC-1
hoa3,hoa3_TCATACTAGAGACAAG-1,TCATACTAGAGACAAG-1
hoa3,hoa3_TCATACTCAAATCGTC-1,TCATACTCAAATCGTC-1
hoa3,hoa3_TCATATCGTACAAAGT-1,TCATATCGTACAAAGT-1
hoa3,hoa3_TCATCCGTCGCCTTTG-1,TCATCCGTCGCCTTTG-1
hoa3,hoa3_TCATGCCCACAGTCAT-1,TCATGCCCACAGTCAT-1
hoa3,hoa3_TCATGGAAGCTGGTGA-1,TCATGGAAGCTGGTGA-1
hoa3,hoa3_TCATGGAGTACAGTCT-1,TCATGGAGTACAGTCT-1
hoa3,hoa3_TCATTCAAGCACTCCG-1,TCATTCAAGCACTCCG-1
hoa3,hoa3_TCATTGTAGATGCTGG-1,TCATTGTAGATGCTGG-1
hoa3,hoa3_TCATTGTAGCATGCGA-1,TCATTGTAGCATGCGA-1
hoa3,hoa3_TCATTGTGTGGAACCA-1,TCATTGTGTGGAACCA-1
hoa3,hoa3_TCATTGTTCAGTGGGA-1,TCATTGTTCAGTGGGA-1
hoa3,hoa3_TCATTGTTCATCGTAG-1,TCATTGTTCATCGTAG-1
hoa3,hoa3_TCATTTGAGCCAGAGT-1,TCATTTGAGCCAGAGT-1
hoa3,hoa3_TCATTTGCAATAGGAT-1,TCATTTGCAATAGGAT-1
hoa3,hoa3_TCCACCATCGCCTCTA-1,TCCACCATCGCCTCTA-1
hoa3,hoa3_TCCATGCTCTCCAAGA-1,TCCATGCTCTCCAAGA-1
hoa3,hoa3_TCCCACACACCCTGTT-1,TCCCACACACCCTGTT-1
hoa3,hoa3_TCCCAGTAGCTTGTTG-1,TCCCAGTAGCTTGTTG-1
hoa3,hoa3_TCCCATGGTTAGGAGC-1,TCCCATGGTTAGGAGC-1
hoa3,hoa3_TCCGAAAAGTATCCTG-1,TCCGAAAAGTATCCTG-1
hoa3,hoa3_TCCGAAAGTGAAGCGT-1,TCCGAAAGTGAAGCGT-1
hoa3,hoa3_TCCGATCAGTGGTGAC-1,TCCGATCAGTGGTGAC-1
hoa3,hoa3_TCCGATCGTATCTCGA-1,TCCGATCGTATCTCGA-1
hoa3,hoa3_TCCGGGAAGACAACAT-1,TCCGGGAAGACAACAT-1
hoa3,hoa3_TCCGGGAGTTTCGTTT-1,TCCGGGAGTTTCGTTT-1
hoa3,hoa3_TCCTCGACACCAGGTC-1,TCCTCGACACCAGGTC-1
hoa3,hoa3_TCCTCGATCATTACTC-1,TCCTCGATCATTACTC-1
hoa3,hoa3_TCCTCTTAGGCCACTC-1,TCCTCTTAGGCCACTC-1
hoa3,hoa3_TCCTCTTTCCCGTTGT-1,TCCTCTTTCCCGTTGT-1
hoa3,hoa3_TCCTGCATCAATGTCG-1,TCCTGCATCAATGTCG-1
hoa3,hoa3_TCCTTCTAGAGTCGAC-1,TCCTTCTAGAGTCGAC-1
hoa3,hoa3_TCCTTCTCAATCGCAT-1,TCCTTCTCAATCGCAT-1
hoa3,hoa3_TCCTTCTCACGGTCTG-1,TCCTTCTCACGGTCTG-1
hoa3,hoa3_TCCTTTCGTCCAAGAG-1,TCCTTTCGTCCAAGAG-1
hoa3,hoa3_TCGAAGTTCTCGGTCT-1,TCGAAGTTCTCGGTCT-1
hoa3,hoa3_TCGACCTTCAAGTAAG-1,TCGACCTTCAAGTAAG-1
hoa3,hoa3_TCGACGGGTGACAGGT-1,TCGACGGGTGACAGGT-1
hoa3,hoa3_TCGTCCAAGTAAACAC-1,TCGTCCAAGTAAACAC-1
hoa3,hoa3_TCGTGCTGTAACCCGC-1,TCGTGCTGTAACCCGC-1
hoa3,hoa3_TCGTGGGTCGGATTAC-1,TCGTGGGTCGGATTAC-1
hoa3,hoa3_TCTAACTAGTGGCAGT-1,TCTAACTAGTGGCAGT-1
hoa3,hoa3_TCTACATGTACCATAC-1,TCTACATGTACCATAC-1
hoa3,hoa3_TCTACCGCAGTGGCTC-1,TCTACCGCAGTGGCTC-1
hoa3,hoa3_TCTCACGAGTCCCAGC-1,TCTCACGAGTCCCAGC-1
hoa3,hoa3_TCTCAGCCACTTGGCG-1,TCTCAGCCACTTGGCG-1
hoa3,hoa3_TCTCAGCTCCTTCACG-1,TCTCAGCTCCTTCACG-1
hoa3,hoa3_TCTCCGACATCCGAGC-1,TCTCCGACATCCGAGC-1
hoa3,hoa3_TCTGGCTCAGTGACCC-1,TCTGGCTCAGTGACCC-1
hoa3,hoa3_TCTTAGTGTAAGGCCA-1,TCTTAGTGTAAGGCCA-1
hoa3,hoa3_TCTTCCTCAACCGACC-1,TCTTCCTCAACCGACC-1
hoa3,hoa3_TCTTCCTCACCATTCC-1,TCTTCCTCACCATTCC-1
hoa3,hoa3_TCTTCCTGTTAGCTAC-1,TCTTCCTGTTAGCTAC-1
hoa3,hoa3_TCTTGCGGTAATCAAG-1,TCTTGCGGTAATCAAG-1
hoa3,hoa3_TCTTTGACAGCTATTG-1,TCTTTGACAGCTATTG-1
hoa3,hoa3_TGACCCTCAGTTAGAA-1,TGACCCTCAGTTAGAA-1
hoa3,hoa3_TGACGCGGTCCCGGTA-1,TGACGCGGTCCCGGTA-1
hoa3,hoa3_TGACTCCGTGTGTTTG-1,TGACTCCGTGTGTTTG-1
hoa3,hoa3_TGAGGAGCATACCATG-1,TGAGGAGCATACCATG-1
hoa3,hoa3_TGATCTTAGTTTCGAC-1,TGATCTTAGTTTCGAC-1
hoa3,hoa3_TGATCTTGTAGAGTTA-1,TGATCTTGTAGAGTTA-1
hoa3,hoa3_TGATGCAAGCACTGGA-1,TGATGCAAGCACTGGA-1
hoa3,hoa3_TGATTCTCAGTAGATA-1,TGATTCTCAGTAGATA-1
hoa3,hoa3_TGATTCTGTTGAGTCT-1,TGATTCTGTTGAGTCT-1
hoa3,hoa3_TGCAGATTCGAAGAAT-1,TGCAGATTCGAAGAAT-1
hoa3,hoa3_TGCAGGCTCATACGGT-1,TGCAGGCTCATACGGT-1
hoa3,hoa3_TGCAGTATCAACTTTC-1,TGCAGTATCAACTTTC-1
hoa3,hoa3_TGCATCCCAGAATCGG-1,TGCATCCCAGAATCGG-1
hoa3,hoa3_TGCCGAGTCTCGGGAC-1,TGCCGAGTCTCGGGAC-1
hoa3,hoa3_TGCGGCAAGCTTTCCC-1,TGCGGCAAGCTTTCCC-1
hoa3,hoa3_TGCGGCAAGGACGCAT-1,TGCGGCAAGGACGCAT-1
hoa3,hoa3_TGCGGGTTCGGAAGGT-1,TGCGGGTTCGGAAGGT-1
hoa3,hoa3_TGCTCCAAGACATCAA-1,TGCTCCAAGACATCAA-1
hoa3,hoa3_TGCTCGTCAGACGATG-1,TGCTCGTCAGACGATG-1
hoa3,hoa3_TGCTGAAAGTGGTTCT-1,TGCTGAAAGTGGTTCT-1
hoa3,hoa3_TGCTGAACAAATGATG-1,TGCTGAACAAATGATG-1
hoa3,hoa3_TGCTGAAGTACAGTCT-1,TGCTGAAGTACAGTCT-1
hoa3,hoa3_TGCTGAATCCGCAAAT-1,TGCTGAATCCGCAAAT-1
hoa3,hoa3_TGCTTCGCAACGGGTA-1,TGCTTCGCAACGGGTA-1
hoa3,hoa3_TGCTTCGCAGCTTTCC-1,TGCTTCGCAGCTTTCC-1
hoa3,hoa3_TGGAACTAGACCCGCT-1,TGGAACTAGACCCGCT-1
hoa3,hoa3_TGGAACTAGGGTGGGA-1,TGGAACTAGGGTGGGA-1
hoa3,hoa3_TGGAGGACAACCTAAC-1,TGGAGGACAACCTAAC-1
hoa3,hoa3_TGGCGTGCACTCAGAT-1,TGGCGTGCACTCAGAT-1
hoa3,hoa3_TGGCGTGTCGAGTCTA-1,TGGCGTGTCGAGTCTA-1
hoa3,hoa3_TGGGAAGGTACCCACG-1,TGGGAAGGTACCCACG-1
hoa3,hoa3_TGGGAAGGTACGTGAG-1,TGGGAAGGTACGTGAG-1
hoa3,hoa3_TGGGATTTCGTGCACG-1,TGGGATTTCGTGCACG-1
hoa3,hoa3_TGGGCGTCAACAACAA-1,TGGGCGTCAACAACAA-1
hoa3,hoa3_TGGGCGTGTCGCGTCA-1,TGGGCGTGTCGCGTCA-1
hoa3,hoa3_TGGGCTGCAGCCGTTG-1,TGGGCTGCAGCCGTTG-1
hoa3,hoa3_TGGGCTGTCTCGACGG-1,TGGGCTGTCTCGACGG-1
hoa3,hoa3_TGGGTTAGTTATCTGG-1,TGGGTTAGTTATCTGG-1
hoa3,hoa3_TGGTAGTAGTTAGTGA-1,TGGTAGTAGTTAGTGA-1
hoa3,hoa3_TGGTTAGGTCTTTCAT-1,TGGTTAGGTCTTTCAT-1
hoa3,hoa3_TGTAGACAGCTATCCA-1,TGTAGACAGCTATCCA-1
hoa3,hoa3_TGTAGACCAAACCATC-1,TGTAGACCAAACCATC-1
hoa3,hoa3_TGTAGACTCCACGAAT-1,TGTAGACTCCACGAAT-1
hoa3,hoa3_TGTCCACCACTTGAAC-1,TGTCCACCACTTGAAC-1
hoa3,hoa3_TGTCCCAGTGTGAATA-1,TGTCCCAGTGTGAATA-1
hoa3,hoa3_TGTCCTGGTTGTCAGT-1,TGTCCTGGTTGTCAGT-1
hoa3,hoa3_TGTCCTGTCTGGGCCA-1,TGTCCTGTCTGGGCCA-1
hoa3,hoa3_TGTGAGTGTACTCCGG-1,TGTGAGTGTACTCCGG-1
hoa3,hoa3_TGTGATGCACACCAGC-1,TGTGATGCACACCAGC-1
hoa3,hoa3_TGTGGCGCAAGATGGC-1,TGTGGCGCAAGATGGC-1
hoa3,hoa3_TGTGTGAGTACACTCA-1,TGTGTGAGTACACTCA-1
hoa3,hoa3_TGTGTGATCTAGCATG-1,TGTGTGATCTAGCATG-1
hoa3,hoa3_TGTTCCGAGCCTATCA-1,TGTTCCGAGCCTATCA-1
hoa3,hoa3_TTAATCCTCAAGGTGG-1,TTAATCCTCAAGGTGG-1
hoa3,hoa3_TTACAGGAGATACGAT-1,TTACAGGAGATACGAT-1
hoa3,hoa3_TTACAGGAGATCCGAG-1,TTACAGGAGATCCGAG-1
hoa3,hoa3_TTACCATAGCTCCACG-1,TTACCATAGCTCCACG-1
hoa3,hoa3_TTACCATTCCCTCAAC-1,TTACCATTCCCTCAAC-1
hoa3,hoa3_TTACCGCGTGACAGGT-1,TTACCGCGTGACAGGT-1
hoa3,hoa3_TTAGGCAAGGCTTCCG-1,TTAGGCAAGGCTTCCG-1
hoa3,hoa3_TTAGGCACATAAGATG-1,TTAGGCACATAAGATG-1
hoa3,hoa3_TTAGGCATCATTTGGG-1,TTAGGCATCATTTGGG-1
hoa3,hoa3_TTAGGGTCATCCTGTC-1,TTAGGGTCATCCTGTC-1
hoa3,hoa3_TTAGGGTGTATCCTTT-1,TTAGGGTGTATCCTTT-1
hoa3,hoa3_TTATTGCCATGGGAAC-1,TTATTGCCATGGGAAC-1
hoa3,hoa3_TTCAATCGTGACTGTT-1,TTCAATCGTGACTGTT-1
hoa3,hoa3_TTCAGGATCATCCCGT-1,TTCAGGATCATCCCGT-1
hoa3,hoa3_TTCAGGATCCAACTGA-1,TTCAGGATCCAACTGA-1
hoa3,hoa3_TTCCACGAGTACTGGG-1,TTCCACGAGTACTGGG-1
hoa3,hoa3_TTCCTAACAGTCAGTT-1,TTCCTAACAGTCAGTT-1
hoa3,hoa3_TTCCTCTAGGGAACAA-1,TTCCTCTAGGGAACAA-1
hoa3,hoa3_TTCCTCTCAACCGTGC-1,TTCCTCTCAACCGTGC-1
hoa3,hoa3_TTCCTCTGTGTATCCA-1,TTCCTCTGTGTATCCA-1
hoa3,hoa3_TTCCTCTTCGGATAAA-1,TTCCTCTTCGGATAAA-1
hoa3,hoa3_TTCCTTCTCAGCACCG-1,TTCCTTCTCAGCACCG-1
hoa3,hoa3_TTCGATTCAAGGTACG-1,TTCGATTCAAGGTACG-1
hoa3,hoa3_TTCGCTGGTCAATGGG-1,TTCGCTGGTCAATGGG-1
hoa3,hoa3_TTCGGTCCAACCGACC-1,TTCGGTCCAACCGACC-1
hoa3,hoa3_TTCGGTCGTTTCGATG-1,TTCGGTCGTTTCGATG-1
hoa3,hoa3_TTCTCTCGTGTGATGG-1,TTCTCTCGTGTGATGG-1
hoa3,hoa3_TTCTTGACAGTCTTCC-1,TTCTTGACAGTCTTCC-1
hoa3,hoa3_TTGAACGAGAGCATTA-1,TTGAACGAGAGCATTA-1
hoa3,hoa3_TTGATGGGTACTGTTG-1,TTGATGGGTACTGTTG-1
hoa3,hoa3_TTGCATTCAGGCAATG-1,TTGCATTCAGGCAATG-1
hoa3,hoa3_TTGCCTGAGTGCAACG-1,TTGCCTGAGTGCAACG-1
hoa3,hoa3_TTGGATGGTCCCTGAG-1,TTGGATGGTCCCTGAG-1
hoa3,hoa3_TTGGATGTCGAAATCC-1,TTGGATGTCGAAATCC-1
hoa3,hoa3_TTGGGCGAGAAGATCT-1,TTGGGCGAGAAGATCT-1
hoa3,hoa3_TTGGGCGTCGCTTGCT-1,TTGGGCGTCGCTTGCT-1
hoa3,hoa3_TTGGTTTAGGGCAGAG-1,TTGGTTTAGGGCAGAG-1
hoa3,hoa3_TTGGTTTGTAGTATAG-1,TTGGTTTGTAGTATAG-1
hoa3,hoa3_TTGTGGACAAGTTCCA-1,TTGTGGACAAGTTCCA-1
hoa3,hoa3_TTGTGGACAGACAAAT-1,TTGTGGACAGACAAAT-1
hoa3,hoa3_TTGTTCAGTGCCAAGA-1,TTGTTCAGTGCCAAGA-1
hoa3,hoa3_TTTACGTCAGGAGACT-1,TTTACGTCAGGAGACT-1
hoa3,hoa3_TTTACTGAGCGCCTTG-1,TTTACTGAGCGCCTTG-1
hoa3,hoa3_TTTACTGCAGCAGTCC-1,TTTACTGCAGCAGTCC-1
hoa3,hoa3_TTTAGTCTCAGTGTTG-1,TTTAGTCTCAGTGTTG-1
hoa3,hoa3_TTTCACAGTCCACGCA-1,TTTCACAGTCCACGCA-1
hoa3,hoa3_TTTCATGCAACACACT-1,TTTCATGCAACACACT-1
hoa3,hoa3_TTTCATGGTCGGCCTA-1,TTTCATGGTCGGCCTA-1
hoa3,hoa3_TTTCCTCAGGTAACTA-1,TTTCCTCAGGTAACTA-1
hoa3,hoa3_TTTCGATCATAGGCGA-1,TTTCGATCATAGGCGA-1
hoa3,hoa3_TTTGACTAGGAAGTAG-1,TTTGACTAGGAAGTAG-1
hoa3,hoa3_TTTGACTTCGACCACG-1,TTTGACTTCGACCACG-1
hoa3,hoa3_TTTGGAGAGTCCGCGT-1,TTTGGAGAGTCCGCGT-1
hoa3,hoa3_TTTGGTTTCTTGGAAC-1,TTTGGTTTCTTGGAAC-1
hoa3,hoa3_TTTGTTGGTAGTAAGT-1,TTTGTTGGTAGTAAGT-1
