"Gene","rank_hoa2","p_value_hoa2","adjusted_p_value_hoa2","rank_hoa3","p_value_hoa3","adjusted_p_value_hoa3","mean_rank","max_rank"
"SQSTM1",1,1.67345685392545e-64,4.93669771908008e-62,1,3.45789652634163e-62,1.02007947527078e-59,1,1
"NFKBIA",2,0.286541264369651,0.99999999999946,2,0.0578771369768196,0.99999999999986,2,2
"VWF",5,0.548071217371876,0.99999999999946,5,0.123845969836378,0.99999999999986,5,5
"ICAM1",3,0.356011869214033,0.99999999999946,7,0.310118720629161,0.99999999999986,5,7
"SELE",7,0.604916702662448,0.99999999999946,6,0.261868518743725,0.99999999999986,6.5,7
"ENG",8,0.61098824061041,0.99999999999946,8,0.398820627746863,0.99999999999986,8,8
"MCL1",10,0.648777635165062,0.99999999999946,10,0.546040782962489,0.99999999999986,10,10
"KDM6B",13,0.676817401224281,0.99999999999946,9,0.525623805647858,0.99999999999986,11,13
"EMCN",18,0.718444546510533,0.99999999999946,13,0.628359013771286,0.99999999999986,15.5,18
"EGR1",6,0.57292499474989,0.99999999999946,27,0.885625361629073,0.99999999999986,16.5,27
"CXCL2",4,0.547498616725096,0.99999999999946,29,0.893802864477887,0.99999999999986,16.5,29
"MIR222HG",15,0.69380873320313,0.99999999999946,19,0.821272375321303,0.99999999999986,17,19
"PECAM1",11,0.655357799049484,0.99999999999946,24,0.865933753989698,0.99999999999986,17.5,24
"ADAMTS4",28,0.803582737136707,0.99999999999946,15,0.790913974474384,0.99999999999986,21.5,28
"C7",45,0.859083262373021,0.99999999999946,4,0.0847406425658376,0.99999999999986,24.5,45
"COX4I1",20,0.764500140593686,0.99999999999946,30,0.895161340751771,0.99999999999986,25,30
"UQCRB",22,0.767978445332547,0.99999999999946,33,0.902601508517398,0.99999999999986,27.5,33
"FIS1",17,0.708564367645408,0.99999999999946,41,0.924128337617534,0.99999999999986,29,41
"TIPARP",51,0.877661092712588,0.99999999999946,11,0.547715572382602,0.99999999999986,31,51
"TEK",38,0.845522044012726,0.99999999999946,28,0.888004045217444,0.99999999999986,33,38
"NR4A2",12,0.674624526688991,0.99999999999946,56,0.954582987818089,0.99999999999986,34,56
"COX6C",32,0.82397184016274,0.99999999999946,37,0.911886888186181,0.99999999999986,34.5,37
"GPX4",31,0.818955054993057,0.99999999999946,40,0.914647177300722,0.99999999999986,35.5,40
"PRDX1",46,0.862546211885276,0.99999999999946,26,0.885349989262003,0.99999999999986,36,46
"PRDX2",39,0.846755538644846,0.99999999999946,38,0.911920404045896,0.99999999999986,38.5,39
"EGR3",23,0.768373603604037,0.99999999999946,55,0.954224773234331,0.99999999999986,39,55
"PRDX5",34,0.835211472474579,0.99999999999946,45,0.933235931561526,0.99999999999986,39.5,45
"SLC25A44",19,0.758866493932802,0.99999999999946,60,0.960010311028509,0.99999999999986,39.5,60
"TNFAIP3",68,0.918134917597606,0.99999999999946,12,0.618304761663591,0.99999999999986,40,68
"NR4A1",16,0.69433451595488,0.99999999999946,65,0.966316464291692,0.99999999999986,40.5,65
"ACKR1",78,0.936020721113503,0.99999999999946,3,0.0593749636039116,0.99999999999986,40.5,78
"ICAM4",14,0.6804174699451,0.99999999999946,70,0.971999435724164,0.99999999999986,42,70
"CLDN5",29,0.814434778128462,0.99999999999946,57,0.956155313911099,0.99999999999986,43,57
"HBEGF",67,0.917993879030959,0.99999999999946,20,0.822878856886888,0.99999999999986,43.5,67
"BTNL9",27,0.794968099371292,0.99999999999946,64,0.96629000956948,0.99999999999986,45.5,64
"ANKRD29",26,0.781488031030245,0.99999999999946,66,0.9671150872008,0.99999999999986,46,66
"ATF3",30,0.816690349408748,0.99999999999946,63,0.966188053999245,0.99999999999986,46.5,63
"CKS2",50,0.875309867628304,0.99999999999946,44,0.928095205883232,0.99999999999986,47,50
"ADGRG6",83,0.943946146318477,0.99999999999946,14,0.780170793881773,0.99999999999986,48.5,83
"CD300LG",48,0.874639451642674,0.99999999999946,50,0.946001115464522,0.99999999999986,49,50
"SEMA4A",25,0.777291274404286,0.99999999999946,80,0.981029045984938,0.99999999999986,52.5,80
"HES1",9,0.643163325972824,0.99999999999946,96,0.985634510227649,0.99999999999986,52.5,96
"HMOX1",72,0.929084504142443,0.99999999999946,34,0.90330129120657,0.99999999999986,53,72
"SERPINE1",88,0.951439089028854,0.99999999999946,23,0.855082273606158,0.99999999999986,55.5,88
"DEPP1",41,0.847648553917219,0.99999999999946,73,0.973786199234192,0.99999999999986,57,73
"C11orf96",90,0.954511630391666,0.99999999999946,25,0.874240718046069,0.99999999999986,57.5,90
"ATP5F1A",66,0.917283851411157,0.99999999999946,51,0.948421853255187,0.99999999999986,58.5,66
"MSX1",85,0.946321823802081,0.99999999999946,32,0.899109625111576,0.99999999999986,58.5,85
"ADAMTS9",74,0.931724367716471,0.99999999999946,47,0.942928158495811,0.99999999999986,60.5,74
"LEPR",47,0.865148070141191,0.99999999999946,75,0.978800706976091,0.99999999999986,61,75
"AKAP12",43,0.857584309594209,0.99999999999946,82,0.981821824346959,0.99999999999986,62.5,82
"MIR22HG",82,0.941533366443631,0.99999999999946,43,0.927535108245133,0.99999999999986,62.5,82
"SEMA3G",40,0.847542946188355,0.99999999999946,85,0.982633060234426,0.99999999999986,62.5,85
"JAG2",36,0.84113592038782,0.99999999999946,89,0.984303962287991,0.99999999999986,62.5,89
"MT2A",58,0.888412690044037,0.99999999999946,69,0.970670880634846,0.99999999999986,63.5,69
"C2CD4B",106,0.972976266952019,0.99999999999946,21,0.84209530009766,0.99999999999986,63.5,106
"CYP1B1",70,0.921425730307787,0.99999999999946,59,0.956916664271437,0.99999999999986,64.5,70
"CALCOCO2",117,0.977981358630895,0.99999999999946,18,0.821053153266053,0.99999999999986,67.5,117
"KDR",37,0.841997902066674,0.99999999999946,99,0.986537214104991,0.99999999999986,68,99
"NDUFA1",75,0.933586897793825,0.99999999999946,62,0.96418492475416,0.99999999999986,68.5,75
"CAT",92,0.95976490799013,0.99999999999946,49,0.944169309413231,0.99999999999986,70.5,92
"TSPAN13",33,0.825384234137579,0.99999999999946,112,0.989043207846692,0.99999999999986,72.5,112
"PDGFB",54,0.881922079490926,0.99999999999946,92,0.984870625229843,0.99999999999986,73,92
"VCAN",129,0.983302065233436,0.99999999999946,17,0.818849949844758,0.99999999999986,73,129
"SOD1",110,0.974292441303958,0.99999999999946,42,0.927295359884571,0.99999999999986,76,110
"ATP5MC1",118,0.978773365290253,0.99999999999946,35,0.906458259418347,0.99999999999986,76.5,118
"LTBP4",53,0.881593287904161,0.99999999999946,102,0.987333666735049,0.99999999999986,77.5,102
"CXCL12",21,0.767503566850706,0.99999999999946,134,0.993082420275121,0.99999999999986,77.5,134
"SYNJ2",136,0.987050693091504,0.99999999999946,22,0.854610152310754,0.99999999999986,79,136
"ATP5F1B",107,0.973113114311521,0.99999999999946,53,0.95166496065293,0.99999999999986,80,107
"IER3",62,0.901036653127515,0.99999999999946,100,0.986659846998335,0.99999999999986,81,100
"VSIR",49,0.875160410346479,0.99999999999946,115,0.990375646729198,0.99999999999986,82,115
"ATP13A3",79,0.936501412431883,0.99999999999946,88,0.984210123196892,0.99999999999986,83.5,88
"AC010359.3",59,0.888941363644046,0.99999999999946,108,0.988463444002512,0.99999999999986,83.5,108
"PPP1R14A",56,0.887959204940843,0.99999999999946,111,0.988891845325003,0.99999999999986,83.5,111
"COX7A2",96,0.963759006194323,0.99999999999946,72,0.973288352211185,0.99999999999986,84,96
"KCNQ1OT1",61,0.898264675328301,0.99999999999946,109,0.988544672688493,0.99999999999986,85,109
"FILIP1",81,0.941525983677007,0.99999999999946,93,0.98499530465591,0.99999999999986,87,93
"EFNB1",73,0.930265846668942,0.99999999999946,103,0.987412742830788,0.99999999999986,88,103
"NDUFB8",124,0.98052002516205,0.99999999999946,54,0.954055224952176,0.99999999999986,89,124
"B3GNT5",144,0.990957487403864,0.99999999999946,36,0.909449127258028,0.99999999999986,90,144
"CNKSR3",77,0.934882432352764,0.99999999999946,106,0.98808353420781,0.99999999999986,91.5,106
"ADAMTS6",64,0.916203993890127,0.99999999999946,121,0.99099193207111,0.99999999999986,92.5,121
"AQP7",55,0.886049382089019,0.99999999999946,130,0.992702314377927,0.99999999999986,92.5,130
"SOD2",108,0.973551540346824,0.99999999999946,81,0.981681772280184,0.99999999999986,94.5,108
"BIRC3",151,0.992021322181877,0.99999999999946,39,0.91455134989543,0.99999999999986,95,151
"CCL2",116,0.977500341307328,0.99999999999946,78,0.979523870773968,0.99999999999986,97,116
"ACE",57,0.88798461918897,0.99999999999946,138,0.993840116616017,0.99999999999986,97.5,138
"IL32",101,0.967596907027468,0.99999999999946,95,0.985151206051071,0.99999999999986,98,101
"NFE2L2",181,0.996193101481236,0.99999999999946,16,0.817640728393451,0.99999999999986,98.5,181
"CDH13",60,0.896234339060274,0.99999999999946,145,0.994577863094391,0.99999999999986,102.5,145
"FMO2",146,0.991156150869749,0.99999999999946,61,0.962235583516909,0.99999999999986,103.5,146
"VCP",100,0.966523126458434,0.99999999999946,113,0.990038548236549,0.99999999999986,106.5,113
"SYT11",91,0.957026563957749,0.99999999999946,122,0.991283429038199,0.99999999999986,106.5,122
"FAM107A",86,0.9480042413649,0.99999999999946,127,0.992525979710313,0.99999999999986,106.5,127
"HSPE1",155,0.992324394876355,0.99999999999946,58,0.95663467543214,0.99999999999986,106.5,155
"H19",89,0.954048556843087,0.99999999999946,125,0.992320937436312,0.99999999999986,107,125
"NSUN6",24,0.776685302601124,0.99999999999946,192,0.99813079587502,0.99999999999986,108,192
"LAMA3",97,0.963916568297436,0.99999999999946,120,0.990951566463638,0.99999999999986,108.5,120
"ARL15",65,0.916951043790012,0.99999999999946,157,0.995495371644328,0.99999999999986,111,157
"MAP1LC3B",105,0.972854990977579,0.99999999999946,118,0.990742044082791,0.99999999999986,111.5,118
"PLEKHG2",132,0.984027438202928,0.99999999999946,91,0.984608002239758,0.99999999999986,111.5,132
"DGKE",120,0.979071268031993,0.99999999999946,104,0.987528535311753,0.99999999999986,112,120
"PIK3R3",123,0.98023520146315,0.99999999999946,101,0.986701202532166,0.99999999999986,112,123
"PIM1",138,0.987962910126868,0.99999999999946,86,0.983144012597808,0.99999999999986,112,138
"PHLDA1",178,0.995888897460377,0.99999999999946,46,0.937419203428205,0.99999999999986,112,178
"IKBKB",142,0.990325725473145,0.99999999999946,83,0.981871991853068,0.99999999999986,112.5,142
"SRGN",44,0.858880492259879,0.99999999999946,181,0.997133069341414,0.99999999999986,112.5,181
"CCL23",143,0.990630014497323,0.99999999999946,84,0.982598069043776,0.99999999999986,113.5,143
"BMP4",156,0.992417287205452,0.99999999999946,71,0.972370535879943,0.99999999999986,113.5,156
"GPRC5B",133,0.984249180042594,0.99999999999946,98,0.986117502212334,0.99999999999986,115.5,133
"F8",163,0.993813931221891,0.99999999999946,68,0.969878788849567,0.99999999999986,115.5,163
"SLC6A6",52,0.878166461416225,0.99999999999946,179,0.997047498920944,0.99999999999986,115.5,179
"CXCL3",42,0.8481294231752,0.99999999999946,189,0.997891547572198,0.99999999999986,115.5,189
"EMP3",111,0.974300463630632,0.99999999999946,124,0.99215526373103,0.99999999999986,117.5,124
"CR381670.1",183,0.99631485980087,0.99999999999946,52,0.948675928757842,0.99999999999986,117.5,183
"VCAM1",162,0.993735195982501,0.99999999999946,76,0.978965486308792,0.99999999999986,119,162
"FUT8",84,0.945283737983648,0.99999999999946,158,0.995634908420654,0.99999999999986,121,158
"COX5A",127,0.981428865254267,0.99999999999946,116,0.990516647975009,0.99999999999986,121.5,127
"RASGEF1B",166,0.994432692166382,0.99999999999946,77,0.979130224519482,0.99999999999986,121.5,166
"MMP2",69,0.920704627961296,0.99999999999946,174,0.996588068647137,0.99999999999986,121.5,174
"RGS16",63,0.911547091222621,0.99999999999946,185,0.997394758227945,0.99999999999986,124,185
"MET",202,0.997770818395761,0.99999999999946,48,0.944049217598301,0.99999999999986,125,202
"TM6SF1",93,0.960385183912462,0.99999999999946,159,0.995776578096746,0.99999999999986,126,159
"EDN1",122,0.979642974073703,0.99999999999946,135,0.993277562341325,0.99999999999986,128.5,135
"SOX13",87,0.948341944571231,0.99999999999946,171,0.996358424066643,0.99999999999986,129,171
"SNORD3A",164,0.993864986572018,0.99999999999946,97,0.985758045378256,0.99999999999986,130.5,164
"ANKRD42",134,0.984288825918861,0.99999999999946,128,0.992650031104792,0.99999999999986,131,134
"ADAMTS1",71,0.923811774111553,0.99999999999946,191,0.998090952718633,0.99999999999986,131,191
"FKBP8",99,0.9659607837859,0.99999999999946,164,0.996073587879599,0.99999999999986,131.5,164
"TCF15",131,0.983715101196615,0.99999999999946,133,0.993027901515418,0.99999999999986,132,133
"JAG1",98,0.964051392881925,0.99999999999946,166,0.996223899165727,0.99999999999986,132,166
"HIF1A",233,0.999291581279684,0.99999999999946,31,0.895606318529729,0.99999999999986,132,233
"LGALS1",104,0.972037592259082,0.99999999999946,168,0.996274431912584,0.99999999999986,136,168
"ISG15",159,0.993254164449748,0.99999999999946,117,0.990741382760972,0.99999999999986,138,159
"FBLN2",198,0.997518344130037,0.99999999999946,79,0.981002350022377,0.99999999999986,138.5,198
"NBR1",135,0.985929450389533,0.99999999999946,147,0.994834100212155,0.99999999999986,141,147
"SEMA3A",210,0.998198337121371,0.99999999999946,74,0.974127758847061,0.99999999999986,142,210
"SLC26A2",137,0.987629766274326,0.99999999999946,148,0.994896700842497,0.99999999999986,142.5,148
"VDAC2",119,0.978960041448786,0.99999999999946,167,0.996226587370715,0.99999999999986,143,167
"ATP8A1",139,0.988044205399042,0.99999999999946,150,0.995261029137059,0.99999999999986,144.5,150
"MCAM",154,0.99226577277288,0.99999999999946,137,0.993473017279736,0.99999999999986,145.5,154
"LRG1",35,0.841094502715697,0.99999999999946,258,0.999846889682236,0.99999999999986,146.5,258
"CREB5",205,0.997945091628498,0.99999999999946,90,0.984489207619427,0.99999999999986,147.5,205
"SIPA1L2",94,0.961109995207378,0.99999999999946,203,0.998774100707596,0.99999999999986,148.5,203
"MAP1B",125,0.980785762888498,0.99999999999946,175,0.996672945298192,0.99999999999986,150,175
"TNFRSF4",152,0.992133502677944,0.99999999999946,149,0.994915981072061,0.99999999999986,150.5,152
"IRF3",114,0.976555128567653,0.99999999999946,188,0.997887400643823,0.99999999999986,151,188
"UQCRC2",113,0.975350757178211,0.99999999999946,190,0.997924076633067,0.99999999999986,151.5,190
"CCND1",95,0.963283416692971,0.99999999999946,213,0.999213574831705,0.99999999999986,154,213
"MGP",115,0.977409280351044,0.99999999999946,194,0.998159004568526,0.99999999999986,154.5,194
"GPRC5A",148,0.991197405202086,0.99999999999946,162,0.995990175554344,0.99999999999986,155,162
"PMPCB",126,0.980954142475161,0.99999999999946,184,0.997333060957323,0.99999999999986,155,184
"TFAM",158,0.993092231691742,0.99999999999946,155,0.995430588837033,0.99999999999986,156.5,158
"PRKX",153,0.992147259882186,0.99999999999946,161,0.995950687450847,0.99999999999986,157,161
"TRAP1",169,0.995140049089356,0.99999999999946,146,0.994784224272484,0.99999999999986,157.5,169
"PINK1",175,0.995534096965437,0.99999999999946,140,0.994047525413386,0.99999999999986,157.5,175
"VDAC3",130,0.98368528292887,0.99999999999946,186,0.997401180122937,0.99999999999986,158,186
"PHB2",197,0.997503043704449,0.99999999999946,119,0.990944350741509,0.99999999999986,158,197
"MEOX2",227,0.999121638997132,0.99999999999946,94,0.985117400975696,0.99999999999986,160.5,227
"DUSP4",103,0.971141744709235,0.99999999999946,223,0.999384643237036,0.99999999999986,163,223
"RND1",80,0.938833523566069,0.99999999999946,246,0.999679149541725,0.99999999999986,163,246
"GABARAPL2",121,0.979129401189841,0.99999999999946,210,0.999060073184347,0.99999999999986,165.5,210
"YME1L1",76,0.933694339730438,0.99999999999946,257,0.999835088579028,0.99999999999986,166.5,257
"OPTN",185,0.996552379395547,0.99999999999946,154,0.995359011617908,0.99999999999986,169.5,185
"RCAN1",188,0.996777388430913,0.99999999999946,151,0.995279683600045,0.99999999999986,169.5,188
"PRDX3",208,0.99809106947086,0.99999999999946,131,0.992743303171607,0.99999999999986,169.5,208
"TXN2",226,0.998981519198201,0.99999999999946,114,0.990066169948121,0.99999999999986,170,226
"VEGFC",160,0.993659296945665,0.99999999999946,183,0.997308265625111,0.99999999999986,171.5,183
"FAN1",236,0.999418490962167,0.99999999999946,107,0.988330734672734,0.99999999999986,171.5,236
"TRDMT1",147,0.991169727139758,0.99999999999946,197,0.998520665683208,0.99999999999986,172,197
"GIGYF2",258,0.999828308778212,0.99999999999946,87,0.983269284165421,0.99999999999986,172.5,258
"TMEM161B-AS1",140,0.990033376943207,0.99999999999946,206,0.998906955655374,0.99999999999986,173,206
"NIBAN1",187,0.996604690692669,0.99999999999946,160,0.995888734717159,0.99999999999986,173.5,187
"PGF",186,0.996589331287849,0.99999999999946,165,0.996084145576564,0.99999999999986,175.5,186
"FLT1",112,0.974742146405404,0.99999999999946,240,0.999628990833,0.99999999999986,176,240
"SOX17",128,0.982105693991013,0.99999999999946,227,0.999423466965724,0.99999999999986,177.5,227
"GABRB2",217,0.998673736532084,0.99999999999946,139,0.994003588410114,0.99999999999986,178,217
"TMEM173",225,0.998964418765971,0.99999999999946,132,0.99284577340582,0.99999999999986,178.5,225
"CRIP1",171,0.995413200917811,0.99999999999946,187,0.997799483276397,0.99999999999986,179,187
"HSPD1",222,0.998875166715977,0.99999999999946,136,0.993325452822509,0.99999999999986,179,222
"PARL",216,0.998617917202375,0.99999999999946,144,0.994345814837197,0.99999999999986,180,216
"RRN3P1",149,0.991797182998553,0.99999999999946,212,0.999124740074538,0.99999999999986,180.5,212
"MIGA1",220,0.998815768785809,0.99999999999946,142,0.994310228346919,0.99999999999986,181,220
"F2RL3",295,0.99999999999946,0.99999999999946,67,0.969066710547198,0.99999999999986,181,295
"FAM184A",168,0.994978344763583,0.99999999999946,196,0.998446293332249,0.99999999999986,182,196
"GABPA",192,0.997083092029883,0.99999999999946,178,0.996886700585519,0.99999999999986,185,192
"DNM2",177,0.995727745243083,0.99999999999946,193,0.998145268173431,0.99999999999986,185,193
"INMT",261,0.99984762996954,0.99999999999946,110,0.988616218867294,0.99999999999986,185.5,261
"BAX",196,0.997429897093181,0.99999999999946,177,0.99685867269083,0.99999999999986,186.5,196
"PMPCA",141,0.990163232258841,0.99999999999946,234,0.99950060286718,0.99999999999986,187.5,234
"TIMP4",252,0.99968059776145,0.99999999999946,123,0.992004127601577,0.99999999999986,187.5,252
"C1orf54",200,0.997633758978268,0.99999999999946,176,0.996776620898333,0.99999999999986,188,200
"KIAA0040",235,0.99939515434689,0.99999999999946,141,0.994063081487762,0.99999999999986,188,235
"ZNF224",180,0.996144503333298,0.99999999999946,201,0.998626285818601,0.99999999999986,190.5,201
"BID",212,0.998320706108234,0.99999999999946,170,0.996355523254856,0.99999999999986,191,212
"WWTR1",102,0.967616802897872,0.99999999999946,282,0.999958205276982,0.99999999999986,192,282
"ERO1B",161,0.99373430043856,0.99999999999946,229,0.999450867298088,0.99999999999986,195,229
"EDNRB",264,0.999895129927891,0.99999999999946,126,0.99245982666751,0.99999999999986,195,264
"INHBB",248,0.999647110248589,0.99999999999946,143,0.994333250000303,0.99999999999986,195.5,248
"IFIT1",292,0.999994129603522,0.99999999999946,105,0.98770048076983,0.99999999999986,198.5,292
"CLPP",269,0.999919531351652,0.99999999999946,129,0.992694709803213,0.99999999999986,199,269
"LINC00472",109,0.973634440319606,0.99999999999946,293,0.999991965082431,0.99999999999986,201,293
"CX3CL1",170,0.995244072856461,0.99999999999946,233,0.999487236163739,0.99999999999986,201.5,233
"GADD45G",201,0.997687699311477,0.99999999999946,205,0.998859028310566,0.99999999999986,203,205
"ECRG4",251,0.99968012810427,0.99999999999946,156,0.995484667237035,0.99999999999986,203.5,251
"DLL4",207,0.998086103526889,0.99999999999946,202,0.998739130739569,0.99999999999986,204.5,207
"LCN6",173,0.99544438037132,0.99999999999946,236,0.999556249262121,0.99999999999986,204.5,236
"TTC21B",157,0.992699444230425,0.99999999999946,252,0.999768055510367,0.99999999999986,204.5,252
"TSC2",191,0.996909267569549,0.99999999999946,219,0.999360683097417,0.99999999999986,205,219
"SYBU",238,0.999423598944128,0.99999999999946,172,0.996513592771721,0.99999999999986,205,238
"RPL32P3",167,0.994563709890922,0.99999999999946,243,0.999649554661015,0.99999999999986,205,243
"KEAP1",204,0.997897050333887,0.99999999999946,208,0.999049517121341,0.99999999999986,206,208
"BNIP3",145,0.990960283558432,0.99999999999946,267,0.999869012823682,0.99999999999986,206,267
"DDHD1",150,0.991973558732922,0.99999999999946,265,0.999862379897737,0.99999999999986,207.5,265
"MTCH2",195,0.997375684077968,0.99999999999946,222,0.999380109954821,0.99999999999986,208.5,222
"CD83",179,0.995941589435853,0.99999999999946,239,0.999610476033491,0.99999999999986,209,239
"CD14",193,0.997325740775206,0.99999999999946,226,0.999422734093952,0.99999999999986,209.5,226
"DUSP2",174,0.995518422840342,0.99999999999946,250,0.999703510343798,0.99999999999986,212,250
"CGAS",277,0.999941504059773,0.99999999999946,153,0.995357910255776,0.99999999999986,215,277
"OPA1",218,0.998756533863151,0.99999999999946,214,0.999214362618581,0.99999999999986,216,218
"PMAIP1",228,0.999158926658624,0.99999999999946,204,0.998778034101861,0.99999999999986,216,228
"UQCRC1",172,0.995418524775408,0.99999999999946,261,0.999857642605292,0.99999999999986,216.5,261
"BCL2L13",281,0.999954203399984,0.99999999999946,152,0.995297773898405,0.99999999999986,216.5,281
"AC091271.1",182,0.996290102492195,0.99999999999946,254,0.999828241866154,0.99999999999986,218,254
"MT1X",184,0.996541104640364,0.99999999999946,253,0.999816380805064,0.99999999999986,218.5,253
"INF2",223,0.998894993293368,0.99999999999946,216,0.999242863236535,0.99999999999986,219.5,223
"TEAD4",244,0.999524854752604,0.99999999999946,195,0.998255564867099,0.99999999999986,219.5,244
"ADM",245,0.999540243965829,0.99999999999946,198,0.998572957355971,0.99999999999986,221.5,245
"AC109326.1",203,0.997838007407805,0.99999999999946,241,0.999632300188618,0.99999999999986,222,241
"DNAJA4",165,0.99438153897912,0.99999999999946,279,0.999948501999809,0.99999999999986,222,279
"MX1",263,0.999882504078417,0.99999999999946,182,0.997217458416821,0.99999999999986,222.5,263
"MTFR1L",247,0.999627950028969,0.99999999999946,199,0.998603471956588,0.99999999999986,223,247
"SLC4A7",266,0.999913893593184,0.99999999999946,180,0.997112588307153,0.99999999999986,223,266
"HLA-DQA1",283,0.999968623357453,0.99999999999946,163,0.996011070187106,0.99999999999986,223,283
"EIF4EBP1",176,0.995547015244538,0.99999999999946,273,0.999920570512257,0.99999999999986,224.5,273
"IFIT3",278,0.999942557146682,0.99999999999946,173,0.996546306951848,0.99999999999986,225.5,278
"ATG5",221,0.998852146166099,0.99999999999946,231,0.999484518465921,0.99999999999986,226,231
"TEAD1",206,0.997953228183125,0.99999999999946,247,0.999683608583026,0.99999999999986,226.5,247
"GBP1",284,0.999968833935581,0.99999999999946,169,0.996310957645012,0.99999999999986,226.5,284
"GCNT2",189,0.996799458137484,0.99999999999946,266,0.999868727039146,0.99999999999986,227.5,266
"CXCR4",214,0.998372746221128,0.99999999999946,244,0.999653611194531,0.99999999999986,229,244
"NDUFS1",213,0.998338579355955,0.99999999999946,245,0.999668180689462,0.99999999999986,229,245
"DNM1L",240,0.999448057478301,0.99999999999946,221,0.999378005675342,0.99999999999986,230.5,240
"TAGLN",237,0.999421913842643,0.99999999999946,225,0.999406486201223,0.99999999999986,231,237
"AFG3L2",231,0.999230215172587,0.99999999999946,232,0.999485126238816,0.99999999999986,231.5,232
"MFF",190,0.996871300432305,0.99999999999946,274,0.999926171212373,0.99999999999986,232,274
"CCN1",194,0.997372693521018,0.99999999999946,271,0.999888478397939,0.99999999999986,232.5,271
"NFKB1",249,0.999660116802516,0.99999999999946,217,0.999254907824046,0.99999999999986,233,249
"GABARAP",232,0.999278587995283,0.99999999999946,235,0.999550098869192,0.99999999999986,233.5,235
"PLAC9",243,0.999514943291453,0.99999999999946,224,0.999386514439011,0.99999999999986,233.5,243
"GIGYF1",256,0.99976549354783,0.99999999999946,211,0.99908826101792,0.99999999999986,233.5,256
"BNIP3L",253,0.999702600573677,0.99999999999946,215,0.999234907805511,0.99999999999986,234,253
"CBWD5",260,0.999838015340063,0.99999999999946,209,0.999055247159031,0.99999999999986,234.5,260
"MTOR",199,0.997545798570946,0.99999999999946,270,0.999882548176472,0.99999999999986,234.5,270
"APOD",275,0.999929631433245,0.99999999999946,200,0.998618511752092,0.99999999999986,237.5,275
"ZNF331",230,0.999224623717799,0.99999999999946,248,0.999686196644156,0.99999999999986,239,248
"RNPC3",262,0.999859984341115,0.99999999999946,218,0.999278704901279,0.99999999999986,240,262
"HTRA2",254,0.999730937907622,0.99999999999946,228,0.999443679040248,0.99999999999986,241,254
"RPS6KA5",257,0.999826636159363,0.99999999999946,230,0.999464361337179,0.99999999999986,243.5,257
"MFN2",246,0.999577872360741,0.99999999999946,242,0.999642963279326,0.99999999999986,244,246
"THY1",229,0.999179899871331,0.99999999999946,260,0.999848044552169,0.99999999999986,244.5,260
"PLAUR",219,0.99877674707049,0.99999999999946,272,0.999900602365828,0.99999999999986,245.5,272
"WDR44",209,0.998129224492048,0.99999999999946,283,0.999968943118778,0.99999999999986,246,283
"LATS2",276,0.999940054516524,0.99999999999946,220,0.99936743223951,0.99999999999986,248,276
"TAX1BP1",234,0.999370584650131,0.99999999999946,263,0.999859158207324,0.99999999999986,248.5,263
"RHEB",211,0.998307352368988,0.99999999999946,287,0.999972850263121,0.99999999999986,249,287
"LONP1",291,0.99999335957375,0.99999999999946,207,0.998937415933697,0.99999999999986,249,291
"VDAC1",250,0.999674381330571,0.99999999999946,251,0.999707140278841,0.99999999999986,250.5,251
"IFIT2",242,0.999507885018164,0.99999999999946,259,0.999848035302727,0.99999999999986,250.5,259
"IFT88",239,0.999425146307208,0.99999999999946,264,0.999861926454339,0.99999999999986,251.5,264
"FILIP1L",215,0.998597572066109,0.99999999999946,288,0.999974244769893,0.99999999999986,251.5,288
"ULK1",255,0.999756791360549,0.99999999999946,255,0.9998311487506,0.99999999999986,255,255
"AC002558.3",224,0.998938810353469,0.99999999999946,286,0.999971848666721,0.99999999999986,255,286
"RPS6KB1",241,0.99950106372556,0.99999999999946,277,0.999940199515859,0.99999999999986,259,277
"BGN",271,0.999920546007475,0.99999999999946,249,0.999702202022853,0.99999999999986,260,271
"BCL2L1",286,0.999976124855063,0.99999999999946,238,0.999573019254079,0.99999999999986,262,286
"TBK1",287,0.999976967176455,0.99999999999946,237,0.999562810521243,0.99999999999986,262,287
"LATS1",265,0.999902862135313,0.99999999999946,269,0.999876136637397,0.99999999999986,267,269
"IGFBP5",270,0.999920468289294,0.99999999999946,268,0.999872927707151,0.99999999999986,269,270
"CCN2",289,0.999986594281077,0.99999999999946,256,0.999833176135747,0.99999999999986,272.5,289
"RND3",288,0.999978240422253,0.99999999999946,262,0.999858240788715,0.99999999999986,275,288
"RGS2",274,0.999927426692103,0.99999999999946,280,0.999949533030055,0.99999999999986,277,280
"AKT1",259,0.999835991915712,0.99999999999946,295,0.99999999999986,0.99999999999986,277,295
"ZEB2",279,0.999947743409671,0.99999999999946,278,0.999942169370832,0.99999999999986,278.5,279
"TLCD2",267,0.999917061809605,0.99999999999946,291,0.999987618499552,0.99999999999986,279,291
"YAP1",272,0.999924356100107,0.99999999999946,289,0.999975330036416,0.99999999999986,280.5,289
"RELA",268,0.999919375788424,0.99999999999946,294,0.999999999999652,0.99999999999986,281,294
"MT1E",280,0.999950347714743,0.99999999999946,285,0.999970560931591,0.99999999999986,282.5,285
"ARL4C",273,0.99992639573093,0.99999999999946,292,0.999989547645523,0.99999999999986,282.5,292
"MFN1",282,0.999967534777856,0.99999999999946,284,0.99996972311346,0.99999999999986,283,284
"TSC1",290,0.99999204675593,0.99999999999946,276,0.999939982966551,0.99999999999986,283,290
"SLC5A3",294,0.999999999999196,0.99999999999946,275,0.999935391652919,0.99999999999986,284.5,294
"IRF7",293,0.99999928460202,0.99999999999946,281,0.999957310683389,0.99999999999986,287,293
"THBS1",285,0.999971825329293,0.99999999999946,290,0.999975655860538,0.99999999999986,287.5,290
