"pathway","driver_rank","gene","stat"
"HALLMARK_ALLOGRAFT_REJECTION",1,"MMP9",6.80251532884023
"HALLMARK_ALLOGRAFT_REJECTION",2,"ITGB2",4.51420063622482
"HALLMARK_ALLOGRAFT_REJECTION",3,"GZMB",3.67003063354067
"HALLMARK_ALLOGRAFT_REJECTION",4,"CD3D",3.52043316675066
"HALLMARK_ALLOGRAFT_REJECTION",5,"IL10",3.24775031330408
"HALLMARK_ALLOGRAFT_REJECTION",6,"CD2",3.23735857065062
"HALLMARK_ALLOGRAFT_REJECTION",7,"CD3E",2.85123007258661
"HALLMARK_ALLOGRAFT_REJECTION",8,"PRF1",2.58501205746848
"HALLMARK_ALLOGRAFT_REJECTION",9,"CD3G",2.54090719911535
"HALLMARK_ALLOGRAFT_REJECTION",10,"CD8B",2.44664077346046
"HALLMARK_ALLOGRAFT_REJECTION",11,"HLA-DOA",2.43638243627166
"HALLMARK_ALLOGRAFT_REJECTION",12,"LCP2",2.3114684898599
"HALLMARK_ALLOGRAFT_REJECTION",13,"SPI1",2.29880022370458
"HALLMARK_ALLOGRAFT_REJECTION",14,"IL2RG",2.29862283040486
"HALLMARK_ALLOGRAFT_REJECTION",15,"WAS",2.22400105893363
"HALLMARK_ALLOGRAFT_REJECTION",16,"ITGAL",2.20170376434139
"HALLMARK_ALLOGRAFT_REJECTION",17,"PTPRC",2.13405914989365
"HALLMARK_ALLOGRAFT_REJECTION",18,"TIMP1",2.10844829731569
"HALLMARK_ALLOGRAFT_REJECTION",19,"ITK",2.08692243433374
"HALLMARK_ALLOGRAFT_REJECTION",20,"IGSF6",2.0427475009583
"HALLMARK_INFLAMMATORY_RESPONSE",1,"SELL",3.68974897009131
"HALLMARK_INFLAMMATORY_RESPONSE",2,"CXCL10",3.39362514532494
"HALLMARK_INFLAMMATORY_RESPONSE",3,"CCL20",3.3224815170952
"HALLMARK_INFLAMMATORY_RESPONSE",4,"CYBB",3.29022154396872
"HALLMARK_INFLAMMATORY_RESPONSE",5,"IL10",3.24775031330408
"HALLMARK_INFLAMMATORY_RESPONSE",6,"IL10RA",2.8141176825476
"HALLMARK_INFLAMMATORY_RESPONSE",7,"CSF3R",2.72687781472279
"HALLMARK_INFLAMMATORY_RESPONSE",8,"LY6E",2.45830746844873
"HALLMARK_INFLAMMATORY_RESPONSE",9,"CD48",2.38751527314921
"HALLMARK_INFLAMMATORY_RESPONSE",10,"LCP2",2.3114684898599
"HALLMARK_INFLAMMATORY_RESPONSE",11,"TIMP1",2.10844829731569
"HALLMARK_INFLAMMATORY_RESPONSE",12,"APLNR",2.10452076871726
"HALLMARK_INFLAMMATORY_RESPONSE",13,"NLRP3",2.02431153261233
"HALLMARK_INFLAMMATORY_RESPONSE",14,"PDE4B",1.89795680915456
"HALLMARK_INFLAMMATORY_RESPONSE",15,"PTAFR",1.82629276672552
"HALLMARK_INFLAMMATORY_RESPONSE",16,"RNF144B",1.7235859958999
"HALLMARK_INFLAMMATORY_RESPONSE",17,"F3",1.71476732056982
"HALLMARK_INFLAMMATORY_RESPONSE",18,"ABCA1",1.69246717518904
"HALLMARK_INFLAMMATORY_RESPONSE",19,"RASGRP1",1.68562778065925
"HALLMARK_INFLAMMATORY_RESPONSE",20,"IL2RB",1.64693063361345
"HALLMARK_INTERFERON_ALPHA_RESPONSE",1,"SELL",3.68974897009131
"HALLMARK_INTERFERON_ALPHA_RESPONSE",2,"CXCL10",3.39362514532494
"HALLMARK_INTERFERON_ALPHA_RESPONSE",3,"LGALS3BP",2.52225060234462
"HALLMARK_INTERFERON_ALPHA_RESPONSE",4,"LY6E",2.45830746844873
"HALLMARK_INTERFERON_ALPHA_RESPONSE",5,"ISG15",2.43579269590033
"HALLMARK_INTERFERON_ALPHA_RESPONSE",6,"RSAD2",2.11283917648543
"HALLMARK_INTERFERON_ALPHA_RESPONSE",7,"IFI27",2.01289878936244
"HALLMARK_INTERFERON_ALPHA_RESPONSE",8,"HERC6",1.79753411838638
"HALLMARK_INTERFERON_ALPHA_RESPONSE",9,"CMPK2",1.77807814341789
"HALLMARK_INTERFERON_ALPHA_RESPONSE",10,"OAS1",1.77427812354318
"HALLMARK_INTERFERON_ALPHA_RESPONSE",11,"IFI44L",1.75909609445831
"HALLMARK_INTERFERON_ALPHA_RESPONSE",12,"USP18",1.66990757350566
"HALLMARK_INTERFERON_ALPHA_RESPONSE",13,"EPSTI1",1.66553007194267
"HALLMARK_INTERFERON_ALPHA_RESPONSE",14,"NCOA7",1.6610322453905
"HALLMARK_INTERFERON_ALPHA_RESPONSE",15,"OASL",1.49264263985117
"HALLMARK_INTERFERON_ALPHA_RESPONSE",16,"IFITM1",1.44092429687395
"HALLMARK_INTERFERON_ALPHA_RESPONSE",17,"IFIT3",1.3711642303865
"HALLMARK_INTERFERON_ALPHA_RESPONSE",18,"MX1",1.36549036453197
"HALLMARK_INTERFERON_ALPHA_RESPONSE",19,"LAMP3",1.36118617985965
"HALLMARK_INTERFERON_ALPHA_RESPONSE",20,"CD74",1.35276681060982
"HALLMARK_INTERFERON_GAMMA_RESPONSE",1,"CXCL10",3.39362514532494
"HALLMARK_INTERFERON_GAMMA_RESPONSE",2,"HLA-DRB1",3.0989187191026
"HALLMARK_INTERFERON_GAMMA_RESPONSE",3,"IL10RA",2.8141176825476
"HALLMARK_INTERFERON_GAMMA_RESPONSE",4,"LGALS3BP",2.52225060234462
"HALLMARK_INTERFERON_GAMMA_RESPONSE",5,"LY6E",2.45830746844873
"HALLMARK_INTERFERON_GAMMA_RESPONSE",6,"ISG15",2.43579269590033
"HALLMARK_INTERFERON_GAMMA_RESPONSE",7,"LCP2",2.3114684898599
"HALLMARK_INTERFERON_GAMMA_RESPONSE",8,"OAS3",2.22580958886748
"HALLMARK_INTERFERON_GAMMA_RESPONSE",9,"SAMHD1",2.21881965357622
"HALLMARK_INTERFERON_GAMMA_RESPONSE",10,"RSAD2",2.11283917648543
"HALLMARK_INTERFERON_GAMMA_RESPONSE",11,"GZMA",2.04021998440026
"HALLMARK_INTERFERON_GAMMA_RESPONSE",12,"C1R",2.02655733533858
"HALLMARK_INTERFERON_GAMMA_RESPONSE",13,"IFI27",2.01289878936244
"HALLMARK_INTERFERON_GAMMA_RESPONSE",14,"PSMA2",1.91695990112664
"HALLMARK_INTERFERON_GAMMA_RESPONSE",15,"PDE4B",1.89795680915456
"HALLMARK_INTERFERON_GAMMA_RESPONSE",16,"RNF213",1.86665937209681
"HALLMARK_INTERFERON_GAMMA_RESPONSE",17,"IFIT1",1.85128381739292
"HALLMARK_INTERFERON_GAMMA_RESPONSE",18,"CSF2RB",1.82578213929779
"HALLMARK_INTERFERON_GAMMA_RESPONSE",19,"MX2",1.82432919004724
"HALLMARK_INTERFERON_GAMMA_RESPONSE",20,"HERC6",1.79753411838638
