"donor","state","gene","PC1","PC2"
"hoa2","WT","AC002558.3",0.000489868138137757,0.00436852974480294
"hoa2","WT","AC010359.3",-0.0019129189616001,0.00322146077119306
"hoa2","WT","AC091271.1",-0.00708368264023628,0.00439002818248295
"hoa2","WT","AC109326.1",0.0040194922051706,0.00190321396653242
"hoa2","WT","ACE",0.00727795831616128,6.57140447740016e-05
"hoa2","WT","ACKR1",0.0405976703590118,-0.00806147456358004
"hoa2","WT","ADAMTS1",-0.00217464467119472,0.00381479645413209
"hoa2","WT","ADAMTS4",-0.00385092557721265,0.00416603408299035
"hoa2","WT","ADAMTS6",0.00719097151210391,2.77316643485633e-05
"hoa2","WT","ADAMTS9",0.00277686341056467,0.00223634721472638
"hoa2","WT","ADGRG6",0.00837688908639201,0.00197433106669983
"hoa2","WT","ADM",-0.00308856825069259,0.00403196538539954
"hoa2","WT","AFG3L2",-0.000818875544956147,0.00454920600611651
"hoa2","WT","AKAP12",-0.00440134235924336,0.00392778595517265
"hoa2","WT","AKT1",-0.00634564238861908,0.00486693634449581
"hoa2","WT","ANKRD29",0.00856221276332964,-0.000503411102101671
"hoa2","WT","ANKRD42",-0.00371405862675833,0.0043779098867001
"hoa2","WT","APOD",-0.000246705517906462,0.00192884621628238
"hoa2","WT","AQP7",0.00655350415369259,0.000354088666111796
"hoa2","WT","ARL15",0.00437144973977125,0.00134248051460006
"hoa2","WT","ARL4C",0.000364422367589575,0.00285946105489897
"hoa2","WT","ATF3",-0.0059866058382084,0.00507161682636888
"hoa2","WT","ATG5",-0.000222569606109542,-0.000301055596107703
"hoa2","WT","ATP13A3",0.00615550437298215,0.000446766540303075
"hoa2","WT","ATP5F1A",-0.0100555163096107,0.00650045500911098
"hoa2","WT","ATP5F1B",-0.00790788467349112,0.00593515640305288
"hoa2","WT","ATP5MC1",-0.00953163670240819,0.00718419881140336
"hoa2","WT","ATP8A1",0.00603515632449505,0.000658324312997525
"hoa2","WT","B3GNT5",-0.0017450582552728,0.00347542479365327
"hoa2","WT","BAX",-0.00795351377954354,0.00613465677627118
"hoa2","WT","BCL2L1",-0.000304900593276506,0.00237712323090095
"hoa2","WT","BCL2L13",-8.01029402407528e-05,0.00266976749078642
"hoa2","WT","BGN",-0.00247380846651621,0.00379938634607197
"hoa2","WT","BID",-0.00579786762708812,0.00459061921956796
"hoa2","WT","BIRC3",-0.00215611055608504,0.00406220288391618
"hoa2","WT","BMP4",-0.0291077613069424,0.00678861222651274
"hoa2","WT","BNIP3",-0.121618234634444,-0.00462418973272873
"hoa2","WT","BNIP3L",-0.00586583262792973,0.00559285580910247
"hoa2","WT","BTNL9",0.0109249156083099,-0.00145840781720416
"hoa2","WT","C11orf96",-0.00585309701269458,0.00496770619152642
"hoa2","WT","C1orf54",0.000586096427115415,0.00277859360348118
"hoa2","WT","C2CD4B",-0.00549632374450702,0.00514202089813938
"hoa2","WT","C7",0.0105565600710534,-0.000498163953254496
"hoa2","WT","CALCOCO2",-0.00707941088925027,0.00591239092444588
"hoa2","WT","CAT",-0.00347982204993686,0.107751483211297
"hoa2","WT","CBWD5",-0.00258977478776458,0.00629358061415004
"hoa2","WT","CCL2",-0.00434552273286032,0.00447986434052079
"hoa2","WT","CCL23",-0.00199884031619474,0.00225009429761347
"hoa2","WT","CCN1",-0.0027117532894573,0.00438613218376023
"hoa2","WT","CCN2",3.87843019291611e-14,-4.75201538540504e-14
"hoa2","WT","CCND1",-0.00431665346913033,-0.0120025313980876
"hoa2","WT","CD14",-0.000860300478583434,0.0026700897544209
"hoa2","WT","CD300LG",0.0105730894355383,-0.00411096221481746
"hoa2","WT","CD83",-0.00511801351040564,0.00512969980635177
"hoa2","WT","CDH13",0.00852063024248154,-0.000371912592253812
"hoa2","WT","CGAS",8.54647747833519e-06,3.64779092970255e-05
"hoa2","WT","CKS2",-0.00569392028695447,0.00497176158537923
"hoa2","WT","CLDN5",0.0068043856794381,0.00013644772824639
"hoa2","WT","CLPP",-0.000117374092500543,-0.00077275344346224
"hoa2","WT","CNKSR3",-0.00102107633255176,0.00295623148512164
"hoa2","WT","COX4I1",-0.010091707786911,0.00723134793850868
"hoa2","WT","COX5A",-0.00691029656860891,0.00601940839390962
"hoa2","WT","COX6C",-0.0100935864893604,0.00723999367266156
"hoa2","WT","COX7A2",-0.00746056786573609,0.00607211510519115
"hoa2","WT","CR381670.1",-0.216382522249107,0.00510376437868679
"hoa2","WT","CREB5",-0.00226598319800115,0.00394027469782557
"hoa2","WT","CRIP1",0.00216808178669161,0.00231359605994229
"hoa2","WT","CX3CL1",-0.000549294990493585,0.00249701525586546
"hoa2","WT","CXCL12",0.00643356318333719,0.000198779669770329
"hoa2","WT","CXCL2",-0.00531738658743779,0.00450539144279738
"hoa2","WT","CXCL3",-0.00341932561937398,0.00380643592910066
"hoa2","WT","CXCR4",-0.000180423507785915,0.00155069878808164
"hoa2","WT","CYP1B1",-0.0109991155271655,0.00335805278238433
"hoa2","WT","DDHD1",0.000600591292366617,0.00275662432615327
"hoa2","WT","DEPP1",0.00766712048193206,-0.000194126678634855
"hoa2","WT","DGKE",0.00708857039577186,0.00033216477970536
"hoa2","WT","DLL4",0.000717232445563276,-8.88570007882645e-05
"hoa2","WT","DNAJA4",5.52462793733099e-06,0.00237040688224738
"hoa2","WT","DNM1L",-0.00527149472061859,0.00459107257281188
"hoa2","WT","DNM2",-2.02499228458415e-05,-0.000392447298766262
"hoa2","WT","DUSP2",-0.0055532217412728,0.00559941228114562
"hoa2","WT","DUSP4",-0.00165503678170225,0.00259339146584802
"hoa2","WT","ECRG4",-0.000231923215643692,0.000601659075889697
"hoa2","WT","EDN1",0.00608337574183271,0.000631791678447613
"hoa2","WT","EDNRB",0.00283658238868765,0.00154134726500377
"hoa2","WT","EFNB1",0.00910176619192183,-0.000647902409882148
"hoa2","WT","EGR1",-0.00912582902619224,0.00582393574534148
"hoa2","WT","EGR3",-0.00343075053890611,0.00392189056562302
"hoa2","WT","EIF4EBP1",0.00110807341134364,0.000596904541489703
"hoa2","WT","EMCN",-0.00751721502784347,0.00509422304644464
"hoa2","WT","EMP3",0.000762890250725807,0.00282131718731562
"hoa2","WT","ENG",0.00192454686396417,0.00297924459037126
"hoa2","WT","ERO1B",-0.000460915656010146,0.00303304193138414
"hoa2","WT","F2RL3",2.20259398369852e-13,-2.41801437734938e-13
"hoa2","WT","F8",-0.00228608317162486,0.00250927124049349
"hoa2","WT","FAM107A",0.00612309533876699,0.000562890376049269
"hoa2","WT","FAM184A",-0.0325568491103284,-0.636058646525175
"hoa2","WT","FAN1",0.000470525501263667,0.00114657480953911
"hoa2","WT","FBLN2",0.00337912572993036,0.00185751850248674
"hoa2","WT","FILIP1",0.00869851455234627,-0.000385631881987364
"hoa2","WT","FILIP1L",0.00175204149042928,0.00240905320060013
"hoa2","WT","FIS1",-0.0202535170304087,0.000926710689293809
"hoa2","WT","FKBP8",-0.0288831518418558,-0.000450460437638168
"hoa2","WT","FLT1",-0.0181118300969811,-0.22903690630085
"hoa2","WT","FMO2",0.00143004931788174,0.00370599761869874
"hoa2","WT","FUT8",0.0064106589708485,0.00038890117762058
"hoa2","WT","GABARAP",-0.00678065674107881,0.00547649819797727
"hoa2","WT","GABARAPL2",-0.00233954106079746,0.00464173205832059
"hoa2","WT","GABPA",-0.00977680416089676,0.00720818852317094
"hoa2","WT","GABRB2",-0.00150152872648641,-0.00815120726880272
"hoa2","WT","GADD45G",-0.00556324752575895,0.00522244574244601
"hoa2","WT","GBP1",-0.007028099994852,0.00608352005503958
"hoa2","WT","GCNT2",0.00481578499462016,0.00186049175625681
"hoa2","WT","GIGYF1",0.0002290516014966,-0.00186531514894385
"hoa2","WT","GIGYF2",-0.00500651596382967,0.00540538468816828
"hoa2","WT","GPRC5A",0.000110580497635769,0.00279184606981155
"hoa2","WT","GPRC5B",0.00656414532235136,0.000643530704843849
"hoa2","WT","GPX4",-0.00910832745146264,0.00652479413635941
"hoa2","WT","H19",0.00659491875986761,0.000527561182939859
"hoa2","WT","HBEGF",-0.0059220219618913,0.00532872449051139
"hoa2","WT","HES1",-0.00916267580266975,0.00621750518199907
"hoa2","WT","HIF1A",-0.00428537183123839,0.00466022493801736
"hoa2","WT","HLA-DQA1",-0.0044000914834177,0.00458456694859194
"hoa2","WT","HMOX1",-0.00685618828793655,0.0054846349860133
"hoa2","WT","HSPD1",-0.00944829366077405,0.00682678696001021
"hoa2","WT","HSPE1",-0.00791595591078627,0.00648955973012101
"hoa2","WT","HTRA2",-0.000166438448775284,-0.00180453874925272
"hoa2","WT","ICAM1",-0.00627936017409574,0.00479636007552906
"hoa2","WT","ICAM4",-0.00525031717030145,0.00430582662966665
"hoa2","WT","IER3",-0.00594635897978299,0.00473076003952359
"hoa2","WT","IFIT1",-0.002961934036023,0.00393634208663112
"hoa2","WT","IFIT2",0.00017681301177592,-0.00277063449320086
"hoa2","WT","IFIT3",-0.00595962734103759,0.00599575309666838
"hoa2","WT","IFT88",-0.00144442126236095,0.00196041754553955
"hoa2","WT","IGFBP5",-0.00265749388389753,0.00411771347029359
"hoa2","WT","IKBKB",0.00133697743586245,0.00233451579769267
"hoa2","WT","IL32",0.00577983377962118,0.000799057729799035
"hoa2","WT","INF2",0.000563376841310574,-0.000681321112783209
"hoa2","WT","INHBB",-0.00427111748524581,0.00515505451228054
"hoa2","WT","INMT",-0.010199147273847,0.00698062429547629
"hoa2","WT","IRF3",0.224267579665521,-0.0107570783042733
"hoa2","WT","IRF7",-3.38718616698607e-13,3.1789311879575e-13
"hoa2","WT","ISG15",-0.000984321780448816,0.00333879775846931
"hoa2","WT","JAG1",0.0060389874892603,0.00061079646517194
"hoa2","WT","JAG2",0.00731197363493961,-9.53736044454746e-05
"hoa2","WT","KCNQ1OT1",0.000409852884755495,0.00173098616061586
"hoa2","WT","KDM6B",-0.00448034216509055,0.00434796703770891
"hoa2","WT","KDR",-0.0136978659638186,0.0135854888346728
"hoa2","WT","KEAP1",-0.00580316562670548,0.00586707677529772
"hoa2","WT","KIAA0040",-0.000181412687344725,0.00477230419056328
"hoa2","WT","LAMA3",0.00746060331733557,-3.30905498320396e-05
"hoa2","WT","LATS1",-0.00381283130194509,0.00476035793410628
"hoa2","WT","LATS2",-0.00162360422326141,0.0019701317453555
"hoa2","WT","LCN6",-0.00056959697154659,0.0036113569956955
"hoa2","WT","LEPR",0.00686631528922179,0.000217101851053017
"hoa2","WT","LGALS1",0.00235340395809066,0.0021067353657071
"hoa2","WT","LINC00472",0.743965880812781,-0.0301803753421013
"hoa2","WT","LONP1",4.23186296203889e-14,-3.03431515398622e-14
"hoa2","WT","LRG1",-0.00351737314210487,0.00383662634144533
"hoa2","WT","LTBP4",0.00563325018760585,0.000646912183131415
"hoa2","WT","MAP1B",0.00485572266834212,0.00102834064604225
"hoa2","WT","MAP1LC3B",-0.00810958078211942,0.00638076459214196
"hoa2","WT","MCAM",0.00731826758229125,0.000412280293018312
"hoa2","WT","MCL1",-0.0054222028106779,0.00465162584298222
"hoa2","WT","MEOX2",-0.00080805344393532,0.00185680611750289
"hoa2","WT","MET",-0.000476803945318585,0.0035442580560323
"hoa2","WT","MFF",7.88318673294825e-05,-0.000641347619804734
"hoa2","WT","MFN1",0.000351134287988332,0.340609581719896
"hoa2","WT","MFN2",-0.000578170456243652,0.0018850498485476
"hoa2","WT","MGP",0.00398193550321152,0.00148651188572146
"hoa2","WT","MIGA1",0.00271518925539988,0.002065915664054
"hoa2","WT","MIR222HG",-0.00189017534833313,0.00298342177966788
"hoa2","WT","MIR22HG",-0.00542620439007336,0.00554045856029572
"hoa2","WT","MMP2",0.00871575809685442,-0.000434154452680458
"hoa2","WT","MSX1",-0.00243937330912873,0.00400981719166483
"hoa2","WT","MT-ATP6",0.0030632731508077,-0.000644973373506563
"hoa2","WT","MT-CO1",0.00340079919535726,-0.00078301207042974
"hoa2","WT","MT-CO2",0.00279708867546994,-0.000750307302651727
"hoa2","WT","MT-ND1",0.00261254822611262,-0.000722925661953065
"hoa2","WT","MT-ND4",0.00334023175188939,-0.000671141138495629
"hoa2","WT","MT1E",-0.00506631891502619,0.00545878515524489
"hoa2","WT","MT1X",-0.00520839009421717,0.00499893800489015
"hoa2","WT","MT2A",-0.00556234368976258,0.00507799710132326
"hoa2","WT","MTCH2",-0.0205261145223348,-0.107293209568569
"hoa2","WT","MTFR1L",-0.00638185922345011,0.00582694136942898
"hoa2","WT","MTOR",0.00479757311643338,0.00312888149272026
"hoa2","WT","MX1",-0.00392920581923893,0.00453591709247677
"hoa2","WT","NBR1",-0.00683879104752189,0.00558728527696321
"hoa2","WT","NDUFA1",-0.00843958711820218,0.00656009404979534
"hoa2","WT","NDUFB8",-0.00503168420936041,0.00486573628425815
"hoa2","WT","NDUFS1",0.00264780104816012,0.00246493970655785
"hoa2","WT","NFE2L2",-0.00566416155568707,0.0050590311517656
"hoa2","WT","NFKB1",-0.0049476065626831,0.00512244741083058
"hoa2","WT","NFKBIA",-0.00687934926460117,0.00534974879062765
"hoa2","WT","NIBAN1",0.00671996496306203,0.000436354906775771
"hoa2","WT","NR4A1",-0.00374415830807003,0.00400109556328954
"hoa2","WT","NR4A2",-0.00486351702318443,0.00444469619293364
"hoa2","WT","NSUN6",-0.00126257804904111,0.00292729197231537
"hoa2","WT","OPA1",-0.00662257411131117,0.00523607085624911
"hoa2","WT","OPTN",0.000659047292385032,0.000748172207566623
"hoa2","WT","PARL",-0.00587809656022825,0.00447635235458913
"hoa2","WT","PDGFB",0.00746137670092059,-7.90181717734583e-05
"hoa2","WT","PECAM1",0.0071373566804853,0.000132470113449041
"hoa2","WT","PGF",0.00682687185106383,0.00104693183594748
"hoa2","WT","PHB2",-0.00660951932803721,0.00554555458661686
"hoa2","WT","PHLDA1",-0.00116599266612666,0.00287055017606132
"hoa2","WT","PIK3R3",0.011158428931026,-0.00130715933862319
"hoa2","WT","PIM1",-0.000416733767807476,0.00391183648341806
"hoa2","WT","PINK1",-0.00382644909858325,0.00486497797266599
"hoa2","WT","PLAC9",-0.00624483777582657,0.00602547653496728
"hoa2","WT","PLAUR",-0.00217923583138289,0.00465429383315745
"hoa2","WT","PLEKHG2",-0.00296919848405982,0.00402115560937895
"hoa2","WT","PMAIP1",-0.00854247984248928,0.0068456140875094
"hoa2","WT","PMPCA",-0.000939285765061713,-0.00584513591267784
"hoa2","WT","PMPCB",-0.00525345469103247,0.00397038842888024
"hoa2","WT","PPP1R14A",0.00641601332857869,0.000308648121801667
"hoa2","WT","PRDX1",-0.00625602949002172,0.00489197287485814
"hoa2","WT","PRDX2",-0.0114347392926979,0.0082238961706207
"hoa2","WT","PRDX3",0.00028652633907558,0.00221868319536188
"hoa2","WT","PRDX5",-0.0120716085590336,0.00718751848156338
"hoa2","WT","PRKX",0.00726780288946559,0.000987240579799583
"hoa2","WT","RASGEF1B",-4.82925589076293e-06,0.000844395237390565
"hoa2","WT","RCAN1",-0.00517626496705642,0.00499913259841692
"hoa2","WT","RELA",-0.00273826697332334,0.00438877835341465
"hoa2","WT","RGS16",-0.00640623284908434,0.00534457137077061
"hoa2","WT","RGS2",0.000111168292813904,-0.000176207491722221
"hoa2","WT","RHEB",-0.00664386429387974,0.0057064906484742
"hoa2","WT","RND1",-0.0064245821301892,0.00478230160232823
"hoa2","WT","RND3",1.35816742669212e-05,3.60552875513663e-05
"hoa2","WT","RNPC3",-0.00061498185759088,0.00329652976568903
"hoa2","WT","RPL32P3",-0.0230087535830865,-0.125564012445176
"hoa2","WT","RPS6KA5",0.00190829097320529,0.00212488036268761
"hoa2","WT","RPS6KB1",-0.00507899498135528,0.00423929496539484
"hoa2","WT","RRN3P1",-0.0182371096870526,-0.12968310041573
"hoa2","WT","SELE",-0.00697957472678453,0.00492800984456257
"hoa2","WT","SEMA3A",-0.00522901626356195,0.00492883007845919
"hoa2","WT","SEMA3G",0.00673658099878089,0.000125322378253587
"hoa2","WT","SEMA4A",-0.00144297685850755,0.00287666101312738
"hoa2","WT","SERPINE1",-0.00528186265886516,0.00486944519148251
"hoa2","WT","SIPA1L2",0.00724716787823757,0.000100057441351173
"hoa2","WT","SLC25A44",-0.0025366722892961,0.0034805128779491
"hoa2","WT","SLC26A2",0.00428295653151811,0.00171885917728594
"hoa2","WT","SLC4A7",0.00345069929521288,0.00250767251591842
"hoa2","WT","SLC5A3",-0.00213287773804224,0.00465080067691529
"hoa2","WT","SLC6A6",0.00707393965559518,0.000112958173008325
"hoa2","WT","SNORD3A",-0.00300208433145743,0.00435358002380647
"hoa2","WT","SOD1",-0.00726080166893857,0.0051597178100046
"hoa2","WT","SOD2",-0.00380178606008425,0.0039823034742489
"hoa2","WT","SOX13",0.00832141736831406,-0.000196256034839292
"hoa2","WT","SOX17",0.00440969368401343,0.00121252823975849
"hoa2","WT","SQSTM1",-0.00234396132986656,0.00235589472942141
"hoa2","WT","SRGN",0.00520041549880629,0.00077443648374775
"hoa2","WT","SYBU",0.00119564765310721,0.0010442684475656
"hoa2","WT","SYNJ2",0.00555209084974044,0.000995002801969075
"hoa2","WT","SYT11",0.00739496277483367,0.000267261220970496
"hoa2","WT","TAGLN",0.000407295117278371,0.00206764363914174
"hoa2","WT","TAX1BP1",-0.00270342013265356,0.00388176062259657
"hoa2","WT","TBK1",-0.00361425853685985,0.00454735788901419
"hoa2","WT","TCF15",0.00356017785819886,0.00218656367942684
"hoa2","WT","TEAD1",-0.0035779262634029,0.00455896281909625
"hoa2","WT","TEAD4",-0.0026826529028504,0.00491244979306478
"hoa2","WT","TEK",0.00178949969405176,-0.00325723646433756
"hoa2","WT","TFAM",-0.0117951198136664,0.00798170490478481
"hoa2","WT","THBS1",0.00180662060336235,0.00289438383555217
"hoa2","WT","THY1",-0.00507157802857194,0.00531079525160786
"hoa2","WT","TIMP4",-0.00114074425606685,-0.00405704017787267
"hoa2","WT","TIPARP",-0.00635173445006514,0.00526525586652289
"hoa2","WT","TLCD2",1.95428217081824e-05,3.80702570565846e-05
"hoa2","WT","TM6SF1",0.00656874440952235,0.000396967461874634
"hoa2","WT","TMEM161B-AS1",-0.0387032012256919,0.00788963449490412
"hoa2","WT","TMEM173",0.000704177283968666,0.00315892912431189
"hoa2","WT","TNFAIP3",-0.00967737820283143,0.00658485128902399
"hoa2","WT","TNFRSF4",0.00526535763016421,0.000955167427634234
"hoa2","WT","TRAP1",-0.0063433888940566,0.00566872773349653
"hoa2","WT","TRDMT1",-0.0115189971063475,-0.0163244748268775
"hoa2","WT","TSC1",0.000609159419080741,0.000661670797773789
"hoa2","WT","TSC2",0.0028046655004438,0.0012329709443651
"hoa2","WT","TSPAN13",0.00808189633444908,-0.000371081112567168
"hoa2","WT","TTC21B",-0.0035458186279508,0.00358579777187384
"hoa2","WT","TXN2",-0.0062994812321554,0.00605577189564596
"hoa2","WT","ULK1",-0.000218126896647997,0.00334525247749294
"hoa2","WT","UQCRB",-0.0182505254884333,0.0104545360382452
"hoa2","WT","UQCRC1",-0.00675565791645067,0.00488126403859737
"hoa2","WT","UQCRC2",-0.00893993276607589,0.00657544450042401
"hoa2","WT","VCAM1",-0.00589272882010666,-0.00379770892348463
"hoa2","WT","VCAN",0.0189187783149183,0.000177768820334722
"hoa2","WT","VCP",-0.00906877239798132,0.00693178862534399
"hoa2","WT","VDAC1",-0.00747385293453574,0.00601205124456148
"hoa2","WT","VDAC2",-0.00580273802337468,0.00580839875046856
"hoa2","WT","VDAC3",-0.0041993343475754,0.00468652511579064
"hoa2","WT","VEGFC",0.0018264045329919,0.00244798582294474
"hoa2","WT","VSIR",0.00817561184811879,-0.000268004548009305
"hoa2","WT","VWF",0.00425190837272387,0.00160804732594379
"hoa2","WT","WDR44",-0.00443649400328533,0.00241165049780641
"hoa2","WT","WWTR1",-0.110805381765748,0.0164598498429294
"hoa2","WT","YAP1",-0.00634188713750416,0.00570461101172764
"hoa2","WT","YME1L1",-0.00238753176775749,0.00368311864640841
"hoa2","WT","ZEB2",0.00201921782011757,0.00341407834827707
"hoa2","WT","ZNF224",0.00581150184269307,0.00209264200876754
"hoa2","WT","ZNF331",0.000791441724252723,0.00127857157210276
"hoa2","KO","AC002558.3",0.000489871690216812,0.00436856202081078
"hoa2","KO","AC010359.3",-0.00191315578628635,0.00322186205801206
"hoa2","KO","AC091271.1",-0.00708377334059449,0.00439008462352697
"hoa2","KO","AC109326.1",0.00401947766904406,0.0019032068396636
"hoa2","KO","ACE",0.00727797492763896,6.57129133169191e-05
"hoa2","KO","ACKR1",0.0405981925630596,-0.00806157793707034
"hoa2","KO","ADAMTS1",-0.00217479941867449,0.00381506946316006
"hoa2","KO","ADAMTS4",-0.00385162405841853,0.00416679341631706
"hoa2","KO","ADAMTS6",0.0071910264601319,2.77308146800737e-05
"hoa2","KO","ADAMTS9",0.0027770306817513,0.00223648383431058
"hoa2","KO","ADGRG6",0.00837664071179736,0.00197427275759191
"hoa2","KO","ADM",-0.00308859068806848,0.00403199500901074
"hoa2","KO","AFG3L2",-0.000818894583499538,0.00454931454702982
"hoa2","KO","AKAP12",-0.00440194478872123,0.00392832574234606
"hoa2","KO","AKT1",-0.00634564193365554,0.00486693621019556
"hoa2","KO","ANKRD29",0.00856195560899933,-0.000503397529356292
"hoa2","KO","ANKRD42",-0.0037143768974722,0.0043782868648109
"hoa2","KO","APOD",-0.000246705814615952,0.001928849702356
"hoa2","KO","AQP7",0.00655349543506626,0.000354086927572265
"hoa2","KO","ARL15",0.0043716028102366,0.00134252546684058
"hoa2","KO","ARL4C",0.000364423845253647,0.00285947154664165
"hoa2","KO","ATF3",-0.00598760451884946,0.00507246598831881
"hoa2","KO","ATG5",-0.000222569074651555,-0.000301055127783624
"hoa2","KO","ATP13A3",0.00615577296591787,0.000446785126541966
"hoa2","KO","ATP5F1A",-0.0100554412636468,0.00650040687909016
"hoa2","KO","ATP5F1B",-0.00790795630823632,0.00593521065199743
"hoa2","KO","ATP5MC1",-0.00953204908202162,0.00718451153204161
"hoa2","KO","ATP8A1",0.00603517961413795,0.000658326318105845
"hoa2","KO","B3GNT5",-0.00174512864761597,0.00347556551763813
"hoa2","KO","BAX",-0.00795362922197283,0.00613474645064844
"hoa2","KO","BCL2L1",-0.000304901083983295,0.00237712761683465
"hoa2","KO","BCL2L13",-8.0104166554043e-05,0.00266980686762266
"hoa2","KO","BGN",-0.00247383971756908,0.00379943509707454
"hoa2","KO","BID",-0.00579786710882768,0.00459061907785533
"hoa2","KO","BIRC3",-0.00215615395849297,0.00406228507888927
"hoa2","KO","BMP4",-0.0291079220125613,0.00678864973931599
"hoa2","KO","BNIP3",-0.121617117116569,-0.00462414732437638
"hoa2","KO","BNIP3L",-0.00586603563139687,0.00559305040353526
"hoa2","KO","BTNL9",0.0109242879647751,-0.00145832567538867
"hoa2","KO","C11orf96",-0.00585377881214279,0.00496828699962821
"hoa2","KO","C1orf54",0.000586097791007822,0.00277859862332365
"hoa2","KO","C2CD4B",-0.00549696196595133,0.00514262055250267
"hoa2","KO","C7",0.0105562455388115,-0.000498149341071007
"hoa2","KO","CALCOCO2",-0.00707964155054538,0.00591258486741407
"hoa2","KO","CAT",-0.00347976409202223,0.107749700484896
"hoa2","KO","CBWD5",-0.0025897793383548,0.00629359219962842
"hoa2","KO","CCL2",-0.00434596506013654,0.00448032240747027
"hoa2","KO","CCL23",-0.00199885853315726,0.00225011500379849
"hoa2","KO","CCN1",-0.00271178290661672,0.00438618058112114
"hoa2","KO","CCN2",3.87984751818985e-14,-4.75264472789611e-14
"hoa2","KO","CCND1",-0.00431658172097521,-0.0120023332243991
"hoa2","KO","CD14",-0.000860311590903532,0.00267012425383512
"hoa2","KO","CD300LG",0.0105725671868417,-0.0041107597713522
"hoa2","KO","CD83",-0.00511839435695574,0.00513008355552028
"hoa2","KO","CDH13",0.00852043239115469,-0.00037190504879078
"hoa2","KO","CGAS",8.54647395183069e-06,3.64779093038999e-05
"hoa2","KO","CKS2",-0.00569511506595493,0.00497280887747492
"hoa2","KO","CLDN5",0.00680434192914648,0.000136444947270506
"hoa2","KO","CLPP",-0.000117374096406592,-0.000772753448336482
"hoa2","KO","CNKSR3",-0.00102112691242501,0.00295637845132702
"hoa2","KO","COX4I1",-0.0100920872323567,0.00723162194266697
"hoa2","KO","COX5A",-0.00691070854397107,0.00601976939919989
"hoa2","KO","COX6C",-0.0100938400815175,0.00724017716176425
"hoa2","KO","COX7A2",-0.00746079714861283,0.00607230304389304
"hoa2","KO","CR381670.1",-0.216381727189191,0.00510374562407975
"hoa2","KO","CREB5",-0.00226615916048895,0.00394058367707648
"hoa2","KO","CRIP1",0.0021681633267571,0.00231367897188862
"hoa2","KO","CX3CL1",-0.00054929781764057,0.00249702898490925
"hoa2","KO","CXCL12",0.00643360326478736,0.000198778651492477
"hoa2","KO","CXCL2",-0.00531874525029322,0.00450654712973487
"hoa2","KO","CXCL3",-0.00341992175406392,0.00380710287092459
"hoa2","KO","CXCR4",-0.000180423795193436,0.0015507016407713
"hoa2","KO","CYP1B1",-0.0109994179966854,0.00335814536054044
"hoa2","KO","DDHD1",0.000600630793392429,0.00275680692868049
"hoa2","KO","DEPP1",0.00766702808667875,-0.000194125764572055
"hoa2","KO","DGKE",0.00708867470661089,0.000332169428895555
"hoa2","KO","DLL4",0.000717231143438078,-8.88568703061982e-05
"hoa2","KO","DNAJA4",5.52459390311787e-06,0.00237044631636383
"hoa2","KO","DNM1L",-0.00527151344695639,0.0045910892479276
"hoa2","KO","DNM2",-2.0249876689999e-05,-0.000392447337715551
"hoa2","KO","DUSP2",-0.00555338282654225,0.00559957596648314
"hoa2","KO","DUSP4",-0.00165510660648117,0.00259350128283336
"hoa2","KO","ECRG4",-0.000231923231210263,0.000601659106293157
"hoa2","KO","EDN1",0.00608342185537326,0.000631795684645642
"hoa2","KO","EDNRB",0.00283657209576295,0.00154134153695602
"hoa2","KO","EFNB1",0.00910158630916194,-0.000647890501786878
"hoa2","KO","EGR1",-0.00912778899218073,0.00582518981791533
"hoa2","KO","EGR3",-0.00343124394655833,0.00392245734277477
"hoa2","KO","EIF4EBP1",0.00110806948895737,0.000596902213793221
"hoa2","KO","EMCN",-0.00751721410049816,0.00509422270819315
"hoa2","KO","EMP3",0.000762924319765084,0.0028214282703516
"hoa2","KO","ENG",0.00192437962344108,0.0029789777870803
"hoa2","KO","ERO1B",-0.000460934455460262,0.0030331649086846
"hoa2","KO","F2RL3",2.20266966137348e-13,-2.41809296187667e-13
"hoa2","KO","F8",-0.0022860660160283,0.00250925258986723
"hoa2","KO","FAM107A",0.00612320860329645,0.000562899785941892
"hoa2","KO","FAM184A",-0.0325569092877673,-0.63605981547372
"hoa2","KO","FAN1",0.000470524577137157,0.00114657270157507
"hoa2","KO","FBLN2",0.00337918251837836,0.00185754870027379
"hoa2","KO","FILIP1",0.00869826332461079,-0.000385621766075404
"hoa2","KO","FILIP1L",0.00175208054450013,0.0024091061446349
"hoa2","KO","FIS1",-0.020251768832735,0.000926631115347801
"hoa2","KO","FKBP8",-0.0288826207821974,-0.000450452549882651
"hoa2","KO","FLT1",-0.0181116969178278,-0.229035222655575
"hoa2","KO","FMO2",0.00143003905453395,0.00370597021162289
"hoa2","KO","FUT8",0.00641076609419641,0.000388906434789705
"hoa2","KO","GABARAP",-0.00678074293336396,0.00547656833872519
"hoa2","KO","GABARAPL2",-0.0023395577083756,0.00464176610221694
"hoa2","KO","GABPA",-0.00977708654114375,0.00720839813032954
"hoa2","KO","GABRB2",-0.00150152881753083,-0.00815120727013299
"hoa2","KO","GADD45G",-0.00556339936960065,0.00522258915227505
"hoa2","KO","GBP1",-0.00702830387455898,0.00608369776382371
"hoa2","KO","GCNT2",0.00481585604204285,0.00186051907085501
"hoa2","KO","GIGYF1",0.000229051556807368,-0.00186531515049001
"hoa2","KO","GIGYF2",-0.00500671588407718,0.00540560202027373
"hoa2","KO","GPRC5A",0.000110581184550687,0.0027918667669668
"hoa2","KO","GPRC5B",0.00656412304388004,0.000643527792223783
"hoa2","KO","GPX4",-0.00910824273669938,0.00652473396671372
"hoa2","KO","H19",0.00659489681650303,0.000527558469608236
"hoa2","KO","HBEGF",-0.00592277257704735,0.00532940275381369
"hoa2","KO","HES1",-0.00916537543497917,0.00621934161871147
"hoa2","KO","HIF1A",-0.00428553613504323,0.00466040453030411
"hoa2","KO","HLA-DQA1",-0.00440016360096043,0.00458464265066368
"hoa2","KO","HMOX1",-0.00685698508132898,0.00548527462877652
"hoa2","KO","HSPD1",-0.0094485508853606,0.00682697380301706
"hoa2","KO","HSPE1",-0.00791632884896896,0.00648986714739583
"hoa2","KO","HTRA2",-0.000166438195718213,-0.00180453541004926
"hoa2","KO","ICAM1",-0.00628171689387526,0.00479816650960994
"hoa2","KO","ICAM4",-0.00525127410311613,0.00430661447795525
"hoa2","KO","IER3",-0.00594710647675018,0.00473135676486441
"hoa2","KO","IFIT1",-0.00296197709054725,0.0039363998574333
"hoa2","KO","IFIT2",0.000176812653192703,-0.00277062942092839
"hoa2","KO","IFIT3",-0.00595973521763827,0.00599586270898149
"hoa2","KO","IFT88",-0.00144441315107156,0.00196040663319257
"hoa2","KO","IGFBP5",-0.00265757142434081,0.00411783444256658
"hoa2","KO","IKBKB",0.00133697996551131,0.00233452010683729
"hoa2","KO","IL32",0.00577984667555049,0.000799058338777669
"hoa2","KO","INF2",0.000563375791767536,-0.000681319875225197
"hoa2","KO","INHBB",-0.00427122577649593,0.00515518648474431
"hoa2","KO","INMT",-0.0101991650788915,0.00698063689430553
"hoa2","KO","IRF3",0.224265106498279,-0.0107569600504828
"hoa2","KO","IRF7",-3.38616571792498e-13,3.17830547080351e-13
"hoa2","KO","ISG15",-0.00098432280329439,0.00333880360311352
"hoa2","KO","JAG1",0.00603912102242777,0.000610808972470616
"hoa2","KO","JAG2",0.00731196522472163,-9.53751047823269e-05
"hoa2","KO","KCNQ1OT1",0.000409885601845474,0.00173112682859893
"hoa2","KO","KDM6B",-0.00448130837492307,0.00434890886564621
"hoa2","KO","KDR",-0.0136972350031578,0.0135848629652874
"hoa2","KO","KEAP1",-0.00580326012031528,0.00586717330513548
"hoa2","KO","KIAA0040",-0.000181416465860119,0.0047724095246204
"hoa2","KO","LAMA3",0.00746056347147737,-3.30907827808588e-05
"hoa2","KO","LATS1",-0.00381286583922525,0.00476040159260987
"hoa2","KO","LATS2",-0.00162360705934316,0.00197013533561489
"hoa2","KO","LCN6",-0.00056960578418218,0.00361141655010822
"hoa2","KO","LEPR",0.00686636811650856,0.000217102275341921
"hoa2","KO","LGALS1",0.00235337952654471,0.00210671160799516
"hoa2","KO","LINC00472",0.743959043878793,-0.0301800983705076
"hoa2","KO","LONP1",4.2336877084534e-14,-3.03595403774896e-14
"hoa2","KO","LRG1",-0.00351794867805516,0.00383725714347964
"hoa2","KO","LTBP4",0.00563347576090352,0.000646936222843129
"hoa2","KO","MAP1B",0.00485580423208828,0.00102835673445267
"hoa2","KO","MAP1LC3B",-0.00811099447495755,0.00638188085706366
"hoa2","KO","MCAM",0.00731822869996152,0.000412277512242396
"hoa2","KO","MCL1",-0.00542354753291749,0.00465278400376904
"hoa2","KO","MEOX2",-0.000808054780335324,0.00185680950832502
"hoa2","KO","MET",-0.000476805411257442,0.00354427103176697
"hoa2","KO","MFF",7.88316992233911e-05,-0.000641346438603404
"hoa2","KO","MFN1",0.00035113356094515,0.340608955721727
"hoa2","KO","MFN2",-0.000578172497268942,0.00188505678110822
"hoa2","KO","MGP",0.00398208213529972,0.00148656503409195
"hoa2","KO","MIGA1",0.00271518433866817,0.00206591180449462
"hoa2","KO","MIR222HG",-0.00189055328790337,0.00298402243762727
"hoa2","KO","MIR22HG",-0.00542647194317106,0.00554073289087249
"hoa2","KO","MMP2",0.00871550739526967,-0.000434143166982457
"hoa2","KO","MSX1",-0.0024396245291029,0.00401023362307434
"hoa2","KO","MT-ATP6",0.00306238029094892,-0.000644842675009384
"hoa2","KO","MT-CO1",0.00339995810488093,-0.000782859932469709
"hoa2","KO","MT-CO2",0.00279630423059084,-0.000750140425462274
"hoa2","KO","MT-ND1",0.00261179038275237,-0.00072276048525028
"hoa2","KO","MT-ND4",0.00333925714980271,-0.000670996935207527
"hoa2","KO","MT1E",-0.00506642942189668,0.00545890512892514
"hoa2","KO","MT1X",-0.00520866508393281,0.0049992032337727
"hoa2","KO","MT2A",-0.00556324737001227,0.00507882562643469
"hoa2","KO","MTCH2",-0.0205258880278865,-0.107292026601916
"hoa2","KO","MTFR1L",-0.00638184679976051,0.00582693047432438
"hoa2","KO","MTOR",0.0047976348304703,0.00312892183136426
"hoa2","KO","MX1",-0.00392924823774246,0.00453596680098873
"hoa2","KO","NBR1",-0.00683892754929544,0.00558739759873786
"hoa2","KO","NDUFA1",-0.00843995225162211,0.00656037969571683
"hoa2","KO","NDUFB8",-0.00503168362308328,0.00486573612319005
"hoa2","KO","NDUFS1",0.00264779629015309,0.00246493513305004
"hoa2","KO","NFE2L2",-0.00566443027016396,0.00505927215994131
"hoa2","KO","NFKB1",-0.00494790352527073,0.00512275652046028
"hoa2","KO","NFKBIA",-0.00688253752705297,0.00535223608010084
"hoa2","KO","NIBAN1",0.00671989226214287,0.000436349556982919
"hoa2","KO","NR4A1",-0.00374492077829082,0.00400191432984894
"hoa2","KO","NR4A2",-0.00486434061004335,0.00444545188206827
"hoa2","KO","NSUN6",-0.00126280323022926,0.00292781814647167
"hoa2","KO","OPA1",-0.00662257343055828,0.00523607065189621
"hoa2","KO","OPTN",0.000659047301445816,0.000748172201403354
"hoa2","KO","PARL",-0.00587808544750362,0.00447634409750182
"hoa2","KO","PDGFB",0.00746139389827332,-7.90197271976356e-05
"hoa2","KO","PECAM1",0.0071365508383843,0.000132452118732781
"hoa2","KO","PGF",0.00682682301471475,0.00104692364376341
"hoa2","KO","PHB2",-0.00660965146464827,0.00554566620527737
"hoa2","KO","PHLDA1",-0.00116603967559152,0.0028706664028107
"hoa2","KO","PIK3R3",0.0111583886265015,-0.00130715483235307
"hoa2","KO","PIM1",-0.000416746047834592,0.00391195175766248
"hoa2","KO","PINK1",-0.00382644875243651,0.00486497791924777
"hoa2","KO","PLAC9",-0.00624493963980323,0.0060255757283995
"hoa2","KO","PLAUR",-0.00217929559091512,0.00465442218796563
"hoa2","KO","PLEKHG2",-0.00296927436509919,0.00402125902843683
"hoa2","KO","PMAIP1",-0.00854278984584296,0.00684586383345598
"hoa2","KO","PMPCA",-0.000939285748469497,-0.00584513604788527
"hoa2","KO","PMPCB",-0.00525348312220073,0.00397041013886242
"hoa2","KO","PPP1R14A",0.00641599375604906,0.000308645677188144
"hoa2","KO","PRDX1",-0.00625600570923849,0.00489195464171437
"hoa2","KO","PRDX2",-0.0114349043913838,0.00822401597313304
"hoa2","KO","PRDX3",0.000286527863250669,0.00221869554343337
"hoa2","KO","PRDX5",-0.0120710762007674,0.00718720159485378
"hoa2","KO","PRKX",0.00726789645422611,0.000987253200346706
"hoa2","KO","RASGEF1B",-4.82933724930435e-06,0.000844396865963695
"hoa2","KO","RCAN1",-0.00517639685298618,0.00499926076851406
"hoa2","KO","RELA",-0.00273835511683892,0.00438892225333292
"hoa2","KO","RGS16",-0.00640711765490534,0.0053453121582377
"hoa2","KO","RGS2",0.000111168300930684,-0.000176207512213511
"hoa2","KO","RHEB",-0.00664405719192476,0.00570665741766531
"hoa2","KO","RND1",-0.00642507505121227,0.00478266974509915
"hoa2","KO","RND3",1.35816746343763e-05,3.60552875524562e-05
"hoa2","KO","RNPC3",-0.000614991663654844,0.00329658963476237
"hoa2","KO","RPL32P3",-0.0230085420178122,-0.12556285877734
"hoa2","KO","RPS6KA5",0.00190829461432238,0.00212488422028508
"hoa2","KO","RPS6KB1",-0.00507900389958067,0.00423930268182895
"hoa2","KO","RRN3P1",-0.0182370091063626,-0.129682385574699
"hoa2","KO","SELE",-0.00698117502032696,0.00492914343350319
"hoa2","KO","SEMA3A",-0.00522925434932119,0.00492905561504431
"hoa2","KO","SEMA3G",0.00673674149868155,0.000125323610025924
"hoa2","KO","SEMA4A",-0.00144316908125832,0.00287704658810676
"hoa2","KO","SERPINE1",-0.00528278893756868,0.00487030274821611
"hoa2","KO","SIPA1L2",0.00724719660560582,0.000100056937247181
"hoa2","KO","SLC25A44",-0.00253706484334923,0.00348105452410632
"hoa2","KO","SLC26A2",0.00428294911645672,0.00171885587740803
"hoa2","KO","SLC4A7",0.00345070584683827,0.00250767711241942
"hoa2","KO","SLC5A3",-0.00213289317157337,0.00465083487272665
"hoa2","KO","SLC6A6",0.00707395605171458,0.00011295709476964
"hoa2","KO","SNORD3A",-0.00300213815897205,0.0043536594987858
"hoa2","KO","SOD1",-0.00726077448043963,0.00515969874045489
"hoa2","KO","SOD2",-0.00380236046914662,0.00398290789017698
"hoa2","KO","SOX13",0.00832131268269663,-0.00019625424280033
"hoa2","KO","SOX17",0.00440984766697406,0.0012125693002748
"hoa2","KO","SQSTM1",-0.00228808490031415,0.00230993361683268
"hoa2","KO","SRGN",0.00520058726407913,0.000774459319411626
"hoa2","KO","SYBU",0.00119564551376061,0.00104426649118983
"hoa2","KO","SYNJ2",0.00555217289747174,0.000995017126699562
"hoa2","KO","SYT11",0.00739493731194455,0.000267259681501563
"hoa2","KO","TAGLN",0.000407298392279065,0.00206765877819542
"hoa2","KO","TAX1BP1",-0.00270341444806525,0.00388175325565188
"hoa2","KO","TBK1",-0.00361433741235274,0.00454745795557064
"hoa2","KO","TCF15",0.00356019179083823,0.00218657142164809
"hoa2","KO","TEAD1",-0.00357800982529356,0.0045590708838919
"hoa2","KO","TEAD4",-0.00268266734063332,0.00491247682553398
"hoa2","KO","TEK",0.00178948679275224,-0.00325721281798178
"hoa2","KO","TFAM",-0.0117950322789391,0.00798164602696502
"hoa2","KO","THBS1",0.00180662756843562,0.00289439449498195
"hoa2","KO","THY1",-0.00507163286310941,0.00531085343133736
"hoa2","KO","TIMP4",-0.00114072935780758,-0.00405698817445168
"hoa2","KO","TIPARP",-0.00635295239710193,0.00526626907722175
"hoa2","KO","TLCD2",1.95428182406504e-05,3.80702550459487e-05
"hoa2","KO","TM6SF1",0.00656880648173515,0.000396970182055223
"hoa2","KO","TMEM161B-AS1",-0.0387029880736795,0.0078895908148079
"hoa2","KO","TMEM173",0.00070417925862742,0.00315893470943272
"hoa2","KO","TNFAIP3",-0.00967854246287144,0.00658564550188837
"hoa2","KO","TNFRSF4",0.00526532958902236,0.000955161815286796
"hoa2","KO","TRAP1",-0.00634350418204068,0.00566883148772061
"hoa2","KO","TRDMT1",-0.0115189336461963,-0.0163243850054013
"hoa2","KO","TSC1",0.000609160517270614,0.000661672023557906
"hoa2","KO","TSC2",0.00280464506881648,0.00123296172455072
"hoa2","KO","TSPAN13",0.00808174018944813,-0.000371075314761366
"hoa2","KO","TTC21B",-0.0035459028185991,0.00358588342755052
"hoa2","KO","TXN2",-0.00629960664346634,0.00605589356866386
"hoa2","KO","ULK1",-0.000218130252963546,0.00334531374212284
"hoa2","KO","UQCRB",-0.0182497888039272,0.0104541143782411
"hoa2","KO","UQCRC1",-0.00675560773884113,0.00488122800343443
"hoa2","KO","UQCRC2",-0.0089401900343988,0.00657563520321747
"hoa2","KO","VCAM1",-0.00589271792063847,-0.00379770197252261
"hoa2","KO","VCAN",0.0189189523150253,0.000177770637080178
"hoa2","KO","VCP",-0.009068952847472,0.00693192758919034
"hoa2","KO","VDAC1",-0.0074740566192219,0.00601221605351415
"hoa2","KO","VDAC2",-0.00580280068815127,0.00580846235261785
"hoa2","KO","VDAC3",-0.00419935696643804,0.00468655082867198
"hoa2","KO","VEGFC",0.0018264663462882,0.00244806550383218
"hoa2","KO","VSIR",0.00817545205247186,-0.000268000508235381
"hoa2","KO","VWF",0.00425148543310136,0.00160788079994519
"hoa2","KO","WDR44",-0.00443651821533297,0.00241166372864318
"hoa2","KO","WWTR1",-0.110805585601863,0.0164598801729909
"hoa2","KO","YAP1",-0.00634192106972361,0.00570464217317748
"hoa2","KO","YME1L1",-0.00238768033703806,0.00368334881629352
"hoa2","KO","ZEB2",0.00201925480302543,0.00341414128848556
"hoa2","KO","ZNF224",0.00581154482096688,0.0020926573242292
"hoa2","KO","ZNF331",0.000791441771553238,0.00127857154529905
