"variant","donor","gene","wt_outgoing_weight","ko_outgoing_weight","absolute_wt_weight"
"mtDNA_feature_excluded","hoa2","NFKBIA",0.025,0,0.025
"mtDNA_feature_excluded","hoa2","ICAM1",0.022,0,0.022
"mtDNA_feature_excluded","hoa2","PECAM1",-0.02,0,0.02
"mtDNA_feature_excluded","hoa2","BTNL9",-0.016,0,0.016
"mtDNA_feature_excluded","hoa2","NR4A2",0.016,0,0.016
"mtDNA_feature_excluded","hoa2","ANKRD29",-0.015,0,0.015
"mtDNA_feature_excluded","hoa2","CXCL12",-0.015,0,0.015
"mtDNA_feature_excluded","hoa2","CXCL2",0.015,0,0.015
"mtDNA_feature_excluded","hoa2","EGR1",0.015,0,0.015
"mtDNA_feature_excluded","hoa2","SELE",0.015,0,0.015
"mtDNA_feature_excluded","hoa2","ENG",-0.013,0,0.013
"mtDNA_feature_excluded","hoa2","ICAM4",0.013,0,0.013
"mtDNA_feature_excluded","hoa2","HES1",0.012,0,0.012
"mtDNA_feature_excluded","hoa2","KDM6B",0.012,0,0.012
"mtDNA_feature_excluded","hoa2","MCL1",0.012,0,0.012
"mtDNA_feature_excluded","hoa2","NR4A1",0.012,0,0.012
"mtDNA_feature_excluded","hoa2","SEMA3G",-0.012,0,0.012
"mtDNA_feature_excluded","hoa2","CLDN5",-0.011,0,0.011
"mtDNA_feature_excluded","hoa2","JAG2",-0.011,0,0.011
"mtDNA_feature_excluded","hoa2","TSPAN13",-0.011,0,0.011
"mtDNA_feature_excluded","hoa2","MIR222HG",0.01,0,0.01
"mtDNA_feature_excluded","hoa2","MT2A",0.01,0,0.01
"mtDNA_feature_excluded","hoa2","SLC6A6",-0.01,0,0.01
"mtDNA_feature_excluded","hoa2","ARL15",-0.009,0,0.009
"mtDNA_feature_excluded","hoa2","DEPP1",-0.009,0,0.009
"mtDNA_feature_excluded","hoa2","EGR3",0.009,0,0.009
"mtDNA_feature_excluded","hoa2","KDR",-0.009,0,0.009
"mtDNA_feature_excluded","hoa2","LEPR",-0.009,0,0.009
"mtDNA_feature_excluded","hoa2","LTBP4",-0.009,0,0.009
"mtDNA_feature_excluded","hoa2","PDGFB",-0.009,0,0.009
"mtDNA_feature_excluded","hoa2","SLC25A44",0.009,0,0.009
"mtDNA_feature_excluded","hoa2","TEK",-0.009,0,0.009
"mtDNA_feature_excluded","hoa2","ACE",-0.008,0,0.008
"mtDNA_feature_excluded","hoa2","ADAMTS4",0.008,0,0.008
"mtDNA_feature_excluded","hoa2","ADAMTS6",-0.008,0,0.008
"mtDNA_feature_excluded","hoa2","AQP7",-0.008,0,0.008
"mtDNA_feature_excluded","hoa2","ATP13A3",-0.008,0,0.008
"mtDNA_feature_excluded","hoa2","CD300LG",-0.008,0,0.008
"mtDNA_feature_excluded","hoa2","EMCN",-0.008,0,0.008
"mtDNA_feature_excluded","hoa2","NSUN6",0.008,0,0.008
"mtDNA_feature_excluded","hoa2","PPP1R14A",-0.008,0,0.008
"mtDNA_feature_excluded","hoa2","SEMA4A",0.008,0,0.008
"mtDNA_feature_excluded","hoa2","SRGN",-0.008,0,0.008
"mtDNA_feature_excluded","hoa2","VSIR",-0.008,0,0.008
"mtDNA_feature_excluded","hoa2","VWF",-0.008,0,0.008
"mtDNA_feature_excluded","hoa2","CDH13",-0.007,0,0.007
"mtDNA_feature_excluded","hoa2","CKS2",0.007,0,0.007
"mtDNA_feature_excluded","hoa2","FIS1",-0.007,0,0.007
"mtDNA_feature_excluded","hoa2","LRG1",0.007,0,0.007
"mtDNA_feature_excluded","hoa2","TIPARP",0.007,0,0.007
"mtDNA_feature_excluded","hoa2","TMEM161B-AS1",-0.007,0,0.007
"mtDNA_feature_excluded","hoa2","ATF3",0.006,0,0.006
"mtDNA_feature_excluded","hoa2","CXCL3",0.006,0,0.006
"mtDNA_feature_excluded","hoa2","EFNB1",-0.006,0,0.006
"mtDNA_feature_excluded","hoa2","FUT8",-0.006,0,0.006
"mtDNA_feature_excluded","hoa2","IER3",0.006,0,0.006
"mtDNA_feature_excluded","hoa2","IRF3",-0.006,0,0.006
"mtDNA_feature_excluded","hoa2","LINC00472",-0.006,0,0.006
"mtDNA_feature_excluded","hoa2","MMP2",-0.006,0,0.006
"mtDNA_feature_excluded","hoa2","RGS16",0.006,0,0.006
"mtDNA_feature_excluded","hoa2","SIPA1L2",-0.006,0,0.006
"mtDNA_feature_excluded","hoa2","AC010359.3",0.005,0,0.005
"mtDNA_feature_excluded","hoa2","AKAP12",0.005,0,0.005
"mtDNA_feature_excluded","hoa2","FAM107A",-0.005,0,0.005
"mtDNA_feature_excluded","hoa2","FILIP1",-0.005,0,0.005
"mtDNA_feature_excluded","hoa2","FLT1",-0.005,0,0.005
"mtDNA_feature_excluded","hoa2","HBEGF",0.005,0,0.005
"mtDNA_feature_excluded","hoa2","PRDX5",-0.005,0,0.005
"mtDNA_feature_excluded","hoa2","TTC21B",-0.005,0,0.005
"mtDNA_feature_excluded","hoa2","CALCOCO2",-0.004,0,0.004
"mtDNA_feature_excluded","hoa2","CAT",-0.004,0,0.004
"mtDNA_feature_excluded","hoa2","CYP1B1",0.004,0,0.004
"mtDNA_feature_excluded","hoa2","DGKE",-0.004,0,0.004
"mtDNA_feature_excluded","hoa2","GPX4",-0.004,0,0.004
"mtDNA_feature_excluded","hoa2","H19",-0.004,0,0.004
"mtDNA_feature_excluded","hoa2","HMOX1",0.004,0,0.004
"mtDNA_feature_excluded","hoa2","JAG1",-0.004,0,0.004
"mtDNA_feature_excluded","hoa2","LAMA3",-0.004,0,0.004
"mtDNA_feature_excluded","hoa2","MAP1LC3B",0.004,0,0.004
"mtDNA_feature_excluded","hoa2","MIR22HG",0.004,0,0.004
"mtDNA_feature_excluded","hoa2","NBR1",-0.004,0,0.004
"mtDNA_feature_excluded","hoa2","PIK3R3",-0.004,0,0.004
"mtDNA_feature_excluded","hoa2","PRDX1",-0.004,0,0.004
"mtDNA_feature_excluded","hoa2","RND1",0.004,0,0.004
"mtDNA_feature_excluded","hoa2","SOX13",-0.004,0,0.004
"mtDNA_feature_excluded","hoa2","SYT11",-0.004,0,0.004
"mtDNA_feature_excluded","hoa2","ZNF224",-0.004,0,0.004
"mtDNA_feature_excluded","hoa2","ACKR1",0.003,0,0.003
"mtDNA_feature_excluded","hoa2","ADAMTS1",0.003,0,0.003
"mtDNA_feature_excluded","hoa2","C11orf96",0.003,0,0.003
"mtDNA_feature_excluded","hoa2","CNKSR3",0.003,0,0.003
"mtDNA_feature_excluded","hoa2","COX4I1",-0.003,0,0.003
"mtDNA_feature_excluded","hoa2","DNM2",-0.003,0,0.003
"mtDNA_feature_excluded","hoa2","FAM184A",-0.003,0,0.003
"mtDNA_feature_excluded","hoa2","PINK1",-0.003,0,0.003
"mtDNA_feature_excluded","hoa2","RRN3P1",-0.003,0,0.003
"mtDNA_feature_excluded","hoa2","SERPINE1",0.003,0,0.003
"mtDNA_feature_excluded","hoa2","SOX17",-0.003,0,0.003
"mtDNA_feature_excluded","hoa2","TM6SF1",-0.003,0,0.003
"mtDNA_feature_excluded","hoa2","TNFAIP3",0.003,0,0.003
"mtDNA_feature_excluded","hoa2","TRDMT1",-0.003,0,0.003
"mtDNA_feature_excluded","hoa2","VCP",-0.003,0,0.003
"mtDNA_feature_excluded","hoa2","ADAMTS9",0.002,0,0.002
"mtDNA_feature_excluded","hoa2","ATP5F1A",-0.002,0,0.002
"mtDNA_feature_excluded","hoa2","ATP8A1",-0.002,0,0.002
"mtDNA_feature_excluded","hoa2","C2CD4B",0.002,0,0.002
"mtDNA_feature_excluded","hoa2","CCL2",0.002,0,0.002
"mtDNA_feature_excluded","hoa2","CCND1",-0.002,0,0.002
"mtDNA_feature_excluded","hoa2","CD83",0.002,0,0.002
"mtDNA_feature_excluded","hoa2","CGAS",-0.002,0,0.002
"mtDNA_feature_excluded","hoa2","COX6C",-0.002,0,0.002
"mtDNA_feature_excluded","hoa2","CRIP1",-0.002,0,0.002
"mtDNA_feature_excluded","hoa2","DUSP2",0.002,0,0.002
"mtDNA_feature_excluded","hoa2","EDN1",-0.002,0,0.002
"mtDNA_feature_excluded","hoa2","EMP3",-0.002,0,0.002
"mtDNA_feature_excluded","hoa2","F8",-0.002,0,0.002
"mtDNA_feature_excluded","hoa2","FAN1",-0.002,0,0.002
"mtDNA_feature_excluded","hoa2","GPRC5B",-0.002,0,0.002
"mtDNA_feature_excluded","hoa2","HSPE1",0.002,0,0.002
"mtDNA_feature_excluded","hoa2","IL32",-0.002,0,0.002
"mtDNA_feature_excluded","hoa2","KCNQ1OT1",0.002,0,0.002
"mtDNA_feature_excluded","hoa2","MAP1B",-0.002,0,0.002
"mtDNA_feature_excluded","hoa2","MGP",-0.002,0,0.002
"mtDNA_feature_excluded","hoa2","MSX1",0.002,0,0.002
"mtDNA_feature_excluded","hoa2","PIM1",0.002,0,0.002
"mtDNA_feature_excluded","hoa2","PMPCA",-0.002,0,0.002
"mtDNA_feature_excluded","hoa2","PMPCB",-0.002,0,0.002
"mtDNA_feature_excluded","hoa2","RPL32P3",-0.002,0,0.002
"mtDNA_feature_excluded","hoa2","SEMA3A",-0.002,0,0.002
"mtDNA_feature_excluded","hoa2","SLC26A2",-0.002,0,0.002
"mtDNA_feature_excluded","hoa2","SNORD3A",-0.002,0,0.002
"mtDNA_feature_excluded","hoa2","SOD2",0.002,0,0.002
"mtDNA_feature_excluded","hoa2","TCF15",-0.002,0,0.002
"mtDNA_feature_excluded","hoa2","TEAD1",-0.002,0,0.002
"mtDNA_feature_excluded","hoa2","TLCD2",-0.002,0,0.002
"mtDNA_feature_excluded","hoa2","UQCRB",-0.002,0,0.002
"mtDNA_feature_excluded","hoa2","VCAN",0.002,0,0.002
"mtDNA_feature_excluded","hoa2","WDR44",-0.002,0,0.002
"mtDNA_feature_excluded","hoa2","WWTR1",0.002,0,0.002
"mtDNA_feature_excluded","hoa2","YME1L1",0.002,0,0.002
"mtDNA_feature_excluded","hoa2","ADGRG6",-0.001,0,0.001
"mtDNA_feature_excluded","hoa2","ANKRD42",0.001,0,0.001
"mtDNA_feature_excluded","hoa2","ATP5F1B",-0.001,0,0.001
"mtDNA_feature_excluded","hoa2","ATP5MC1",0.001,0,0.001
"mtDNA_feature_excluded","hoa2","B3GNT5",0.001,0,0.001
"mtDNA_feature_excluded","hoa2","BIRC3",0.001,0,0.001
"mtDNA_feature_excluded","hoa2","CBWD5",-0.001,0,0.001
"mtDNA_feature_excluded","hoa2","CCL23",-0.001,0,0.001
"mtDNA_feature_excluded","hoa2","COX5A",0.001,0,0.001
"mtDNA_feature_excluded","hoa2","CR381670.1",-0.001,0,0.001
"mtDNA_feature_excluded","hoa2","CREB5",-0.001,0,0.001
"mtDNA_feature_excluded","hoa2","CXCR4",0.001,0,0.001
"mtDNA_feature_excluded","hoa2","DLL4",-0.001,0,0.001
"mtDNA_feature_excluded","hoa2","DNAJA4",0.001,0,0.001
"mtDNA_feature_excluded","hoa2","DUSP4",0.001,0,0.001
"mtDNA_feature_excluded","hoa2","ERO1B",0.001,0,0.001
"mtDNA_feature_excluded","hoa2","FKBP8",-0.001,0,0.001
"mtDNA_feature_excluded","hoa2","FMO2",-0.001,0,0.001
"mtDNA_feature_excluded","hoa2","GABPA",-0.001,0,0.001
"mtDNA_feature_excluded","hoa2","GCNT2",-0.001,0,0.001
"mtDNA_feature_excluded","hoa2","GPRC5A",0.001,0,0.001
"mtDNA_feature_excluded","hoa2","IKBKB",-0.001,0,0.001
"mtDNA_feature_excluded","hoa2","KIAA0040",0.001,0,0.001
"mtDNA_feature_excluded","hoa2","LATS2",-0.001,0,0.001
"mtDNA_feature_excluded","hoa2","MCAM",-0.001,0,0.001
"mtDNA_feature_excluded","hoa2","MET",-0.001,0,0.001
"mtDNA_feature_excluded","hoa2","MT1X",0.001,0,0.001
"mtDNA_feature_excluded","hoa2","MTOR",-0.001,0,0.001
"mtDNA_feature_excluded","hoa2","NDUFB8",0.001,0,0.001
"mtDNA_feature_excluded","hoa2","NFE2L2",0.001,0,0.001
"mtDNA_feature_excluded","hoa2","PGF",-0.001,0,0.001
"mtDNA_feature_excluded","hoa2","PHLDA1",0.001,0,0.001
"mtDNA_feature_excluded","hoa2","PLEKHG2",0.001,0,0.001
"mtDNA_feature_excluded","hoa2","PRDX2",-0.001,0,0.001
"mtDNA_feature_excluded","hoa2","PRKX",-0.001,0,0.001
"mtDNA_feature_excluded","hoa2","SYNJ2",-0.001,0,0.001
"mtDNA_feature_excluded","hoa2","TMEM173",-0.001,0,0.001
"mtDNA_feature_excluded","hoa2","TNFRSF4",-0.001,0,0.001
"mtDNA_feature_excluded","hoa2","TRAP1",-0.001,0,0.001
"mtDNA_feature_excluded","hoa2","TSC1",-0.001,0,0.001
"mtDNA_feature_excluded","hoa2","TSC2",-0.001,0,0.001
"mtDNA_feature_excluded","hoa2","UQCRC2",-0.001,0,0.001
"mtDNA_feature_excluded","hoa2","VEGFC",-0.001,0,0.001
"mtDNA_feature_excluded","hoa2","AC002558.3",0,0,0
"mtDNA_feature_excluded","hoa2","AC091271.1",0,0,0
"mtDNA_feature_excluded","hoa2","AC109326.1",0,0,0
"mtDNA_feature_excluded","hoa2","ADM",0,0,0
"mtDNA_feature_excluded","hoa2","AFG3L2",0,0,0
"mtDNA_feature_excluded","hoa2","AKT1",0,0,0
"mtDNA_feature_excluded","hoa2","APOD",0,0,0
"mtDNA_feature_excluded","hoa2","ARL4C",0,0,0
"mtDNA_feature_excluded","hoa2","ATG5",0,0,0
"mtDNA_feature_excluded","hoa2","BAX",0,0,0
"mtDNA_feature_excluded","hoa2","BCL2L1",0,0,0
"mtDNA_feature_excluded","hoa2","BCL2L13",0,0,0
"mtDNA_feature_excluded","hoa2","BGN",0,0,0
"mtDNA_feature_excluded","hoa2","BID",0,0,0
"mtDNA_feature_excluded","hoa2","BMP4",0,0,0
"mtDNA_feature_excluded","hoa2","BNIP3",0,0,0
"mtDNA_feature_excluded","hoa2","BNIP3L",0,0,0
"mtDNA_feature_excluded","hoa2","C1orf54",0,0,0
"mtDNA_feature_excluded","hoa2","C7",0,0,0
"mtDNA_feature_excluded","hoa2","CCN1",0,0,0
"mtDNA_feature_excluded","hoa2","CCN2",0,0,0
"mtDNA_feature_excluded","hoa2","CD14",0,0,0
"mtDNA_feature_excluded","hoa2","CLPP",0,0,0
"mtDNA_feature_excluded","hoa2","COX7A2",0,0,0
"mtDNA_feature_excluded","hoa2","CX3CL1",0,0,0
"mtDNA_feature_excluded","hoa2","DDHD1",0,0,0
"mtDNA_feature_excluded","hoa2","DNM1L",0,0,0
"mtDNA_feature_excluded","hoa2","ECRG4",0,0,0
"mtDNA_feature_excluded","hoa2","EDNRB",0,0,0
"mtDNA_feature_excluded","hoa2","EIF4EBP1",0,0,0
"mtDNA_feature_excluded","hoa2","F2RL3",0,0,0
"mtDNA_feature_excluded","hoa2","FBLN2",0,0,0
"mtDNA_feature_excluded","hoa2","FILIP1L",0,0,0
"mtDNA_feature_excluded","hoa2","GABARAP",0,0,0
"mtDNA_feature_excluded","hoa2","GABARAPL2",0,0,0
"mtDNA_feature_excluded","hoa2","GABRB2",0,0,0
"mtDNA_feature_excluded","hoa2","GADD45G",0,0,0
"mtDNA_feature_excluded","hoa2","GBP1",0,0,0
"mtDNA_feature_excluded","hoa2","GIGYF1",0,0,0
"mtDNA_feature_excluded","hoa2","GIGYF2",0,0,0
"mtDNA_feature_excluded","hoa2","HIF1A",0,0,0
"mtDNA_feature_excluded","hoa2","HLA-DQA1",0,0,0
"mtDNA_feature_excluded","hoa2","HSPD1",0,0,0
"mtDNA_feature_excluded","hoa2","HTRA2",0,0,0
"mtDNA_feature_excluded","hoa2","IFIT1",0,0,0
"mtDNA_feature_excluded","hoa2","IFIT2",0,0,0
"mtDNA_feature_excluded","hoa2","IFIT3",0,0,0
"mtDNA_feature_excluded","hoa2","IFT88",0,0,0
"mtDNA_feature_excluded","hoa2","IGFBP5",0,0,0
"mtDNA_feature_excluded","hoa2","INF2",0,0,0
"mtDNA_feature_excluded","hoa2","INHBB",0,0,0
"mtDNA_feature_excluded","hoa2","INMT",0,0,0
"mtDNA_feature_excluded","hoa2","IRF7",0,0,0
"mtDNA_feature_excluded","hoa2","ISG15",0,0,0
"mtDNA_feature_excluded","hoa2","KEAP1",0,0,0
"mtDNA_feature_excluded","hoa2","LATS1",0,0,0
"mtDNA_feature_excluded","hoa2","LCN6",0,0,0
"mtDNA_feature_excluded","hoa2","LGALS1",0,0,0
"mtDNA_feature_excluded","hoa2","LONP1",0,0,0
"mtDNA_feature_excluded","hoa2","MEOX2",0,0,0
"mtDNA_feature_excluded","hoa2","MFF",0,0,0
"mtDNA_feature_excluded","hoa2","MFN1",0,0,0
"mtDNA_feature_excluded","hoa2","MFN2",0,0,0
"mtDNA_feature_excluded","hoa2","MIGA1",0,0,0
"mtDNA_feature_excluded","hoa2","MT1E",0,0,0
"mtDNA_feature_excluded","hoa2","MTCH2",0,0,0
"mtDNA_feature_excluded","hoa2","MTFR1L",0,0,0
"mtDNA_feature_excluded","hoa2","MX1",0,0,0
"mtDNA_feature_excluded","hoa2","NDUFA1",0,0,0
"mtDNA_feature_excluded","hoa2","NDUFS1",0,0,0
"mtDNA_feature_excluded","hoa2","NFKB1",0,0,0
"mtDNA_feature_excluded","hoa2","NIBAN1",0,0,0
"mtDNA_feature_excluded","hoa2","OPA1",0,0,0
"mtDNA_feature_excluded","hoa2","OPTN",0,0,0
"mtDNA_feature_excluded","hoa2","PARL",0,0,0
"mtDNA_feature_excluded","hoa2","PHB2",0,0,0
"mtDNA_feature_excluded","hoa2","PLAC9",0,0,0
"mtDNA_feature_excluded","hoa2","PLAUR",0,0,0
"mtDNA_feature_excluded","hoa2","PMAIP1",0,0,0
"mtDNA_feature_excluded","hoa2","PRDX3",0,0,0
"mtDNA_feature_excluded","hoa2","RASGEF1B",0,0,0
"mtDNA_feature_excluded","hoa2","RCAN1",0,0,0
"mtDNA_feature_excluded","hoa2","RELA",0,0,0
"mtDNA_feature_excluded","hoa2","RGS2",0,0,0
"mtDNA_feature_excluded","hoa2","RHEB",0,0,0
"mtDNA_feature_excluded","hoa2","RND3",0,0,0
"mtDNA_feature_excluded","hoa2","RNPC3",0,0,0
"mtDNA_feature_excluded","hoa2","RPS6KA5",0,0,0
"mtDNA_feature_excluded","hoa2","RPS6KB1",0,0,0
"mtDNA_feature_excluded","hoa2","SLC4A7",0,0,0
"mtDNA_feature_excluded","hoa2","SLC5A3",0,0,0
"mtDNA_feature_excluded","hoa2","SOD1",0,0,0
"mtDNA_feature_excluded","hoa2","SQSTM1",0,0,0
"mtDNA_feature_excluded","hoa2","SYBU",0,0,0
"mtDNA_feature_excluded","hoa2","TAGLN",0,0,0
"mtDNA_feature_excluded","hoa2","TAX1BP1",0,0,0
"mtDNA_feature_excluded","hoa2","TBK1",0,0,0
"mtDNA_feature_excluded","hoa2","TEAD4",0,0,0
"mtDNA_feature_excluded","hoa2","TFAM",0,0,0
"mtDNA_feature_excluded","hoa2","THBS1",0,0,0
"mtDNA_feature_excluded","hoa2","THY1",0,0,0
"mtDNA_feature_excluded","hoa2","TIMP4",0,0,0
"mtDNA_feature_excluded","hoa2","TXN2",0,0,0
"mtDNA_feature_excluded","hoa2","ULK1",0,0,0
"mtDNA_feature_excluded","hoa2","UQCRC1",0,0,0
"mtDNA_feature_excluded","hoa2","VCAM1",0,0,0
"mtDNA_feature_excluded","hoa2","VDAC1",0,0,0
"mtDNA_feature_excluded","hoa2","VDAC2",0,0,0
"mtDNA_feature_excluded","hoa2","VDAC3",0,0,0
"mtDNA_feature_excluded","hoa2","YAP1",0,0,0
"mtDNA_feature_excluded","hoa2","ZEB2",0,0,0
"mtDNA_feature_excluded","hoa2","ZNF331",0,0,0
