"variant","donor","state","gene","PC1","PC2"
"mtDNA_feature_excluded","hoa2","WT","AC002558.3",0.000228685759224388,0.000579726554098464
"mtDNA_feature_excluded","hoa2","WT","AC010359.3",0.00605802370416645,0.0149888715010206
"mtDNA_feature_excluded","hoa2","WT","AC091271.1",0.00660090510132717,0.00380337684332033
"mtDNA_feature_excluded","hoa2","WT","AC109326.1",-0.00182806857850907,0.0031940461902443
"mtDNA_feature_excluded","hoa2","WT","ACE",-0.0245740070612853,0.020560672176056
"mtDNA_feature_excluded","hoa2","WT","ACKR1",0.160291298491504,0.0184890713951379
"mtDNA_feature_excluded","hoa2","WT","ADAMTS1",0.00357975579772859,0.0125816748569316
"mtDNA_feature_excluded","hoa2","WT","ADAMTS4",0.000237861245072219,0.0109157031570629
"mtDNA_feature_excluded","hoa2","WT","ADAMTS6",-0.021274869346052,0.0230615036035471
"mtDNA_feature_excluded","hoa2","WT","ADAMTS9",0.0198161412561821,0.030456268098357
"mtDNA_feature_excluded","hoa2","WT","ADGRG6",-0.0955017019500334,0.060338827307483
"mtDNA_feature_excluded","hoa2","WT","ADM",-0.000287370874493066,-0.000221959723395593
"mtDNA_feature_excluded","hoa2","WT","AFG3L2",-0.00260401508434705,-0.00356178440723052
"mtDNA_feature_excluded","hoa2","WT","AKAP12",0.024534543440087,0.00346811809005905
"mtDNA_feature_excluded","hoa2","WT","AKT1",0.00195184333613937,-0.000958375014607011
"mtDNA_feature_excluded","hoa2","WT","ANKRD29",-0.0220593353148161,0.02515645528887
"mtDNA_feature_excluded","hoa2","WT","ANKRD42",0.00663898273728977,0.00963143661085264
"mtDNA_feature_excluded","hoa2","WT","APOD",-0.00263692045914271,-0.00120056247593274
"mtDNA_feature_excluded","hoa2","WT","AQP7",-0.020240690773927,0.0186952886444892
"mtDNA_feature_excluded","hoa2","WT","ARL15",-0.0205958907637329,0.0221968280263717
"mtDNA_feature_excluded","hoa2","WT","ARL4C",-0.00531500423886357,-0.00456756788130239
"mtDNA_feature_excluded","hoa2","WT","ATF3",0.00212319441413287,0.00265191002835103
"mtDNA_feature_excluded","hoa2","WT","ATG5",0.000735623966093703,0.00179621773477268
"mtDNA_feature_excluded","hoa2","WT","ATP13A3",-0.0176065785321687,0.026934044093198
"mtDNA_feature_excluded","hoa2","WT","ATP5F1A",-0.11353466631714,-0.152499467489924
"mtDNA_feature_excluded","hoa2","WT","ATP5F1B",-0.018074231583787,-0.0408860905796799
"mtDNA_feature_excluded","hoa2","WT","ATP5MC1",-0.0497929930773869,-0.0643214609725423
"mtDNA_feature_excluded","hoa2","WT","ATP8A1",-0.0105303559317705,0.00826534476744394
"mtDNA_feature_excluded","hoa2","WT","B3GNT5",0.00269962785202,0.00387701796319983
"mtDNA_feature_excluded","hoa2","WT","BAX",-0.00280420734184029,-0.00895138882639775
"mtDNA_feature_excluded","hoa2","WT","BCL2L1",-8.10529186727729e-05,5.39373354711016e-05
"mtDNA_feature_excluded","hoa2","WT","BCL2L13",-0.000547931797028604,-0.000473253527387332
"mtDNA_feature_excluded","hoa2","WT","BGN",-0.00620769028491959,-0.00936990685015603
"mtDNA_feature_excluded","hoa2","WT","BID",-0.00496835199713575,-0.00949196546544464
"mtDNA_feature_excluded","hoa2","WT","BIRC3",-0.00686616566304903,-0.0057702558166564
"mtDNA_feature_excluded","hoa2","WT","BMP4",0.00967621573251307,-0.0188400443568987
"mtDNA_feature_excluded","hoa2","WT","BNIP3",0.00216143033485381,-0.00361489458915596
"mtDNA_feature_excluded","hoa2","WT","BNIP3L",0.00221374255017329,-0.000672433755575025
"mtDNA_feature_excluded","hoa2","WT","BTNL9",-0.0126808802065668,0.0327999721259201
"mtDNA_feature_excluded","hoa2","WT","C11orf96",-0.00942590484579961,-0.0103208460996665
"mtDNA_feature_excluded","hoa2","WT","C1orf54",-0.0143973299411961,-0.00807554114325052
"mtDNA_feature_excluded","hoa2","WT","C2CD4B",-0.00417670062364274,-0.00625311276490987
"mtDNA_feature_excluded","hoa2","WT","C7",-0.0479809069371646,0.0041476410098125
"mtDNA_feature_excluded","hoa2","WT","CALCOCO2",0.025703095478067,0.0187065107668495
"mtDNA_feature_excluded","hoa2","WT","CAT",0.0163350809370654,0.0173590861422939
"mtDNA_feature_excluded","hoa2","WT","CBWD5",0.00591748158855036,0.00815668630093189
"mtDNA_feature_excluded","hoa2","WT","CCL2",-0.00635953758432595,-0.00485544018248168
"mtDNA_feature_excluded","hoa2","WT","CCL23",0.012424167031887,0.00197280184796164
"mtDNA_feature_excluded","hoa2","WT","CCN1",-0.000395213978425845,-0.000292026219026561
"mtDNA_feature_excluded","hoa2","WT","CCN2",1.75007539322315e-05,-1.57073695872323e-05
"mtDNA_feature_excluded","hoa2","WT","CCND1",-0.016306282183065,-0.0289216883261034
"mtDNA_feature_excluded","hoa2","WT","CD14",0.00129100166334555,-0.000276352963346507
"mtDNA_feature_excluded","hoa2","WT","CD300LG",0.00835748476045611,0.0141656936739247
"mtDNA_feature_excluded","hoa2","WT","CD83",-0.0102988421527487,-0.00907741658719078
"mtDNA_feature_excluded","hoa2","WT","CDH13",-0.0172326396817532,0.0177862635694907
"mtDNA_feature_excluded","hoa2","WT","CGAS",0.0134128245325227,0.0144382422333409
"mtDNA_feature_excluded","hoa2","WT","CKS2",-0.00877237273174165,-0.00845773033561275
"mtDNA_feature_excluded","hoa2","WT","CLDN5",-0.0272667408820323,0.017808437885387
"mtDNA_feature_excluded","hoa2","WT","CLPP",0.000823768428471254,-0.000479711731755795
"mtDNA_feature_excluded","hoa2","WT","CNKSR3",0.00631475639691664,0.0134535247583017
"mtDNA_feature_excluded","hoa2","WT","COX4I1",0.0131200962427136,0.0252017319029954
"mtDNA_feature_excluded","hoa2","WT","COX5A",-0.106451007631935,-0.130485894554432
"mtDNA_feature_excluded","hoa2","WT","COX6C",0.0748383623167117,0.226585098587933
"mtDNA_feature_excluded","hoa2","WT","COX7A2",-0.127813006631089,-0.139274338231339
"mtDNA_feature_excluded","hoa2","WT","CR381670.1",0.0111514806895069,0.00927347692333335
"mtDNA_feature_excluded","hoa2","WT","CREB5",0.00918780659155721,0.0184823832648805
"mtDNA_feature_excluded","hoa2","WT","CRIP1",-0.0163932484984098,0.00877343554061366
"mtDNA_feature_excluded","hoa2","WT","CX3CL1",-0.00540313299240648,-0.000330008527741172
"mtDNA_feature_excluded","hoa2","WT","CXCL12",-0.0267853583358981,0.0232163987362589
"mtDNA_feature_excluded","hoa2","WT","CXCL2",-0.0157796000071184,-0.0150968492033972
"mtDNA_feature_excluded","hoa2","WT","CXCL3",-0.0092834423557675,-0.00735767344014396
"mtDNA_feature_excluded","hoa2","WT","CXCR4",-0.0129368716037874,-0.00943042807058834
"mtDNA_feature_excluded","hoa2","WT","CYP1B1",0.200332734224814,0.0775415723624388
"mtDNA_feature_excluded","hoa2","WT","DDHD1",0.005768199434702,0.00983101321478577
"mtDNA_feature_excluded","hoa2","WT","DEPP1",-0.0253532297475816,0.0183814095091254
"mtDNA_feature_excluded","hoa2","WT","DGKE",0.00458239068312995,0.0232311702283791
"mtDNA_feature_excluded","hoa2","WT","DLL4",0.00178786384413424,0.00783521580297636
"mtDNA_feature_excluded","hoa2","WT","DNAJA4",0.00183046581707463,0.00341144305604749
"mtDNA_feature_excluded","hoa2","WT","DNM1L",0.00215399309939958,0.00152897798195551
"mtDNA_feature_excluded","hoa2","WT","DNM2",0.0276727553816285,0.0237760126131182
"mtDNA_feature_excluded","hoa2","WT","DUSP2",-0.0170589639208905,-0.0129575484064013
"mtDNA_feature_excluded","hoa2","WT","DUSP4",0.00233683768064497,-0.00405348894240614
"mtDNA_feature_excluded","hoa2","WT","ECRG4",0.000400238522131865,0.000231913955755253
"mtDNA_feature_excluded","hoa2","WT","EDN1",-0.0167570675253345,0.010665810707754
"mtDNA_feature_excluded","hoa2","WT","EDNRB",-0.000863671227901969,0.000753522103859657
"mtDNA_feature_excluded","hoa2","WT","EFNB1",-0.0162300962359828,0.0175652289901828
"mtDNA_feature_excluded","hoa2","WT","EGR1",-0.0326247155195905,-0.0688859793673291
"mtDNA_feature_excluded","hoa2","WT","EGR3",0.0053477394339952,0.012020484082979
"mtDNA_feature_excluded","hoa2","WT","EIF4EBP1",-0.00242212942532784,-0.00349456144222655
"mtDNA_feature_excluded","hoa2","WT","EMCN",0.123882666935256,-0.19387384185498
"mtDNA_feature_excluded","hoa2","WT","EMP3",-0.0172705316515301,0.00887801963689825
"mtDNA_feature_excluded","hoa2","WT","ENG",-0.251258309263217,0.137569892818206
"mtDNA_feature_excluded","hoa2","WT","ERO1B",0.00020896277580813,0.00179701245438139
"mtDNA_feature_excluded","hoa2","WT","F2RL3",-2.24285446658002e-05,5.71492910313152e-05
"mtDNA_feature_excluded","hoa2","WT","F8",0.00935551113526809,0.00808371923461585
"mtDNA_feature_excluded","hoa2","WT","FAM107A",-0.0210388724410683,0.0183963894592988
"mtDNA_feature_excluded","hoa2","WT","FAM184A",0.032112772509261,0.029936910620068
"mtDNA_feature_excluded","hoa2","WT","FAN1",0.0118747963934556,0.0146230292773577
"mtDNA_feature_excluded","hoa2","WT","FBLN2",-0.00890891592096685,0.000811197198067824
"mtDNA_feature_excluded","hoa2","WT","FILIP1",-0.0032978422924788,0.0132688990929252
"mtDNA_feature_excluded","hoa2","WT","FILIP1L",-0.000980669907162749,0.00213875732473426
"mtDNA_feature_excluded","hoa2","WT","FIS1",0.128585488177806,-0.130415307536975
"mtDNA_feature_excluded","hoa2","WT","FKBP8",-0.0117263739875123,-0.024585583550498
"mtDNA_feature_excluded","hoa2","WT","FLT1",0.0364718796329264,0.0324573244022752
"mtDNA_feature_excluded","hoa2","WT","FMO2",0.00918686129046175,0.00547603183986937
"mtDNA_feature_excluded","hoa2","WT","FUT8",-0.02329818682853,0.0176733402155466
"mtDNA_feature_excluded","hoa2","WT","GABARAP",0.00173347973108169,0.000675224850485728
"mtDNA_feature_excluded","hoa2","WT","GABARAPL2",-0.0409764993338033,-0.0543488955066873
"mtDNA_feature_excluded","hoa2","WT","GABPA",0.00612140831617218,0.0025417878921189
"mtDNA_feature_excluded","hoa2","WT","GABRB2",0.0912670527078102,-0.0544843638206091
"mtDNA_feature_excluded","hoa2","WT","GADD45G",-5.63120700390294e-05,-0.00382843121534794
"mtDNA_feature_excluded","hoa2","WT","GBP1",3.28498200533414e-05,-5.60267244803091e-05
"mtDNA_feature_excluded","hoa2","WT","GCNT2",0.00240481326752628,0.0115588658971602
"mtDNA_feature_excluded","hoa2","WT","GIGYF1",0.00109268285357932,0.00112834082674205
"mtDNA_feature_excluded","hoa2","WT","GIGYF2",0.00175001718916195,0.00159877553579695
"mtDNA_feature_excluded","hoa2","WT","GPRC5A",0.000313942702359826,0.00103659864647767
"mtDNA_feature_excluded","hoa2","WT","GPRC5B",-0.00925935789961913,0.00991215637013788
"mtDNA_feature_excluded","hoa2","WT","GPX4",0.194084421831019,0.0276803647853341
"mtDNA_feature_excluded","hoa2","WT","H19",-0.0204488957167309,0.00958459179872836
"mtDNA_feature_excluded","hoa2","WT","HBEGF",-0.0102375707053854,-0.00557518926844423
"mtDNA_feature_excluded","hoa2","WT","HES1",0.328576593066053,0.194621546769606
"mtDNA_feature_excluded","hoa2","WT","HIF1A",0.00170974093560709,-0.000933067079992782
"mtDNA_feature_excluded","hoa2","WT","HLA-DQA1",5.88956877111958e-05,-0.000229066340166438
"mtDNA_feature_excluded","hoa2","WT","HMOX1",-0.00619550298686764,-0.00798713618305177
"mtDNA_feature_excluded","hoa2","WT","HSPD1",0.0107673597458842,-0.0268100704973187
"mtDNA_feature_excluded","hoa2","WT","HSPE1",-0.0319396517182272,-0.0486151446113376
"mtDNA_feature_excluded","hoa2","WT","HTRA2",0.000697197463390789,-0.001136955901513
"mtDNA_feature_excluded","hoa2","WT","ICAM1",-0.0051230885115277,-0.00451455498965815
"mtDNA_feature_excluded","hoa2","WT","ICAM4",-0.0113201546726775,-0.0164119782612514
"mtDNA_feature_excluded","hoa2","WT","IER3",-0.00643225329528628,-0.0147448401004537
"mtDNA_feature_excluded","hoa2","WT","IFIT1",0.000333191959625142,-1.34920656342822e-05
"mtDNA_feature_excluded","hoa2","WT","IFIT2",0.00263423900201804,-0.000586120584347294
"mtDNA_feature_excluded","hoa2","WT","IFIT3",-0.000335604592096601,-0.00081185307074196
"mtDNA_feature_excluded","hoa2","WT","IFT88",0.000444549077600525,-0.00174707137215792
"mtDNA_feature_excluded","hoa2","WT","IGFBP5",-0.000600862204689638,-0.000573847997981851
"mtDNA_feature_excluded","hoa2","WT","IKBKB",0.0113735388275433,0.00626471307360554
"mtDNA_feature_excluded","hoa2","WT","IL32",-0.0287489566219991,0.00142705479641918
"mtDNA_feature_excluded","hoa2","WT","INF2",0.000960724319816733,0.000907708888157823
"mtDNA_feature_excluded","hoa2","WT","INHBB",-0.00342164416383137,-0.00115807349534974
"mtDNA_feature_excluded","hoa2","WT","INMT",0.00214294780834992,-0.000848430022737346
"mtDNA_feature_excluded","hoa2","WT","IRF3",0.0335985745893183,0.033210646580494
"mtDNA_feature_excluded","hoa2","WT","IRF7",5.61770006995474e-15,1.66348679687199e-14
"mtDNA_feature_excluded","hoa2","WT","ISG15",-0.0038885278570096,-0.00324671657037231
"mtDNA_feature_excluded","hoa2","WT","JAG1",-0.0176292209079525,0.0171576311350282
"mtDNA_feature_excluded","hoa2","WT","JAG2",-0.0250603194645995,0.0224188915600418
"mtDNA_feature_excluded","hoa2","WT","KCNQ1OT1",0.0276084776287557,0.0321516055628723
"mtDNA_feature_excluded","hoa2","WT","KDM6B",0.00880543037421575,0.0204682321227586
"mtDNA_feature_excluded","hoa2","WT","KDR",0.0364248917313621,0.0212099641123064
"mtDNA_feature_excluded","hoa2","WT","KEAP1",-0.000756049139139314,-0.00129310240926778
"mtDNA_feature_excluded","hoa2","WT","KIAA0040",-0.00298996156166183,-0.00245172211591876
"mtDNA_feature_excluded","hoa2","WT","LAMA3",-0.0151453866557077,0.0144697328458939
"mtDNA_feature_excluded","hoa2","WT","LATS1",0.000737428484833272,0.00072683892668083
"mtDNA_feature_excluded","hoa2","WT","LATS2",0.00830939010499103,0.00746576768555575
"mtDNA_feature_excluded","hoa2","WT","LCN6",-0.00425925517579434,0.00255656970826967
"mtDNA_feature_excluded","hoa2","WT","LEPR",-0.0211858114852178,0.0205178103993815
"mtDNA_feature_excluded","hoa2","WT","LGALS1",-0.0336077751037208,-0.0263508888195858
"mtDNA_feature_excluded","hoa2","WT","LINC00472",0.0663636321901954,0.0603048401676284
"mtDNA_feature_excluded","hoa2","WT","LONP1",0.000475592331131355,-0.000192218168821484
"mtDNA_feature_excluded","hoa2","WT","LRG1",-0.00794684309913171,-0.00704916710613248
"mtDNA_feature_excluded","hoa2","WT","LTBP4",-0.0253384129575733,0.0214419951891969
"mtDNA_feature_excluded","hoa2","WT","MAP1B",-0.0231575331608607,0.00676353550861989
"mtDNA_feature_excluded","hoa2","WT","MAP1LC3B",-0.0336368196722826,-0.0544015316112838
"mtDNA_feature_excluded","hoa2","WT","MCAM",-0.0126186695959275,0.00567512095344139
"mtDNA_feature_excluded","hoa2","WT","MCL1",0.0108508270485009,0.0122192066212562
"mtDNA_feature_excluded","hoa2","WT","MEOX2",0.000289578780067205,0.00197989630520041
"mtDNA_feature_excluded","hoa2","WT","MET",0.00240116710950985,0.00410312202236212
"mtDNA_feature_excluded","hoa2","WT","MFF",-0.00046054756375469,-0.0025871321512633
"mtDNA_feature_excluded","hoa2","WT","MFN1",0.000760580968801472,0.000172297319545121
"mtDNA_feature_excluded","hoa2","WT","MFN2",0.00110883798323345,0.000549801477561744
"mtDNA_feature_excluded","hoa2","WT","MGP",-0.0243748085279187,0.00913851846331256
"mtDNA_feature_excluded","hoa2","WT","MIGA1",0.00291905683882878,0.00259994504778088
"mtDNA_feature_excluded","hoa2","WT","MIR222HG",0.0119596896465476,0.0242595639028661
"mtDNA_feature_excluded","hoa2","WT","MIR22HG",0.00101573677359697,0.00372234499499123
"mtDNA_feature_excluded","hoa2","WT","MMP2",-0.0133455902754484,0.0151432635548771
"mtDNA_feature_excluded","hoa2","WT","MSX1",-0.00175781609579352,0.00706098632412962
"mtDNA_feature_excluded","hoa2","WT","MT1E",-0.000661240397520205,-0.000874256162588412
"mtDNA_feature_excluded","hoa2","WT","MT1X",-0.00342328444694892,-0.00497337238654149
"mtDNA_feature_excluded","hoa2","WT","MT2A",-0.0397351461371243,-0.0373214697769535
"mtDNA_feature_excluded","hoa2","WT","MTCH2",0.000607613509483354,-0.000657865777893012
"mtDNA_feature_excluded","hoa2","WT","MTFR1L",-0.00221587783278063,-0.00310401314503549
"mtDNA_feature_excluded","hoa2","WT","MTOR",0.00611816022341977,0.0110940887420777
"mtDNA_feature_excluded","hoa2","WT","MX1",0.000812861316946692,0.00128340088093178
"mtDNA_feature_excluded","hoa2","WT","NBR1",0.0235332361787169,0.0115841344313338
"mtDNA_feature_excluded","hoa2","WT","NDUFA1",-0.099589865855849,-0.104508455353467
"mtDNA_feature_excluded","hoa2","WT","NDUFB8",-0.051815774978391,-0.0686090468900025
"mtDNA_feature_excluded","hoa2","WT","NDUFS1",0.00268482073104425,0.00213677520273883
"mtDNA_feature_excluded","hoa2","WT","NFE2L2",0.00153207064608428,-0.00329007172401304
"mtDNA_feature_excluded","hoa2","WT","NFKB1",-0.00162675990927017,-0.00236429149400697
"mtDNA_feature_excluded","hoa2","WT","NFKBIA",-0.0203470483330593,-0.0226563929941005
"mtDNA_feature_excluded","hoa2","WT","NIBAN1",-0.00749466858377799,-0.00104494472207332
"mtDNA_feature_excluded","hoa2","WT","NR4A1",0.00114023803106853,0.00802396359691913
"mtDNA_feature_excluded","hoa2","WT","NR4A2",-0.0217251424489897,-0.0196459102705398
"mtDNA_feature_excluded","hoa2","WT","NSUN6",0.0155558121577651,0.0240228418255436
"mtDNA_feature_excluded","hoa2","WT","OPA1",0.00180210640360995,0.00112120664871805
"mtDNA_feature_excluded","hoa2","WT","OPTN",0.00183905082462091,0.00108990607169776
"mtDNA_feature_excluded","hoa2","WT","PARL",-0.0016508983171495,-0.00686460172795727
"mtDNA_feature_excluded","hoa2","WT","PDGFB",-0.0236476564830111,0.0210277870655634
"mtDNA_feature_excluded","hoa2","WT","PECAM1",-0.0122471501720542,0.0236411730398897
"mtDNA_feature_excluded","hoa2","WT","PGF",-0.00879590385968279,0.00629242981462598
"mtDNA_feature_excluded","hoa2","WT","PHB2",-0.0105124333152528,-0.0284526508352133
"mtDNA_feature_excluded","hoa2","WT","PHLDA1",-0.0048082241529339,-0.00319468966913478
"mtDNA_feature_excluded","hoa2","WT","PIK3R3",-0.0078748220991691,0.0241067770718007
"mtDNA_feature_excluded","hoa2","WT","PIM1",-0.00148912925146476,0.0019948996564688
"mtDNA_feature_excluded","hoa2","WT","PINK1",0.0134591149078448,0.00804848431584396
"mtDNA_feature_excluded","hoa2","WT","PLAC9",-0.00111691235879298,-0.001771353340155
"mtDNA_feature_excluded","hoa2","WT","PLAUR",-0.00281266298288885,-0.00181802161989231
"mtDNA_feature_excluded","hoa2","WT","PLEKHG2",0.0051764167753795,0.0105830012931758
"mtDNA_feature_excluded","hoa2","WT","PMAIP1",6.08031226275962e-05,0.000174052061700152
"mtDNA_feature_excluded","hoa2","WT","PMPCA",0.017946519389808,0.0131273701962719
"mtDNA_feature_excluded","hoa2","WT","PMPCB",0.0166323037844722,0.00993519632512452
"mtDNA_feature_excluded","hoa2","WT","PPP1R14A",-0.0239675542991079,0.0179086618573117
"mtDNA_feature_excluded","hoa2","WT","PRDX1",-0.0173584775330361,-0.01354199779887
"mtDNA_feature_excluded","hoa2","WT","PRDX2",0.226270183052767,-0.295293614583504
"mtDNA_feature_excluded","hoa2","WT","PRDX3",0.00250277068070543,-0.000517141524640694
"mtDNA_feature_excluded","hoa2","WT","PRDX5",-0.0241520663653142,-0.0686540039126603
"mtDNA_feature_excluded","hoa2","WT","PRKX",0.00288698057367201,0.011888797863351
"mtDNA_feature_excluded","hoa2","WT","RASGEF1B",0.00143837963578929,0.00217846545867285
"mtDNA_feature_excluded","hoa2","WT","RCAN1",-0.00358568378174031,-0.00170372244734673
"mtDNA_feature_excluded","hoa2","WT","RELA",-0.00105921944389862,0.00249349380658358
"mtDNA_feature_excluded","hoa2","WT","RGS16",-0.0128444990298014,-0.0161865078826826
"mtDNA_feature_excluded","hoa2","WT","RGS2",0.00109604319540529,0.00263060868284987
"mtDNA_feature_excluded","hoa2","WT","RHEB",-0.00609446069427201,-0.00985789529667933
"mtDNA_feature_excluded","hoa2","WT","RND1",0.00256026506324318,0.00369042959723752
"mtDNA_feature_excluded","hoa2","WT","RND3",-0.000555093653934494,8.51675644921371e-06
"mtDNA_feature_excluded","hoa2","WT","RNPC3",0.000568536719873579,0.00184419819605987
"mtDNA_feature_excluded","hoa2","WT","RPL32P3",0.00948022720240516,0.0114055850835813
"mtDNA_feature_excluded","hoa2","WT","RPS6KA5",0.000698925106223313,0.00313679944230592
"mtDNA_feature_excluded","hoa2","WT","RPS6KB1",0.00163868099032819,0.000946111099407962
"mtDNA_feature_excluded","hoa2","WT","RRN3P1",0.0204560719411999,0.0249250177121063
"mtDNA_feature_excluded","hoa2","WT","SELE",-0.00782420254292183,-0.0101247904661688
"mtDNA_feature_excluded","hoa2","WT","SEMA3A",0.0212113041268856,0.0134047391990672
"mtDNA_feature_excluded","hoa2","WT","SEMA3G",-0.0251829805840984,0.0246995653123742
"mtDNA_feature_excluded","hoa2","WT","SEMA4A",0.00623821017681223,0.0135337871496429
"mtDNA_feature_excluded","hoa2","WT","SERPINE1",-0.0046399133684,-0.00240411940882604
"mtDNA_feature_excluded","hoa2","WT","SIPA1L2",-0.0206295604783409,0.0204812695004295
"mtDNA_feature_excluded","hoa2","WT","SLC25A44",0.00120562807994839,0.0080676150390117
"mtDNA_feature_excluded","hoa2","WT","SLC26A2",-0.00390416657978839,0.010104565762639
"mtDNA_feature_excluded","hoa2","WT","SLC4A7",-0.000117646924846974,-0.000548258131355067
"mtDNA_feature_excluded","hoa2","WT","SLC5A3",-0.000282432399438597,-0.000372832972292672
"mtDNA_feature_excluded","hoa2","WT","SLC6A6",-0.0219639132479275,0.0239674154278405
"mtDNA_feature_excluded","hoa2","WT","SNORD3A",0.00244499986668454,0.0119818262960387
"mtDNA_feature_excluded","hoa2","WT","SOD1",-0.0468518208738537,-0.106880433675285
"mtDNA_feature_excluded","hoa2","WT","SOD2",0.00471122078550172,-0.00166269665166923
"mtDNA_feature_excluded","hoa2","WT","SOX13",-0.011310454596995,0.0153767973068228
"mtDNA_feature_excluded","hoa2","WT","SOX17",-0.0196089655760276,0.0118360061249299
"mtDNA_feature_excluded","hoa2","WT","SQSTM1",-0.000336369557912191,-0.00160519214636066
"mtDNA_feature_excluded","hoa2","WT","SRGN",-0.029505124402312,0.0172536865212193
"mtDNA_feature_excluded","hoa2","WT","SYBU",0.000296477154648005,6.11180714125188e-05
"mtDNA_feature_excluded","hoa2","WT","SYNJ2",-0.0141991747533305,0.0108104660525884
"mtDNA_feature_excluded","hoa2","WT","SYT11",-0.0127956814212622,0.0155913866684223
"mtDNA_feature_excluded","hoa2","WT","TAGLN",-0.00690104503208548,0.000592931642874344
"mtDNA_feature_excluded","hoa2","WT","TAX1BP1",-0.00151408830472035,0.000599977605705736
"mtDNA_feature_excluded","hoa2","WT","TBK1",-0.000376040449343848,-0.000529375739176207
"mtDNA_feature_excluded","hoa2","WT","TCF15",-0.00929063216873313,0.00878567630291549
"mtDNA_feature_excluded","hoa2","WT","TEAD1",0.0108246719963341,0.0150705521755653
"mtDNA_feature_excluded","hoa2","WT","TEAD4",-0.00520118481478276,-0.00403031385945245
"mtDNA_feature_excluded","hoa2","WT","TEK",0.0822177761819422,0.0468441243510203
"mtDNA_feature_excluded","hoa2","WT","TFAM",0.00056284613119206,-0.00624201305509745
"mtDNA_feature_excluded","hoa2","WT","THBS1",-0.000186864687786027,6.08474433985913e-05
"mtDNA_feature_excluded","hoa2","WT","THY1",-0.00189088309429943,-0.00252033515565372
"mtDNA_feature_excluded","hoa2","WT","TIMP4",0.00123301311775644,0.00059083600405584
"mtDNA_feature_excluded","hoa2","WT","TIPARP",-0.0120886670506908,-0.0129889454285506
"mtDNA_feature_excluded","hoa2","WT","TLCD2",0.0195212561017135,0.0215872028649675
"mtDNA_feature_excluded","hoa2","WT","TM6SF1",-0.0194212942176069,0.0144061349613396
"mtDNA_feature_excluded","hoa2","WT","TMEM161B-AS1",0.0441900238944863,0.0438802664192377
"mtDNA_feature_excluded","hoa2","WT","TMEM173",0.0012676517158692,0.00464481753856407
"mtDNA_feature_excluded","hoa2","WT","TNFAIP3",0.133004251682822,-0.240528871806067
"mtDNA_feature_excluded","hoa2","WT","TNFRSF4",-0.00709300128118715,0.000390768359659995
"mtDNA_feature_excluded","hoa2","WT","TRAP1",0.00358341160622605,-0.000441972616088978
"mtDNA_feature_excluded","hoa2","WT","TRDMT1",0.0225053928653665,0.0244340244034023
"mtDNA_feature_excluded","hoa2","WT","TSC1",0.00582064036498823,0.0080372768253992
"mtDNA_feature_excluded","hoa2","WT","TSC2",0.00286586554624037,0.00325156927165345
"mtDNA_feature_excluded","hoa2","WT","TSPAN13",-0.0239100164121661,0.019945237696986
"mtDNA_feature_excluded","hoa2","WT","TTC21B",0.0407489768425724,0.0388427971861388
"mtDNA_feature_excluded","hoa2","WT","TXN2",-0.00463624800715694,-0.0064557510469768
"mtDNA_feature_excluded","hoa2","WT","ULK1",0.000112175696658696,0.00457811387545986
"mtDNA_feature_excluded","hoa2","WT","UQCRB",-0.0714982290312143,0.0687917595896125
"mtDNA_feature_excluded","hoa2","WT","UQCRC1",-0.0143464135733733,-0.0186408774361201
"mtDNA_feature_excluded","hoa2","WT","UQCRC2",-0.00798047232056475,-0.0192723270003894
"mtDNA_feature_excluded","hoa2","WT","VCAM1",0.0320703180711283,0.00680429733526684
"mtDNA_feature_excluded","hoa2","WT","VCAN",-0.0795176205602138,0.0515713559177163
"mtDNA_feature_excluded","hoa2","WT","VCP",0.0245560715731758,0.000988851670741473
"mtDNA_feature_excluded","hoa2","WT","VDAC1",0.000444713045193255,-0.00373976412561535
"mtDNA_feature_excluded","hoa2","WT","VDAC2",-0.016583582260213,-0.0273338660789802
"mtDNA_feature_excluded","hoa2","WT","VDAC3",-0.0167775562226146,-0.0244498793469268
"mtDNA_feature_excluded","hoa2","WT","VEGFC",-0.0110081081706395,0.00500586936304894
"mtDNA_feature_excluded","hoa2","WT","VSIR",-0.0219855688248986,0.0177569678752808
"mtDNA_feature_excluded","hoa2","WT","VWF",-0.0517266072771106,0.0400166645733941
"mtDNA_feature_excluded","hoa2","WT","WDR44",0.0172779819267438,0.0190108412923861
"mtDNA_feature_excluded","hoa2","WT","WWTR1",0.0414362791946563,-0.19495031665644
"mtDNA_feature_excluded","hoa2","WT","YAP1",-0.00592762615112744,-0.00819067132837955
"mtDNA_feature_excluded","hoa2","WT","YME1L1",0.0141572455697596,0.00305058263964366
"mtDNA_feature_excluded","hoa2","WT","ZEB2",0.00280963845950067,0.00308371917751988
"mtDNA_feature_excluded","hoa2","WT","ZNF224",0.0164618478915398,0.0314261250541289
"mtDNA_feature_excluded","hoa2","WT","ZNF331",0.000919080034975858,0.00451983283350639
"mtDNA_feature_excluded","hoa2","KO","AC002558.3",0.000228685757692191,0.000579726556863491
"mtDNA_feature_excluded","hoa2","KO","AC010359.3",0.00605807970951817,0.014989011136243
"mtDNA_feature_excluded","hoa2","KO","AC091271.1",0.00660090500363137,0.00380337694266616
"mtDNA_feature_excluded","hoa2","KO","AC109326.1",-0.0018280683758214,0.00319404587498361
"mtDNA_feature_excluded","hoa2","KO","ACE",-0.0245736418881453,0.0205603634411518
"mtDNA_feature_excluded","hoa2","KO","ACKR1",0.160292199560705,0.0184891795252431
"mtDNA_feature_excluded","hoa2","KO","ADAMTS1",0.0035797757623893,0.0125817450325677
"mtDNA_feature_excluded","hoa2","KO","ADAMTS4",0.000237863634882736,0.0109158656691157
"mtDNA_feature_excluded","hoa2","KO","ADAMTS6",-0.0212745528491676,0.0230611580420691
"mtDNA_feature_excluded","hoa2","KO","ADAMTS9",0.0198162154587343,0.0304563810051032
"mtDNA_feature_excluded","hoa2","KO","ADGRG6",-0.0955015237036974,0.0603387167218999
"mtDNA_feature_excluded","hoa2","KO","ADM",-0.000287370883886638,-0.000221959700852204
"mtDNA_feature_excluded","hoa2","KO","AFG3L2",-0.0026040151196433,-0.00356178432215917
"mtDNA_feature_excluded","hoa2","KO","AKAP12",0.0245347714761243,0.00346815211695254
"mtDNA_feature_excluded","hoa2","KO","AKT1",0.00195184326507061,-0.00095837488836218
"mtDNA_feature_excluded","hoa2","KO","ANKRD29",-0.0220587242646364,0.0251557542567298
"mtDNA_feature_excluded","hoa2","KO","ANKRD42",0.00663899510090089,0.00963145456321461
"mtDNA_feature_excluded","hoa2","KO","APOD",-0.00263692041145759,-0.00120056251443423
"mtDNA_feature_excluded","hoa2","KO","AQP7",-0.0202403890969728,0.0186950074689542
"mtDNA_feature_excluded","hoa2","KO","ARL15",-0.0205955461611493,0.0221964541478386
"mtDNA_feature_excluded","hoa2","KO","ARL4C",-0.00531500431426895,-0.00456756773221923
"mtDNA_feature_excluded","hoa2","KO","ATF3",0.00212321680334027,0.00265194044455638
"mtDNA_feature_excluded","hoa2","KO","ATG5",0.000735624042753989,0.00179621761781076
"mtDNA_feature_excluded","hoa2","KO","ATP13A3",-0.0176063162196743,0.0269336414518082
"mtDNA_feature_excluded","hoa2","KO","ATP5F1A",-0.113534239798692,-0.152498893934963
"mtDNA_feature_excluded","hoa2","KO","ATP5F1B",-0.0180741979850379,-0.0408860132106815
"mtDNA_feature_excluded","hoa2","KO","ATP5MC1",-0.0497930870098941,-0.0643215805574932
"mtDNA_feature_excluded","hoa2","KO","ATP8A1",-0.0105303159127668,0.00826531265922845
"mtDNA_feature_excluded","hoa2","KO","B3GNT5",0.00269963279429765,0.00387702530485574
"mtDNA_feature_excluded","hoa2","KO","BAX",-0.00280420750325331,-0.00895138851660278
"mtDNA_feature_excluded","hoa2","KO","BCL2L1",-8.10529034499942e-05,5.39373303966026e-05
"mtDNA_feature_excluded","hoa2","KO","BCL2L13",-0.00054793180532522,-0.000473253512305679
"mtDNA_feature_excluded","hoa2","KO","BGN",-0.00620769039718502,-0.00936990659268404
"mtDNA_feature_excluded","hoa2","KO","BID",-0.0049683521578022,-0.00949196515462045
"mtDNA_feature_excluded","hoa2","KO","BIRC3",-0.00686617870297491,-0.00577026634044929
"mtDNA_feature_excluded","hoa2","KO","BMP4",0.00967621511124056,-0.018840043396048
"mtDNA_feature_excluded","hoa2","KO","BNIP3",0.00216143020349419,-0.0036148943623773
"mtDNA_feature_excluded","hoa2","KO","BNIP3L",0.00221374247509737,-0.000672433634296191
"mtDNA_feature_excluded","hoa2","KO","BTNL9",-0.0126805052705533,0.03279899747877
"mtDNA_feature_excluded","hoa2","KO","C11orf96",-0.00942595855870165,-0.0103209032748361
"mtDNA_feature_excluded","hoa2","KO","C1orf54",-0.0143973297619042,-0.00807554134539689
"mtDNA_feature_excluded","hoa2","KO","C2CD4B",-0.00417671674793058,-0.00625313560494383
"mtDNA_feature_excluded","hoa2","KO","C7",-0.0479809099202845,0.0041476457399058
"mtDNA_feature_excluded","hoa2","KO","CALCOCO2",0.0257029029555051,0.0187063700532426
"mtDNA_feature_excluded","hoa2","KO","CAT",0.0163349587880096,0.0173589553323974
"mtDNA_feature_excluded","hoa2","KO","CBWD5",0.00591747066596659,0.00815667073940789
"mtDNA_feature_excluded","hoa2","KO","CCL2",-0.00635956174241435,-0.00485545797412526
"mtDNA_feature_excluded","hoa2","KO","CCL23",0.0124241435958491,0.00197279840040217
"mtDNA_feature_excluded","hoa2","KO","CCN1",-0.000395214010860102,-0.000292026170555271
"mtDNA_feature_excluded","hoa2","KO","CCN2",1.75007507120192e-05,-1.57073668833553e-05
"mtDNA_feature_excluded","hoa2","KO","CCND1",-0.0163062210731652,-0.0289215798238918
"mtDNA_feature_excluded","hoa2","KO","CD14",0.0012910015854939,-0.000276352842046401
"mtDNA_feature_excluded","hoa2","KO","CD300LG",0.00835735937733822,0.0141654799939347
"mtDNA_feature_excluded","hoa2","KO","CD83",-0.0102988809701417,-0.0090774502080729
"mtDNA_feature_excluded","hoa2","KO","CDH13",-0.01723241433379,0.0177860289359448
"mtDNA_feature_excluded","hoa2","KO","CGAS",0.0134127744472848,0.0144381878260978
"mtDNA_feature_excluded","hoa2","KO","CKS2",-0.00877248948433007,-0.00845784013717597
"mtDNA_feature_excluded","hoa2","KO","CLDN5",-0.0272661857409042,0.0178080711162565
"mtDNA_feature_excluded","hoa2","KO","CLPP",0.000823768409562584,-0.000479711691003746
"mtDNA_feature_excluded","hoa2","KO","CNKSR3",0.00631479160651606,0.0134535999371526
"mtDNA_feature_excluded","hoa2","KO","COX4I1",0.0131200207262666,0.0252015891446298
"mtDNA_feature_excluded","hoa2","KO","COX5A",-0.106451208214133,-0.130486138048423
"mtDNA_feature_excluded","hoa2","KO","COX6C",0.0748380796160203,0.226584246624888
"mtDNA_feature_excluded","hoa2","KO","COX7A2",-0.127813007194505,-0.139274336932516
"mtDNA_feature_excluded","hoa2","KO","CR381670.1",0.0111514599220098,0.0092734593171902
"mtDNA_feature_excluded","hoa2","KO","CREB5",0.00918778975344639,0.018482347991693
"mtDNA_feature_excluded","hoa2","KO","CRIP1",-0.0163931863260934,0.00877340100310918
"mtDNA_feature_excluded","hoa2","KO","CX3CL1",-0.00540313282850979,-0.000330008780203611
"mtDNA_feature_excluded","hoa2","KO","CXCL12",-0.0267846214899071,0.023215755187737
"mtDNA_feature_excluded","hoa2","KO","CXCL2",-0.0157800491235553,-0.0150972715071869
"mtDNA_feature_excluded","hoa2","KO","CXCL3",-0.00928354802696004,-0.00735775521000921
"mtDNA_feature_excluded","hoa2","KO","CXCR4",-0.012936895888621,-0.00943044553676043
"mtDNA_feature_excluded","hoa2","KO","CYP1B1",0.200334237675127,0.0775421595411506
"mtDNA_feature_excluded","hoa2","KO","DDHD1",0.00576819953997754,0.00983101294738997
"mtDNA_feature_excluded","hoa2","KO","DEPP1",-0.0253528062585889,0.018381098946795
"mtDNA_feature_excluded","hoa2","KO","DGKE",0.00458235699218278,0.023230995258205
"mtDNA_feature_excluded","hoa2","KO","DLL4",0.00178786078461165,0.00783520062270404
"mtDNA_feature_excluded","hoa2","KO","DNAJA4",0.00183046922785644,0.00341144941055685
"mtDNA_feature_excluded","hoa2","KO","DNM1L",0.00215399311480737,0.00152897796149051
"mtDNA_feature_excluded","hoa2","KO","DNM2",0.0276726000188556,0.023775878616579
"mtDNA_feature_excluded","hoa2","KO","DUSP2",-0.017059027994224,-0.0129575965486719
"mtDNA_feature_excluded","hoa2","KO","DUSP4",0.0023368416215395,-0.00405349592988671
"mtDNA_feature_excluded","hoa2","KO","ECRG4",0.000400238523629935,0.000231913952185185
"mtDNA_feature_excluded","hoa2","KO","EDN1",-0.0167570038207016,0.0106657687812065
"mtDNA_feature_excluded","hoa2","KO","EDNRB",-0.00086367117369948,0.000753522010665965
"mtDNA_feature_excluded","hoa2","KO","EFNB1",-0.0162299139649392,0.0175650300514891
"mtDNA_feature_excluded","hoa2","KO","EGR1",-0.0326256454553114,-0.0688879157133926
"mtDNA_feature_excluded","hoa2","KO","EGR3",0.00534782753857484,0.0120206859003676
"mtDNA_feature_excluded","hoa2","KO","EIF4EBP1",-0.00242212942516846,-0.00349456141408106
"mtDNA_feature_excluded","hoa2","KO","EMCN",0.123880805797013,-0.193870927270652
"mtDNA_feature_excluded","hoa2","KO","EMP3",-0.0172704660880193,0.00887798447892243
"mtDNA_feature_excluded","hoa2","KO","ENG",-0.251252162763057,0.137566526791108
"mtDNA_feature_excluded","hoa2","KO","ERO1B",0.000208963011763492,0.00179701594546021
"mtDNA_feature_excluded","hoa2","KO","F2RL3",-2.24285344787803e-05,5.71492820137739e-05
"mtDNA_feature_excluded","hoa2","KO","F8",0.00935547622293904,0.00808368863941503
"mtDNA_feature_excluded","hoa2","KO","FAM107A",-0.0210386754526761,0.0183962150394953
"mtDNA_feature_excluded","hoa2","KO","FAM184A",0.032112592260494,0.0299367420858499
"mtDNA_feature_excluded","hoa2","KO","FAN1",0.0118747521374971,0.0146229740968535
"mtDNA_feature_excluded","hoa2","KO","FBLN2",-0.00890891559297972,0.000811196683111183
"mtDNA_feature_excluded","hoa2","KO","FILIP1",-0.00329781107553876,0.0132687736508209
"mtDNA_feature_excluded","hoa2","KO","FILIP1L",-0.000980669809920532,0.0021387571510453
"mtDNA_feature_excluded","hoa2","KO","FIS1",0.12858379488071,-0.130413595882982
"mtDNA_feature_excluded","hoa2","KO","FKBP8",-0.0117263520963935,-0.0245855371779574
"mtDNA_feature_excluded","hoa2","KO","FLT1",0.0364715381829843,0.0324570198651891
"mtDNA_feature_excluded","hoa2","KO","FMO2",0.00918684414862037,0.00547602142086797
"mtDNA_feature_excluded","hoa2","KO","FUT8",-0.0232979259763817,0.017673139717228
"mtDNA_feature_excluded","hoa2","KO","GABARAP",0.00173347973063002,0.000675224857042145
"mtDNA_feature_excluded","hoa2","KO","GABARAPL2",-0.0409764996640218,-0.0543488947174605
"mtDNA_feature_excluded","hoa2","KO","GABPA",0.0061213968658679,0.00254178307746054
"mtDNA_feature_excluded","hoa2","KO","GABRB2",0.0912670519409664,-0.0544843625893162
"mtDNA_feature_excluded","hoa2","KO","GADD45G",-5.63122128887119e-05,-0.00382843096867626
"mtDNA_feature_excluded","hoa2","KO","GBP1",3.28498139017139e-05,-5.60267097432562e-05
"mtDNA_feature_excluded","hoa2","KO","GCNT2",0.00240480912854201,0.0115588435963811
"mtDNA_feature_excluded","hoa2","KO","GIGYF1",0.00109268288720138,0.00112834078702643
"mtDNA_feature_excluded","hoa2","KO","GIGYF2",0.00175001721255288,0.00159877548867142
"mtDNA_feature_excluded","hoa2","KO","GPRC5A",0.000313943207359086,0.00103660067111661
"mtDNA_feature_excluded","hoa2","KO","GPRC5B",-0.00925932253717628,0.00991211789216858
"mtDNA_feature_excluded","hoa2","KO","GPX4",0.194082961488251,0.0276801551535333
"mtDNA_feature_excluded","hoa2","KO","H19",-0.0204487422118624,0.00958451793831515
"mtDNA_feature_excluded","hoa2","KO","HBEGF",-0.0102376673443634,-0.00557524092104843
"mtDNA_feature_excluded","hoa2","KO","HES1",0.328583998734363,0.194625946705957
"mtDNA_feature_excluded","hoa2","KO","HIF1A",0.00170974080292798,-0.000933066897128747
"mtDNA_feature_excluded","hoa2","KO","HLA-DQA1",5.88956743926688e-05,-0.000229066317426852
"mtDNA_feature_excluded","hoa2","KO","HMOX1",-0.00619555030180567,-0.00798719518114139
"mtDNA_feature_excluded","hoa2","KO","HSPD1",0.0107673591830821,-0.0268100696036744
"mtDNA_feature_excluded","hoa2","KO","HSPE1",-0.0319397725156506,-0.0486153255365188
"mtDNA_feature_excluded","hoa2","KO","HTRA2",0.000697197402594405,-0.00113695580898928
"mtDNA_feature_excluded","hoa2","KO","ICAM1",-0.00512330977045455,-0.00451474090326723
"mtDNA_feature_excluded","hoa2","KO","ICAM4",-0.0113204359298509,-0.0164123756896737
"mtDNA_feature_excluded","hoa2","KO","IER3",-0.00643232754140097,-0.0147450042979057
"mtDNA_feature_excluded","hoa2","KO","IFIT1",0.000333191958856932,-1.34920559058426e-05
"mtDNA_feature_excluded","hoa2","KO","IFIT2",0.0026342389699554,-0.00058612053465607
"mtDNA_feature_excluded","hoa2","KO","IFIT3",-0.000335604617352898,-0.000811853040019578
"mtDNA_feature_excluded","hoa2","KO","IFT88",0.000444549010687745,-0.00174707128152954
"mtDNA_feature_excluded","hoa2","KO","IGFBP5",-0.000600862205132164,-0.000573847993124551
"mtDNA_feature_excluded","hoa2","KO","IKBKB",0.0113735175373845,0.00626470125782014
"mtDNA_feature_excluded","hoa2","KO","IL32",-0.0287488481367009,0.00142704708002102
"mtDNA_feature_excluded","hoa2","KO","INF2",0.000960724346400146,0.000907708858108599
"mtDNA_feature_excluded","hoa2","KO","INHBB",-0.00342164411497389,-0.00115807355582042
"mtDNA_feature_excluded","hoa2","KO","INMT",0.00214294772836091,-0.000848429906151945
"mtDNA_feature_excluded","hoa2","KO","IRF3",0.0335981972462167,0.0332102729492436
"mtDNA_feature_excluded","hoa2","KO","IRF7",5.61639929369547e-15,1.66039224185275e-14
"mtDNA_feature_excluded","hoa2","KO","ISG15",-0.00388852781026985,-0.00324671661195436
"mtDNA_feature_excluded","hoa2","KO","JAG1",-0.0176290882816779,0.0171575005558353
"mtDNA_feature_excluded","hoa2","KO","JAG2",-0.0250598100547424,0.022418432119762
"mtDNA_feature_excluded","hoa2","KO","KCNQ1OT1",0.0276085806939925,0.0321517253558927
"mtDNA_feature_excluded","hoa2","KO","KDM6B",0.00880562514639088,0.0204686887682475
"mtDNA_feature_excluded","hoa2","KO","KDR",0.0364242766727791,0.0212096048155282
"mtDNA_feature_excluded","hoa2","KO","KEAP1",-0.000756049150913183,-0.00129310237826044
"mtDNA_feature_excluded","hoa2","KO","KIAA0040",-0.00298996727107535,-0.00245172656028562
"mtDNA_feature_excluded","hoa2","KO","LAMA3",-0.0151452726955441,0.014469622714362
"mtDNA_feature_excluded","hoa2","KO","LATS1",0.000737428495044591,0.000726838910280027
"mtDNA_feature_excluded","hoa2","KO","LATS2",0.00830937463879129,0.00746575351754987
"mtDNA_feature_excluded","hoa2","KO","LCN6",-0.00425925492114543,0.00255656929590058
"mtDNA_feature_excluded","hoa2","KO","LEPR",-0.021185456917376,0.0205174641615654
"mtDNA_feature_excluded","hoa2","KO","LGALS1",-0.033607774870514,-0.0263508889009809
"mtDNA_feature_excluded","hoa2","KO","LINC00472",0.0663628864718109,0.0603041619891461
"mtDNA_feature_excluded","hoa2","KO","LONP1",0.000475592315938227,-0.000192218148171068
"mtDNA_feature_excluded","hoa2","KO","LRG1",-0.00794694895091572,-0.00704925855159818
"mtDNA_feature_excluded","hoa2","KO","LTBP4",-0.0253379902806703,0.0214416340578441
"mtDNA_feature_excluded","hoa2","KO","MAP1B",-0.023157445511552,0.00676350788074262
"mtDNA_feature_excluded","hoa2","KO","MAP1LC3B",-0.0336370739587792,-0.0544019379624587
"mtDNA_feature_excluded","hoa2","KO","MCAM",-0.0126186452943638,0.00567510915799318
"mtDNA_feature_excluded","hoa2","KO","MCL1",0.0108510669712239,0.0122194806964418
"mtDNA_feature_excluded","hoa2","KO","MEOX2",0.000289578881896793,0.00197989615046541
"mtDNA_feature_excluded","hoa2","KO","MET",0.00240116274918424,0.00410311407391998
"mtDNA_feature_excluded","hoa2","KO","MFF",-0.000460547597739255,-0.00258713206870771
"mtDNA_feature_excluded","hoa2","KO","MFN1",0.000760580979151045,0.000172297319499034
"mtDNA_feature_excluded","hoa2","KO","MFN2",0.00110883798894933,0.000549801473043401
"mtDNA_feature_excluded","hoa2","KO","MGP",-0.0243747161151493,0.00913848148250465
"mtDNA_feature_excluded","hoa2","KO","MIGA1",0.00291905689540197,0.00259994495247028
"mtDNA_feature_excluded","hoa2","KO","MIR222HG",0.0119599113015583,0.0242600150328269
"mtDNA_feature_excluded","hoa2","KO","MIR22HG",0.00101574374135587,0.00372237312049267
"mtDNA_feature_excluded","hoa2","KO","MMP2",-0.0133454402749606,0.0151430917697505
"mtDNA_feature_excluded","hoa2","KO","MSX1",-0.00175782258687297,0.00706101237027702
"mtDNA_feature_excluded","hoa2","KO","MT1E",-0.000661240406188375,-0.000874256134289721
"mtDNA_feature_excluded","hoa2","KO","MT1X",-0.0034232910348522,-0.00497338142592907
"mtDNA_feature_excluded","hoa2","KO","MT2A",-0.039735893349636,-0.0373221661953394
"mtDNA_feature_excluded","hoa2","KO","MTCH2",0.000607613509189154,-0.000657865755581944
"mtDNA_feature_excluded","hoa2","KO","MTFR1L",-0.00221587787276598,-0.00310401307109367
"mtDNA_feature_excluded","hoa2","KO","MTOR",0.00611814903712437,0.0110940674754251
"mtDNA_feature_excluded","hoa2","KO","MX1",0.00081286135952628,0.0012834007973239
"mtDNA_feature_excluded","hoa2","KO","NBR1",0.0235330597904815,0.0115840472245839
"mtDNA_feature_excluded","hoa2","KO","NDUFA1",-0.0995898663703928,-0.104508454125425
"mtDNA_feature_excluded","hoa2","KO","NDUFB8",-0.0518158728187951,-0.0686091744556261
"mtDNA_feature_excluded","hoa2","KO","NDUFS1",0.0026848208265772,0.00213677507110893
"mtDNA_feature_excluded","hoa2","KO","NFE2L2",0.00153207323860367,-0.0032900774855847
"mtDNA_feature_excluded","hoa2","KO","NFKB1",-0.00162675995304477,-0.00236429139940292
"mtDNA_feature_excluded","hoa2","KO","NFKBIA",-0.0203480155288477,-0.0226574517187522
"mtDNA_feature_excluded","hoa2","KO","NIBAN1",-0.0074946683378961,-0.00104494508194742
"mtDNA_feature_excluded","hoa2","KO","NR4A1",0.00114026057743415,0.00802414308897694
"mtDNA_feature_excluded","hoa2","KO","NR4A2",-0.0217257993299913,-0.0196464968520168
"mtDNA_feature_excluded","hoa2","KO","NSUN6",0.0155560432689986,0.0240231999327005
"mtDNA_feature_excluded","hoa2","KO","OPA1",0.0018021064200125,0.0011212066155675
"mtDNA_feature_excluded","hoa2","KO","OPTN",0.00183905085494821,0.00108990601236506
"mtDNA_feature_excluded","hoa2","KO","PARL",-0.00165089845640651,-0.00686460146546149
"mtDNA_feature_excluded","hoa2","KO","PDGFB",-0.023647261419186,0.02102743261396
"mtDNA_feature_excluded","hoa2","KO","PECAM1",-0.012246697988531,0.0236402892797896
"mtDNA_feature_excluded","hoa2","KO","PGF",-0.00879588682900499,0.00629241707095662
"mtDNA_feature_excluded","hoa2","KO","PHB2",-0.0105124337164417,-0.0284526500713396
"mtDNA_feature_excluded","hoa2","KO","PHLDA1",-0.00480823329548337,-0.00319469547584059
"mtDNA_feature_excluded","hoa2","KO","PIK3R3",-0.00787476221374038,0.0241065950565913
"mtDNA_feature_excluded","hoa2","KO","PIM1",-0.00148913506192848,0.00199490725214902
"mtDNA_feature_excluded","hoa2","KO","PINK1",0.0134590393542868,0.00804843873628333
"mtDNA_feature_excluded","hoa2","KO","PLAC9",-0.00111691238546174,-0.00177135328460143
"mtDNA_feature_excluded","hoa2","KO","PLAUR",-0.00281266306546816,-0.00181802150148939
"mtDNA_feature_excluded","hoa2","KO","PLEKHG2",0.00517642649066112,0.0105830208624995
"mtDNA_feature_excluded","hoa2","KO","PMAIP1",6.08031256471725e-05,0.000174052065022088
"mtDNA_feature_excluded","hoa2","KO","PMPCA",0.0179464522638602,0.0131273207303291
"mtDNA_feature_excluded","hoa2","KO","PMPCB",0.0166322415311352,0.00993515887603198
"mtDNA_feature_excluded","hoa2","KO","PPP1R14A",-0.0239671977703502,0.0179083924338126
"mtDNA_feature_excluded","hoa2","KO","PRDX1",-0.0173583477842061,-0.0135418976535802
"mtDNA_feature_excluded","hoa2","KO","PRDX2",0.226269756456082,-0.295293057778363
"mtDNA_feature_excluded","hoa2","KO","PRDX3",0.00250277063488546,-0.000517141441047784
"mtDNA_feature_excluded","hoa2","KO","PRDX5",-0.0241518399253677,-0.0686533607679448
"mtDNA_feature_excluded","hoa2","KO","PRKX",0.00288697558612384,0.0118887748480005
"mtDNA_feature_excluded","hoa2","KO","RASGEF1B",0.00143837961063466,0.00217846546924206
"mtDNA_feature_excluded","hoa2","KO","RCAN1",-0.00358568378508613,-0.00170372243786862
"mtDNA_feature_excluded","hoa2","KO","RELA",-0.0010592193130226,0.00249349358290876
"mtDNA_feature_excluded","hoa2","KO","RGS16",-0.0128446450799962,-0.0161866883956547
"mtDNA_feature_excluded","hoa2","KO","RGS2",0.00109604326892518,0.00263060856027538
"mtDNA_feature_excluded","hoa2","KO","RHEB",-0.0060944608491347,-0.00985789499502874
"mtDNA_feature_excluded","hoa2","KO","RND1",0.00256028344270103,0.00369045761849803
"mtDNA_feature_excluded","hoa2","KO","RND3",-0.000555093637042373,8.5167394669694e-06
"mtDNA_feature_excluded","hoa2","KO","RNPC3",0.00056853679178676,0.0018441980812323
"mtDNA_feature_excluded","hoa2","KO","RPL32P3",0.00948019193136333,0.0114055418799664
"mtDNA_feature_excluded","hoa2","KO","RPS6KA5",0.000698925206354617,0.00313679927099546
"mtDNA_feature_excluded","hoa2","KO","RPS6KB1",0.00163868098617352,0.000946111097647387
"mtDNA_feature_excluded","hoa2","KO","RRN3P1",0.0204559573888511,0.0249248769778878
"mtDNA_feature_excluded","hoa2","KO","SELE",-0.00782442840068912,-0.0101250733008355
"mtDNA_feature_excluded","hoa2","KO","SEMA3A",0.0212112246363262,0.0134046889473057
"mtDNA_feature_excluded","hoa2","KO","SEMA3G",-0.0251824243569736,0.0246990157989397
"mtDNA_feature_excluded","hoa2","KO","SEMA4A",0.0062383018328722,0.0135339891431031
"mtDNA_feature_excluded","hoa2","KO","SERPINE1",-0.00463993995078544,-0.00240413247567364
"mtDNA_feature_excluded","hoa2","KO","SIPA1L2",-0.0206293293265882,0.0204810378944831
"mtDNA_feature_excluded","hoa2","KO","SLC25A44",0.00120564639532074,0.00806775058581921
"mtDNA_feature_excluded","hoa2","KO","SLC26A2",-0.00390415148197592,0.0101045270153604
"mtDNA_feature_excluded","hoa2","KO","SLC4A7",-0.000117646938040467,-0.000548258104060855
"mtDNA_feature_excluded","hoa2","KO","SLC5A3",-0.000282432398982168,-0.000372832971326704
"mtDNA_feature_excluded","hoa2","KO","SLC6A6",-0.0219635060075969,0.0239669682014177
"mtDNA_feature_excluded","hoa2","KO","SNORD3A",0.00244499116230162,0.0119817805815364
"mtDNA_feature_excluded","hoa2","KO","SOD1",-0.0468518215377926,-0.106880432406791
"mtDNA_feature_excluded","hoa2","KO","SOD2",0.00471123785641238,-0.00166270224040531
"mtDNA_feature_excluded","hoa2","KO","SOX13",-0.0113103692947442,0.0153766805481516
"mtDNA_feature_excluded","hoa2","KO","SOX17",-0.0196088546788735,0.011835937457716
"mtDNA_feature_excluded","hoa2","KO","SQSTM1",-0.000349755068709932,-0.00158720464827753
"mtDNA_feature_excluded","hoa2","KO","SRGN",-0.0295046873453223,0.0172534263649501
"mtDNA_feature_excluded","hoa2","KO","SYBU",0.000296477147919762,6.11180770746057e-05
"mtDNA_feature_excluded","hoa2","KO","SYNJ2",-0.0141991471587776,0.0108104440077513
"mtDNA_feature_excluded","hoa2","KO","SYT11",-0.0127955849823523,0.0155912681932576
"mtDNA_feature_excluded","hoa2","KO","TAGLN",-0.00690104478899372,0.000592931295253921
"mtDNA_feature_excluded","hoa2","KO","TAX1BP1",-0.00151408822287132,0.000599977492398155
"mtDNA_feature_excluded","hoa2","KO","TBK1",-0.000376040466636187,-0.000529375728026315
"mtDNA_feature_excluded","hoa2","KO","TCF15",-0.00929059678283766,0.00878564226071799
"mtDNA_feature_excluded","hoa2","KO","TEAD1",0.0108246316929972,0.0150704952858947
"mtDNA_feature_excluded","hoa2","KO","TEAD4",-0.00520118482243451,-0.0040303137994132
"mtDNA_feature_excluded","hoa2","KO","TEK",0.0822163878714303,0.0468433329647843
"mtDNA_feature_excluded","hoa2","KO","TFAM",0.000562845984333434,-0.00624201278601972
"mtDNA_feature_excluded","hoa2","KO","THBS1",-0.000186864689293883,6.08474406957221e-05
"mtDNA_feature_excluded","hoa2","KO","THY1",-0.00189088311293721,-0.00252033510605595
"mtDNA_feature_excluded","hoa2","KO","TIMP4",0.00123301313591049,0.000590835972592225
"mtDNA_feature_excluded","hoa2","KO","TIPARP",-0.0120888275772419,-0.0129891143143673
"mtDNA_feature_excluded","hoa2","KO","TLCD2",0.0195211832528791,0.0215871215237236
"mtDNA_feature_excluded","hoa2","KO","TM6SF1",-0.019421184222187,0.0144060515603745
"mtDNA_feature_excluded","hoa2","KO","TMEM161B-AS1",0.0441894446986458,0.0438796909332245
"mtDNA_feature_excluded","hoa2","KO","TMEM173",0.00126764952668154,0.00464480852792271
"mtDNA_feature_excluded","hoa2","KO","TNFAIP3",0.13300499850717,-0.240530224532064
"mtDNA_feature_excluded","hoa2","KO","TNFRSF4",-0.00709298772147921,0.000390767173222146
"mtDNA_feature_excluded","hoa2","KO","TRAP1",0.00358340486079325,-0.00044197174398013
"mtDNA_feature_excluded","hoa2","KO","TRDMT1",0.0225052667494282,0.0244338865080052
"mtDNA_feature_excluded","hoa2","KO","TSC1",0.00582062960452901,0.00803726149656618
"mtDNA_feature_excluded","hoa2","KO","TSC2",0.00286586029930315,0.00325156296658241
"mtDNA_feature_excluded","hoa2","KO","TSPAN13",-0.023909528973814,0.0199448275476706
"mtDNA_feature_excluded","hoa2","KO","TTC21B",0.0407485954671576,0.0388424332172072
"mtDNA_feature_excluded","hoa2","KO","TXN2",-0.00463624806973785,-0.00645575090151935
"mtDNA_feature_excluded","hoa2","KO","ULK1",0.000112175866382026,0.004578113577357
"mtDNA_feature_excluded","hoa2","KO","UQCRB",-0.0714979614811909,0.0687915019063143
"mtDNA_feature_excluded","hoa2","KO","UQCRC1",-0.0143464137514819,-0.0186408770169242
"mtDNA_feature_excluded","hoa2","KO","UQCRC2",-0.00798045746258897,-0.0192722906361287
"mtDNA_feature_excluded","hoa2","KO","VCAM1",0.0320703174352751,0.00680429832462225
"mtDNA_feature_excluded","hoa2","KO","VCAN",-0.0795179236825274,0.0515715549326027
"mtDNA_feature_excluded","hoa2","KO","VCP",0.024555933393315,0.000988846035423771
"mtDNA_feature_excluded","hoa2","KO","VDAC1",0.000444712935063741,-0.00373976394126829
"mtDNA_feature_excluded","hoa2","KO","VDAC2",-0.0165835825492599,-0.0273338654581558
"mtDNA_feature_excluded","hoa2","KO","VDAC3",-0.0167775564192656,-0.0244498788807749
"mtDNA_feature_excluded","hoa2","KO","VEGFC",-0.0110080869925625,0.0050058589959824
"mtDNA_feature_excluded","hoa2","KO","VSIR",-0.0219852413527604,0.0177567005975081
"mtDNA_feature_excluded","hoa2","KO","VWF",-0.0517258227203237,0.0400160632084997
"mtDNA_feature_excluded","hoa2","KO","WDR44",0.0172779174414824,0.0190107696529131
"mtDNA_feature_excluded","hoa2","KO","WWTR1",0.0414364325050015,-0.194951046601236
"mtDNA_feature_excluded","hoa2","KO","YAP1",-0.0059276262473498,-0.00819067111224567
"mtDNA_feature_excluded","hoa2","KO","YME1L1",0.0141572978733009,0.00305059486330847
"mtDNA_feature_excluded","hoa2","KO","ZEB2",0.00280963849395216,0.0030837191009063
"mtDNA_feature_excluded","hoa2","KO","ZNF224",0.016461725300757,0.0314258890161013
"mtDNA_feature_excluded","hoa2","KO","ZNF331",0.000919080186072638,0.0045198325753116
