sample,dataset,group,participant_id,inferential_unit,independent_for_inference,AR,ATF1,ATF2,ATF3,ATF4,ATF6,BACH1,CEBPA,CEBPB,CEBPD,CREB1,CTCF,E2F1,E2F2,E2F3,E2F4,EGR1,ELK1,EPAS1,ERG,ESR1,ESR2,ETS1,ETS2,ETV4,FLI1,FOS,FOSL1,FOXA1,FOXL2,FOXM1,FOXO1,FOXO3,FOXO4,GATA1,GATA2,GATA3,GLI2,HIF1A,HNF4A,HSF1,IRF1,JUN,JUND,KLF4,KMT2A,LEF1,MEF2C,MITF,MYB,MYC,MYCN,NFE2L2,NFIC,NFKB1,NFKB2,NR3C1,PAX5,POU2F1,PPARA,PPARG,RARA,RBPJ,REL,RELA,RELB,RFX5,RUNX1,RUNX3,RXRA,SMAD3,SMAD4,SOX10,SOX2,SOX9,SP1,SP3,SPI1,SREBF1,SREBF2,SRF,STAT1,STAT2,STAT3,STAT5A,STAT5B,STAT6,TAL1,TBP,TCF3,TCF7L2,TFAP2A,TFAP2C,TFDP1,TP53,TP63,TWIST1,USF1,USF2,VDR,WT1,YY1
AL,sonfh_cystic,SONFH,,sequencing_library,False,1.7239764116431626,1.2379594352623404,4.7047031669265165,-8.08246303497025e-05,0.2751329153200579,2.8319049920883304,-0.7232205552118356,-0.6424254218479142,0.49350631493209957,1.0343552734419355,0.5119565815707481,-0.498353177377569,0.5720894562634317,-1.2447690288337572,-0.6006799238577898,5.158186219845176,3.1998190561172843,2.692712744427257,0.9775909831579169,5.163574371470152,1.1947050280367826,2.696176815838906,2.9270226952408893,1.9185480763373917,3.5997825135879835,0.3860412276038884,1.8281407642025624,0.9116176375873439,2.370795650571247,0.24680751284194782,1.3783813517372077,1.648035057283456,1.7860660388879288,1.6656024006323933,-0.5882335799544058,2.552904021352997,0.028890156178834572,-0.4027451156351241,4.296455784316145,-1.0213734691917384,7.972187498101174,1.1389340113419064,3.6130045303531726,0.5023466657645145,0.5496317802196936,-0.035203709068252716,-0.15102359297544043,1.8954729049230175,0.9660755893394092,0.5878750652598794,8.541634449494437,0.11067641751755002,2.874452664174289,2.5854794305595235,3.2815968335848864,0.8802753493574493,0.25308450040602853,-0.5465568754865053,0.6837568230105271,-0.620731511271975,0.3044793125381579,0.9579443596919008,-0.07122333599260362,0.6768552768301482,1.8613875609004291,0.800039716483631,5.542044921910491,1.3878549590461289,1.0694582468932727,-0.10715184427714151,3.0597634994888603,2.7750614065314254,-1.1838699607358023,-0.2396707827993568,1.803268431328969,5.444618163939043,2.5160203624395003,0.45758062868154986,-0.1998548274634532,-0.17321709327362864,6.379371452546041,1.6194542684182496,1.4124279808031985,5.146574073918009,0.3305536107808043,0.33586044697168577,1.304581237753947,1.3050269171454598,2.163554684043478,-0.3706491306098414,-1.6405877222492196,0.6815907122853342,-0.9499101198030764,2.438147373979668,2.734264347159758,1.1347059490366271,0.039583652486008924,2.545364114158795,1.9179610408714993,2.6458077352603713,1.0022451118854039,0.7100883239250184
DWR,sonfh_cystic,SONFH,,sequencing_library,False,1.0832510855042696,1.0778466943782998,3.866640256608451,-0.4535000762455653,-0.1640501404337598,2.6306794700452385,-0.3091109143595467,-1.2436787791480686,-0.059386298184908384,0.11322064906593621,-0.11809885513421717,-0.35846627996405056,0.345776135620422,-1.163440339229903,-0.8661737925543695,5.195700967887612,3.141569511634989,1.756688908223337,0.8017143632009736,5.150155391682684,1.1458682035144034,1.3179957491947352,2.7383317319205,1.0781738216810235,4.278564711074378,0.3249397227167483,1.5933004172026568,0.03555386837034049,1.935601973103427,0.03603741409964759,1.8769266359446024,1.032467912227854,0.2937154773878404,0.6227325882224662,-0.4642689534474121,2.3527160119364434,0.2981429230320413,0.34971753214657436,3.50949854887843,-1.155021787065288,5.572120195867763,1.260227344729183,3.5409742992937696,-0.16599269652071688,-0.4297790511658787,-0.19888272284979663,0.23882667697952661,1.8772801516023823,0.6349160404326121,0.5308070582636406,7.966166802289764,0.27327649886898714,2.4916735182212215,1.698099230243856,2.6286809106393982,0.03577606440392756,0.3235592100934882,-0.3022700605391998,0.5662433538340844,-1.0195167600313586,-0.7445557603067622,0.8972161025012378,-0.6686593545212975,-0.27880584995746593,0.8230097951488804,0.3631314619208231,1.8928945992620652,1.4171988541035656,1.1062495098773855,-0.19187812016739098,2.0779713922462517,1.1802971038299122,-1.272797008629639,0.11047712494678855,0.3290439565236879,4.811180978271694,2.5613837241375523,0.01425244053305023,-0.13900813834144565,0.0676232255276914,6.725304190512251,0.9889251119162061,1.3254015315562138,3.61891436203109,0.7491813042084393,0.6170145489919083,1.018785708764224,1.409643255298108,2.5557215150380177,-0.36327595221075565,-1.719053259558423,0.8139541668794189,-1.08788013437372,2.8116498422778338,2.810841700774709,0.8476234689442516,0.19111070526940005,2.8584408159368175,1.8896566250701003,2.22668850320089,1.07353178279794,0.5570729517751003
S1,healthy,Healthy,GSE169396_S1,participant,True,2.171205092358608,1.9624934898397899,5.827078942917577,0.1038515007282208,0.7307912870923213,2.150907339406767,-1.066930705366986,0.44698629027273423,1.8572628686650006,0.7461013192827258,1.1793101015865104,-0.7300544451510306,0.9048609006978067,-1.3228897404551618,-0.5656540165239229,4.884023658743476,3.3641535198032253,4.143929932583212,0.060036352410574347,4.379555350786251,1.4428635521133262,3.4323516775765275,3.0100027834480385,2.2592233493567346,3.3519869751205835,-0.0009401605495073613,1.6638798411855888,0.306624833349728,2.2395114003026673,1.4454380712141068,1.047392987735757,3.0412775572462993,2.881151624723599,2.0789717425481564,0.05292158232184793,2.0120035362341993,-0.0390423355092943,-0.5103000368167826,3.361958459091877,-0.6723609559830049,4.2154785358035145,3.1523482286792763,3.0925572075887704,-0.21639603538846752,1.3168590573612784,-0.05255490831215015,-0.36025791747029706,3.619946277649056,0.7976961873171963,0.02704391161093774,6.672404634054084,-0.06648438315624547,2.3233905363077594,1.769994629915106,3.626875953631109,0.7443566331588837,0.3513248643283293,-0.589310361524682,-0.6837958556874603,0.25149379771797525,1.5151333779707887,1.1185649337317642,-0.18001041818196747,0.7305255020635438,2.137227058884272,1.1354109450314036,7.666541407763888,1.2513283530948816,0.7277771040326306,-0.3086844124977517,1.8366228801862514,3.051042302432806,-1.1401617204526882,-0.11683058428321932,1.8747156733397121,4.7972023677816775,2.2615963370673415,1.542388515816155,-0.19422716259785713,-0.3241695814791836,6.945271610242482,4.350461665967364,7.141154087430369,5.69452593349012,0.7369933285148338,0.8130976803230612,1.238612567637465,1.5111055268510427,1.886514030495772,0.0807619866356542,-1.3536314441331612,0.5041660792533789,-1.1939760641203585,1.8013244370305437,2.554411522206892,1.5809315341263444,0.7578339836003463,2.3257978201082223,2.855124810842772,2.621670242220671,1.2922158627473939,-0.025133947337515658
S2,healthy,Healthy,GSE169396_S2,participant,True,2.2690018885018093,1.9392371420185663,6.73708474753246,-0.11720938789148376,1.0052218836463915,2.2828332668149987,-0.8068803152308252,0.7633679016233188,2.0718102607589413,0.8081513979894119,1.481463168714783,-0.8023458724023156,0.7665158634833751,-1.1066012720859135,-0.14250136714879913,5.235134467621864,3.9082441244313015,4.1584306431097815,0.5815396820489469,4.099558444919106,1.645485865404139,3.6973363613223413,2.7119757014851733,2.659654467547333,2.8988291376879345,-0.3203169227336829,1.8434329533163816,0.611240701913228,1.5039092794931244,1.7484159019972392,1.0271497081303544,2.736042446524792,2.590018967873648,1.9294430014065853,0.5057134331500206,2.479136468565969,-0.3390813040198505,-0.09882969059471958,3.7756745881961375,-0.8541063304092256,5.28653215003552,1.900297298400172,3.767776510317539,0.24422748095118976,2.116158264718304,0.03248632176641565,-0.10298467405480322,3.4466001269239026,0.6412223666023638,0.2939149783992481,7.736981097070856,-0.26438155387357687,2.938775934787448,2.2083874405476625,3.9458483469667844,1.1199895624856457,0.29077161374269556,-0.6225171248456807,-0.18683876181278516,-0.057495125006764944,1.8573702710666582,1.4253453224719033,-0.026984450594851925,1.1558754367846775,2.6659790795951612,1.2678105995988456,6.344154151993169,0.9788718218045601,1.027953646302125,-0.03981687716528733,2.3647195170482695,3.3008544293940605,-0.9198458195052238,0.04314798605160131,2.066020385513535,5.2744338516028195,2.196630003681792,1.429706038416167,-0.1554023078636935,0.06827673127477087,6.79871254306492,2.7114427563462757,2.911540785945698,6.3123348912099155,0.7732729364642472,0.8305297184564235,1.3116945241352498,1.0792923063152942,2.24880882699859,-0.18555362330881103,-1.4405533278140457,0.7141744215817268,-0.985638384487186,2.0454603522278743,2.29891821697605,2.0415466227280015,0.3326324300774993,2.350430904196249,2.5384572648229877,3.1584825183481677,1.5565772160403655,0.41172886616442994
S3,healthy,Healthy,GSE169396_S3,participant,True,1.476299051120846,1.6562504908765976,3.8357472929697165,0.23634800569358577,0.5742266337205378,1.7204483774485035,-0.6031641577983891,0.28651081900189984,1.2941040006596605,1.6605266716565314,0.3922769633667109,-0.7916741935196724,0.6103725027636606,-1.0420769052157937,-0.5112178091387948,5.0326137747740525,2.8044259503270887,2.7300261930783707,0.7813316549879843,3.782421583019385,0.7984369442474846,1.426738490384864,1.8332333121389646,1.380351115480958,2.8749727018294386,-0.4548282448354878,1.2882547817067749,0.33384061142094634,1.282410242746434,1.0460353196718783,0.5965995404245337,1.1460942958385123,1.318072764792609,1.3584544504466274,0.13396840282513386,1.4890455414635542,-0.27720293389312156,-0.5822875972519513,3.8080190965148795,-1.051705444196023,4.314461265535876,0.8686202157584587,3.1155692818495715,0.4436950270949945,1.5073794454536713,-0.2753795796340449,-0.43499802586542424,2.3342527766155134,0.5457399104761043,-0.009215071303005523,9.017172607918,-0.48985400570933485,2.094920050935986,1.0111407408918032,2.9650879297023836,1.0760535226918142,0.15739564670309902,-0.7009942837817856,-0.30908035134092865,0.060587977893060696,0.8110620709774403,0.9045977173719119,-0.17655052139065988,0.9176104567289896,1.9764997963904745,1.4047265527254376,3.7215618038529845,0.8182884148487952,1.294255921772897,0.07484588651636676,1.5005552494329106,1.605325952337488,-0.9287958632060415,-0.2889068675600746,1.0131317402502356,4.15542919184804,1.172611657496135,0.4393422220562245,-0.23752386761873384,-0.03264060510308154,6.302829975476298,1.0009522566252491,0.9199569700868466,4.172186821761755,0.03574811418803649,0.19675012249862425,1.0280402643755007,0.8444986083502508,2.194021462321289,-0.3138508692999106,-1.742398439433515,0.3021829753200874,-0.8330644689654337,2.55934053658087,1.897387097132102,1.202880433248211,-0.13789526935340135,2.1656955943262504,1.659067209760194,2.6084069273354586,1.4036662639862327,0.144713303829943
S4,healthy,Healthy,GSE169396_S4,participant,True,2.109470582360648,1.8467796398775524,6.399603524365997,0.077699084785551,0.7173278900777429,1.6577303752296315,-0.8367093075285573,0.13672535525909107,1.9620175127665245,1.5874219803384781,1.306212747322207,-0.8791357179652934,0.5438452950091309,-1.1879175021532753,-0.09949149113770382,5.184327602309649,3.923810685270646,4.716273952402906,0.2855162442404923,3.989852441731974,1.8101702024670205,3.173738821659496,2.532802540135931,2.1740595992880856,3.4329651902012333,-0.8833306672629979,1.7202202124972095,0.8196261353079768,1.8923410384855017,1.5122279594773222,0.661786815808355,2.6299591032817498,2.3111549729131053,2.182617936069465,0.4007034259340492,2.12710269586933,-0.2648079540405813,-0.745361709936572,3.4689462619148577,-0.9716680949366062,4.558522651775898,1.4485122829728865,3.694482439684223,0.2670498697533747,2.557274628516672,0.3074837916175338,-0.3099723888478966,3.3229518208692976,1.03530221510736,0.5318378038979075,7.637697704450561,-0.6254694474106112,2.2999816875924335,1.1182242748096491,3.536973217909305,1.1865877145479038,0.6584704563643886,-1.0062270839227785,-0.2846005162662748,-0.4178328862539317,0.5975677150207661,1.2375165506521715,0.19573713190696443,1.3128934860948502,3.1394624783911724,1.4455824129042725,4.3188970125641415,1.302595003077046,1.2490372694527807,-0.1970590147937244,2.7104420395938185,3.6067079492352687,-0.8181485726122663,-0.233137166992681,1.9329652452332757,5.763241342711644,2.015971900998395,0.9328449447473989,0.24968181099703587,0.5803519594864947,7.925341860468364,2.653746114603584,3.246416984282888,6.572140349544526,0.47961630277747913,0.9286244532394098,1.561390862997031,0.9370671041611218,2.607262789485934,-0.22829490884080694,-1.7998235560962532,0.8616373442044429,-1.0646321746692957,2.4983557789967836,2.126843442528041,2.198625737773816,0.13406186236430837,2.038406757102335,2.4758358468610164,3.3263774938066706,1.741252558330936,0.013963942546046217
WXJ,sonfh_cystic,SONFH,,sequencing_library,False,1.6266600609615194,1.5787491645470648,5.236108087256834,0.05472940930184488,0.41279571341586924,3.6118871852269554,-0.5296737566602037,-0.2620139669944422,0.8299624388571848,0.8702049332386554,0.4858358313199971,-0.6048184440158191,0.5426318173271112,-1.3836376054280488,-0.9363413199242949,5.045466260713921,3.238391536774702,3.943604383906862,0.6874347209106784,4.026866080930069,0.9697602212829092,2.3514456334259237,3.286800197121264,1.913529666480625,3.4550089031634865,-0.6599969503686536,2.574493558447941,-0.14333180312219088,2.3419049504781797,1.9942788017636224,1.6156183053853932,1.7032203639611696,1.479126323950761,1.1006675511490345,-0.4926816775614291,1.8597222637510662,0.20441932111036215,-0.5455097736420226,4.164869620024056,-1.2986878563161217,6.69984722296004,2.4375891939797225,4.438227247203134,-0.09378361650871397,0.43709644898278865,-0.31337617056610384,-0.409075538514981,3.136400645992752,1.032308306119796,0.17988096402844148,8.195987254545567,-0.08163788688485775,2.855948022860307,1.1587779005212355,4.617305917162326,1.1575854084049981,0.29436326556411185,-0.8937757180277998,-0.3742763588675418,-0.1602791989145163,-0.12843827234276253,1.294775884976011,-0.5610536774222317,2.349047702343084,3.4735994607718848,2.0940465913258834,4.151597284455935,1.2637220636831075,1.2039262212438362,-0.21746188974716085,2.385505437314205,1.512120948313339,-1.2152433786631163,-0.15687239412470863,0.6186286128961698,4.839846830842809,2.184982807108783,0.8731896367367926,-0.10270326531151965,-0.052463487099203863,8.201132023085624,3.113986368390472,5.638787779178042,5.061808585304743,0.8181337215514127,0.2680736438398448,1.199254501638663,1.0338643543306143,1.9818003155712787,-0.11530628070701825,-1.4876598940414643,0.5333035636628424,-1.612206762318029,1.7367566087731767,1.9842926755887516,1.0129434928988077,0.45900373885293505,2.5203460962321564,2.4861522459532575,3.1214787895170124,1.40601303576412,0.5003434306184205
bone,sonfh_cystic,SONFH,,sequencing_library,False,1.5043178991260304,1.393459832760113,6.002028336957717,0.15948829128805714,0.3523763819261214,3.400305396420308,-0.848926519165255,-0.8309830656304865,0.7832442562623116,1.2425518586945412,0.49444154745986496,-0.6289914059023203,0.6971489476868127,-1.1177759535211365,-0.5234226161593555,5.179978466293392,4.3268384368806005,2.631292111295111,1.5336994413764005,5.133431547497285,1.4950149345063697,2.1954830074138907,3.1480320276079725,2.008415943995611,4.209114957841289,-0.13687207377709878,2.5140179983519984,0.9371636971534523,2.269593740480339,0.6462739955787308,1.8590927305510758,1.4120111621959899,1.5488481477148652,1.6919806003906466,-0.5870999060863596,2.739668187507217,0.511478545466028,-0.703871520923405,4.729745863110345,-0.9632930243168846,7.947382284696356,0.986383862801082,5.092673529224595,1.0920348557334958,0.4797484005371333,-0.02424280537580761,0.04980557377951772,2.5248862252933253,1.1929552888596993,0.8896853145514083,7.67264188666542,0.17115811270852574,3.1779255786128484,3.469300779540776,4.56723248067037,1.1322020106787813,0.45527816603871263,-0.7480361895626583,1.1855348974925488,-0.4461040663403059,0.06278029000490032,1.3776761535774298,-0.3433120406346316,1.3067400032059642,2.957222120241494,1.3157461507901564,1.699104373987381,1.2807647880523858,1.1899753148024206,-0.1516057834596256,5.169184005792138,2.1312293601251455,-1.2258085498978846,-0.03723820844229952,1.6886183501864405,6.183708494287167,3.2806172163038982,0.2673248184604808,-0.03144024746814668,0.2542653302312336,7.606267731018196,1.3084855204877903,0.879413794959193,5.553544415886096,0.4310318443883148,0.3931700630859113,1.1216781417369512,1.5156381764376434,3.320888268869374,-0.47992769054575696,-1.5339474248991214,0.9454694279706944,-1.1965661932319351,2.806151266783062,3.031359953926885,1.4878688915608949,0.19552481440658595,2.636568842706248,2.2454877871800654,2.793708420242157,1.3494315932971166,0.7943408553144702
fnf1,liao_alcohol,FNF,LIAO_fnf1,participant,True,1.6004246785248368,1.2471371929590986,2.7135147150689103,0.825224459543248,1.2846038135159723,1.6165431714659009,-0.7283695930398784,0.9220268164992085,1.4591580708502643,2.7094719092543533,-0.241423783998474,-0.7920205835128484,0.12727038862900722,-0.9094098998610731,-0.526830204912607,6.0115469962905665,1.9554422034680223,0.6898353974210689,1.1762142196609815,3.2805946647300828,0.21367924727860657,0.11234947611856312,0.6305928355183281,0.4336881059128737,2.5654688345179792,-0.09469117277446856,1.7342970056079507,0.6411903049093437,0.1966274046437027,1.2664723542515084,0.7941817456074859,1.33684661618479,0.6127060652051719,1.0103038297507385,-0.39481082685928154,1.4596979856684007,-0.9544394155048428,0.022298942233873905,4.586709618767778,-1.2636487147918876,4.792002568033103,0.9932093690346152,3.47794592965802,0.3059573649554959,0.5446900905157002,-0.6897382653810838,-0.3755932864390519,0.7215351143362975,-0.5627475366523785,-0.42842529393025064,11.310370466500698,-0.03252175443565998,3.1547392798842315,0.5221300955591265,3.527081670559497,1.08605675613833,0.21684873484396952,-0.572350727712941,-0.37142364174982617,0.05925193207233685,1.6564999952071022,0.16956573519235082,-0.582639727906731,0.8213241648056954,2.152242015074739,1.0456381692508534,1.670419706892049,-0.05986130875436056,0.6775963755031947,0.10177612839520198,0.7680565674202494,0.7069922245146705,-1.0650753472549446,-0.509391184652017,0.1494755264135528,3.847336025927382,0.6178365293666428,0.20206258267418495,-0.18967675425090813,0.4818727648863489,6.496012688187846,0.12660532976067773,0.4177201361400763,3.281515530832944,0.050485822114917034,0.08153233711948261,0.24197905349715013,0.3557588842173364,2.9459022653471876,-0.33051596946408085,-1.5294302068930459,0.3446857666327426,-0.9083447936372723,3.9007013206036047,2.6622234241405858,-0.01476261774062672,-0.6916537070079455,2.6090485330544113,1.6257939616307766,1.5279047340986696,1.1236936963166222,0.5329778181853493
fnf2,liao_alcohol,FNF,LIAO_fnf2,participant,True,1.4745178913561667,0.9686030684063094,3.7390093776599964,0.7780824283573995,0.5724334572809994,2.2622045834652087,-0.718078717456618,0.7208032752100184,0.8190044326860825,0.9356047879425703,-0.08054678759449484,-0.5865451903893675,0.5919797977375081,-1.1694104371236287,-0.8879220757000066,5.33796535193709,2.347953475160552,1.8787532247416536,0.6161055282810471,4.615834646863414,0.7277137357823247,2.203243575302267,1.6016831497689472,0.6473180928531772,2.6858165754310637,-0.0462439956208525,1.391709862430049,-0.22852192713554415,1.1888619565519243,0.45241098044761185,0.8243286681824079,2.0494542232594006,1.9235562804410429,1.128249181917212,-0.5076002844547886,1.5800711497048627,-0.8782658910285168,-0.14921841566914534,4.082968244617994,-0.9131205530989436,3.959552369509097,1.8431010895167783,2.525207379515266,-0.0237974090624767,0.13653430661636826,-0.4638633543109188,-0.40975394027995427,1.5641574221845282,-0.04989065781872882,-0.4517688451744826,8.856048384806563,0.3522964594253212,2.988362306443941,1.3951783800949733,2.479140206776324,0.009790559066188477,0.13406235831688437,-0.526637096353313,-0.16106477838220576,0.9306483824309828,3.69707871001654,0.18380532123960636,-0.7060038020667903,-0.16733826351642045,0.2261080779850441,0.4780253554174772,5.056463656971628,0.586912859047744,1.0756031762631595,0.6893423365035927,0.7162733207363116,0.9143502056762974,-0.8964851176828056,-0.6047769150602609,0.30839228407552544,4.4814369661882125,1.1202560889701667,0.5401382976993164,-0.0488631029554513,0.11745530257339051,5.605865394785862,1.4533455058729834,2.7190959267986243,3.3364684428449762,-0.007791399953507965,-0.06718194210151168,0.9480672779595373,0.4512797740649482,2.0751120246137944,-0.051561443262350494,-2.0610907104207588,0.5314259911682098,-0.7882124019644375,2.907117728673031,2.0935384392251963,0.4905355892410924,-0.021466244040272784,2.9790381280237144,2.7157668267173434,1.8253119004062746,0.6891507305757683,0.39308090471329615
hoa1,liao_alcohol,HOA,LIAO_hoa1,participant,True,1.8852133788626289,1.6159886881656962,5.9579084393765545,0.2729354374364231,0.5970473189708891,1.9923998825483376,-1.0763332941286152,0.299944994412973,1.1000267365329708,1.217859985081133,0.5778964250771474,-0.8323620872716793,0.9386640685501041,-1.2631801116721098,-0.3946441109152822,5.634869558776771,3.629877769444799,3.2275868619352583,1.3091271421437356,4.128114983571392,1.1397952707322172,3.2784381421724635,2.721706773279824,1.8711377270014746,3.220506892287506,0.16062997962743492,2.3467917347756013,0.41035812123948534,2.188894464064786,2.0763280921933003,0.560076725289636,2.196205897830487,2.9132191058394667,2.301566329127723,-0.5135474801960482,2.1661928432771704,-0.4104192741358229,-0.24433636100295297,4.383593576961234,-0.6647635670885387,8.485598015963298,1.5126984648180166,3.650938195510454,0.49327924952216645,1.5435888051592375,0.1848174242993536,-0.1619449817994751,2.7528206655023455,0.47736773910797115,-0.0938095229346043,8.468610238419886,-0.30733003646388324,2.774231904090903,1.9659464917603333,3.9213814043895785,0.892056761079629,0.12257242862731857,-0.8029342683862295,-0.3237786512761731,0.5021086367632784,1.9562063014077933,1.1785814726631434,-0.09801981436894171,1.5672142913887446,2.40676779888859,1.6835842676133572,6.237463432907007,1.3035493795955917,1.2473170995270242,0.48470409920516183,2.58210656036128,3.5312136955371796,-1.0521963899485582,-0.17480823104728993,1.0705843056040847,5.620990913306678,1.965437096686736,0.8721904741780595,0.2605353839387006,0.3185896771714739,5.736459693440214,2.3459047810988243,2.65681512799318,5.687084664921458,0.8770259527382657,0.6718382109733063,0.93093223856485,1.2861924260764335,2.2849518676924068,-0.17831863096429276,-1.6412115454626364,0.9601259313092556,-1.060936887064496,2.23825106590407,2.4920988440475558,1.650324868419117,0.10441296233057076,2.759763886745376,2.3750251123901673,3.1377799926308088,1.4146324153315664,0.3474643972651791
hoa2,liao_alcohol,HOA,LIAO_hoa2,participant,True,1.6335349284722396,1.9437498323957882,5.843283050803445,0.17673498762092937,0.26569654728639447,2.209588558654818,-0.6147104447457469,-0.07396053709007307,0.7592598616718955,0.6995056716368198,1.1613905512724507,-0.7434893541146765,0.6619565901008075,-1.2039124142169602,-0.6095002218667457,5.213008546070016,2.9462171950023985,3.604323513731962,0.5934347259418117,4.383470567163265,1.127117765273338,3.1960419828480786,2.726745912564866,2.098688043049988,3.222988832170889,0.23876303051543143,1.4265953143207049,0.40110740218729213,1.9166599093429117,1.2987945845002629,0.8622151378164477,2.3549478622460787,2.6331603081689003,1.818017336081842,-0.5428650404508131,2.3775638682592803,-0.22364272184106468,-0.3604567535491245,3.533202614422291,-0.6407327381963296,6.2721203652939925,1.1013095178563708,2.877360545032978,0.37665961088056316,1.073716972226566,0.277281880107658,-0.3519260312260488,2.64075372534941,0.6126515546435326,0.1244914452705865,7.97241290160118,-0.08414301415781901,2.5453748325180072,2.2422196315034473,3.079639977966231,0.4052234448662087,0.4466102625574641,-0.7421211782235001,-0.15590859578466887,0.24789036380562043,1.5440201369301558,1.5695036670967977,-0.16265736401538075,1.0746946121506271,1.6131181070076968,1.1534868396110498,5.984317437013691,1.1195844906988492,1.2731011095961933,0.04045495484124327,1.940223444923355,2.9290544980350943,-0.9972415348518933,-0.1382792227539696,1.7185218127772244,5.238319535740147,2.0457948199398137,0.7009729375252952,-0.1788238403608857,-0.1820944720331851,6.51331538807767,1.5813150005170442,1.7402140648962314,5.016374407298465,0.3955332803461448,0.25293085019314515,1.2499332895332953,1.3793199529240228,1.794645070732804,-0.1710308288567384,-1.6359033685052964,0.34005226014341744,-0.6060045764258163,1.9808904914245518,2.2379664951387976,1.268229407421596,0.45561777467173137,2.235732780799309,2.6348342955112622,2.8225556056028047,0.9502158086115924,0.4697074825345946
hoa3,liao_alcohol,HOA,LIAO_hoa3,participant,True,1.8907718473756254,1.8999007651905302,5.331183097883266,-0.2217177132956252,0.5053569898454329,1.969337569314763,-0.9383240883051945,0.4499602457855063,0.9503406921527798,1.5235091064518456,0.6297928864113934,-0.8277761207733059,0.6526851406698224,-1.194554184615921,-0.29833054998856184,5.3851505306396925,2.701926640885686,3.363352095914469,0.9915338445382061,3.725615689718536,0.9951939160056575,3.134726225610417,2.533759601242802,2.155830225646657,3.1793273862955282,0.31285400795358215,1.75573743178558,0.5423088774279251,2.0796200121760706,1.689680799972723,0.5013115291751552,2.508508584223695,3.3372623059834945,2.250164758370306,-0.5988719470343734,2.524566102783343,-0.3189165866419327,-0.8365395790272979,3.7816575230189646,-0.49144761132288856,6.727682404820681,1.1937233542598842,3.3622131724228055,0.3867597188722915,1.7345155915229082,0.2264899342055502,-0.537002675225414,2.59670873313129,0.7641389338969189,0.02937921411978981,8.343128823517743,-0.526119237656377,2.9528949527269224,1.9336236735541437,3.732429247575238,1.0036487334010238,0.3034550238924546,-0.566672016121771,-0.3280489107021134,0.8148342858070146,1.671735375271857,1.4962265170960187,-0.16579500371826913,2.2576749276149792,2.4666618715043587,1.7956152867975705,5.031486342422081,1.4556555100277253,1.2208845592832376,0.5853553344265451,2.397204495594139,2.954533597484248,-0.9906489824551501,-0.5866561218624445,1.5851091851906665,4.974923512715287,1.8368644767557731,0.925621750176614,0.012992317318682056,0.0240110564193467,5.885572133753457,2.108024424381678,2.114261330658639,5.7957618434074805,0.48725590468505314,0.5070941204687215,1.1627893928628183,1.362925985646447,1.4973242583422555,-0.15346379546661965,-1.3725701653993505,0.3251300313442362,-0.8368946736222926,1.7289898109013693,2.274398869777221,1.4644434572228349,0.11667747308565125,2.2245768569845095,2.535808880186385,2.9233266210861837,1.003792885095467,0.45406080609876054
onfh1,liao_alcohol,ONFH_3A,LIAO_onfh1,participant,True,1.835705629846189,1.071630574017554,4.010214540144356,0.49632438866112594,0.1739444658832601,1.4980092126278137,-0.44690311390159787,0.04617562758471321,0.21421044093192587,0.6776353494365348,0.42929356304780686,-0.5263800134815666,0.2948205563989737,-1.1735357347294173,-0.8454434103213335,4.537044615623568,2.200520943035199,1.9365195261020134,0.21899410721881513,4.913853533274619,0.6013621164648326,2.251270765145636,1.7855560753377997,1.2772261966937666,3.4609646067101365,0.4981363418279089,1.1503824620585181,0.5686146663109503,2.3028063280318776,0.46476365004453224,0.6203391136849082,2.645969690002205,2.277884782006796,1.039407480015927,-0.5186614611107044,2.2002833833282787,-0.37969004605831963,-0.5550706851955688,3.018362105738918,-0.4011104338109052,3.9630746195585336,1.3631263595504102,2.25864595814539,0.13266091176620096,0.43796156459633645,0.13786936094508148,-0.5038922275450145,2.013057647828273,0.2142503328319353,0.09925694083207351,7.699855849759035,-0.3086699171632596,2.0154151799213027,2.060189862605895,2.3354692983664065,-0.2218516093915007,0.34768269269179863,-0.45941060969036546,-0.05093474557377266,0.5349643040366617,0.8608692139226055,0.8960473205991154,-0.5222972435356232,0.14228002960977765,0.48205718304905887,0.5591756805629138,7.714273508051385,1.5507183006599767,1.1777012574332157,-0.10623345671616213,0.8756511639864692,1.2133715294557528,-0.9090796374311895,-0.3993481524169606,0.8976198198283063,3.9518395301364166,1.5907796214196062,0.8755535192782536,-0.32651031186913115,-0.3311312430181119,4.721884747593093,1.2907303647240236,1.5782887808713233,3.373825438932595,0.25275504209822547,0.36229051759418224,1.0881446668039936,1.159884380650781,1.5875372068134368,-0.3287781457471082,-1.93810254232702,0.18976550051014518,-0.5393416176346717,1.8879738150383214,1.973132879729434,0.8653037944831722,0.2024857178608615,2.2004835309481363,2.239463824815909,2.2384838988880524,0.9502443379913055,0.3415781602952263
onfh2,liao_alcohol,ONFH_3A,LIAO_onfh2,participant,True,1.9453578758327068,1.8468813038605492,5.473306047045193,0.1260072384566088,0.7305779978119078,2.226048696684274,-1.0129515089416505,0.5770725701404013,1.465436512026896,1.4051148672697813,1.295463146939457,-0.7438052803408512,0.3665117896986638,-1.1795515064175481,-0.4889499622888062,5.256249270732885,2.9132595374029737,3.6329466402195916,0.4798535981721127,4.127766332811442,1.3202907017556946,3.2142336493852266,2.6900154321007594,2.302718668941297,3.252690956872383,-0.3811126151496227,1.8748167761968573,0.7468228474939114,2.1396033613794345,1.6648871600352002,0.8681127477064471,2.6005304400745484,2.7254014458013542,2.030106835317669,-0.5626539669321746,2.2295235799828257,-0.4245572166244619,-0.6786565761041069,3.644178872464253,-0.8749381396169024,4.929911758541619,2.8293181492697315,4.0565475388016345,0.6784455494428467,1.4567209339497842,0.024033350005647172,-0.6355058288737161,2.6602840886558314,1.056600692286423,0.32420031339955974,8.064060032784342,-0.701027813179484,3.1048795627958783,1.6622578213495292,4.412315320116944,1.2301129248175504,0.5401749377852393,-0.8162564641191778,-0.35939747957611873,0.22154672906287318,1.2059773281727482,1.1424028195224538,-0.40675606360152833,2.150214780760637,3.321038541914819,1.9201823722755216,7.231000111703626,1.3988589473728168,1.164518563312503,0.1055022955505033,2.372123783343417,2.8015240286998724,-1.1109611735001748,-0.526946036785021,1.4107405913940352,4.974892866962486,1.6741933677189242,1.485326310368176,-0.2796475384884341,-0.20420767814742793,6.5882487238564025,4.00827553228924,6.481673721283121,6.193397536956211,0.635055932454651,0.39666329286580654,1.1787033681109167,1.3923869742534543,1.598689110147311,-0.21718252077111427,-1.6216170283785185,0.5528675953123009,-1.0390728956993542,2.2279580341982546,2.220725303924827,1.4733356873532184,0.16712488668232875,2.7109226465133416,2.8826911628095293,3.3707396589136636,1.2785935484120616,0.6319919224290573
onfh3,liao_alcohol,ONFH_3A,LIAO_onfh3,participant,True,1.6106380141943917,2.027605843466747,4.657224010167415,-0.08058201817878685,0.5098047753248451,3.201730777828744,-1.1616543724713961,1.0422220194358514,1.5398463647440799,2.1593939417523473,0.5654296781465289,-0.7812583630080046,0.476708788516264,-1.3963997344086418,-0.28964780534105916,5.615702596806338,3.339372812730846,3.097024044275638,1.5090146398171649,4.270880549456779,1.0618674188186599,2.4676537734266306,3.166671996072569,2.6071927491434437,3.2703966821416612,0.19761597920747767,2.658214968801612,0.6398548961545129,1.2902291363355982,1.1662550333820594,0.6136731149591551,2.012837820421174,3.134906970138555,2.42357648563713,-0.5944299261452552,2.4888494520906024,-0.07331348869196497,-0.7973603583962996,4.740002804444983,-0.9528394122276933,5.785792032879971,1.1294029269198218,4.494915966516392,1.0708818474194357,2.0378326267576767,-0.2617564263159845,-0.5495685633568622,2.307342802747884,0.7670889425574007,-0.052227023403797174,9.624587812469196,-0.7571085234692502,3.7972809961637655,1.4729848158544636,5.21336152201708,1.682645903027235,0.28133543465612315,-0.8673977980282094,-0.09508734299659613,0.8213064358351807,1.6782126055522764,1.7123150878627234,-0.3726018903036664,3.906234528248411,4.042257262036281,2.297785053709647,5.863360200889595,1.1500837262688943,1.34344742724728,0.8548975072943266,3.1556971177079904,2.4547015775939878,-1.1566919960468114,-0.2696473240359819,1.3240534059588083,5.770247592629705,1.979400582432197,0.897862320222922,0.07249671901151933,0.1985607600506111,7.3734663160530225,2.0016935165773457,2.1149973345495736,6.260374215155992,0.2535405201903199,0.42593122605656225,0.9761315245633502,1.581584858370114,2.4697011493026255,-0.15320633811751203,-1.3702401484557378,0.6823153706015067,-1.5868539357741016,1.8453001886882703,2.8271546824449287,1.8187720898711794,-0.5464830645561713,2.838277407211521,2.712275397436148,4.233664161722081,1.7805173252734317,0.45118818917132847
onfh4,liao_alcohol,ONFH_4,LIAO_onfh4,participant,True,1.7884611604873866,1.4847415280740262,4.612566634717805,-0.07966338986799987,0.03866886938226218,1.541022275920547,-0.4318235298408373,-0.05087461998235623,0.7373038094786314,1.106410222776469,0.5457261910613297,-0.9245132194069089,0.1207138568084507,-1.12493846251375,-0.5819015899724617,4.397687256358754,2.1508031769179135,2.6259239834730823,0.2665811842507303,3.8908884387988327,0.8567080506915286,2.6432716898972517,2.2250072373745695,2.0242436824560266,2.9525215765093917,-0.10183359765932068,1.508372349063142,0.9198560376498025,1.7800459514741442,1.3170087448867165,0.7425842090552919,1.9207212127131337,2.0341920960035407,1.1207063116045883,-0.6001218663704649,2.153057360751178,-0.0382383806288613,-0.5125831667059259,2.956181577084786,-0.5728673793553639,4.892021248008884,1.0486217038183394,3.045338433437638,0.3868623229359307,1.0071440185540628,-0.0076210023518454495,-0.4305247251416346,2.432763151416624,0.8331749843219063,0.2360765180728465,7.606335641481281,-0.75472154612032,2.114195552333039,1.5859814241796393,3.418085680337121,0.7160642376615624,0.512732490756336,-0.381038185099561,0.1757254294314933,0.2643776449900619,0.06290398910949889,0.9846156394276301,-0.342200986243334,1.8819243014321108,2.1577615553054024,1.4362348133439649,6.353297479752037,1.6704155148894806,1.1427834465109517,-0.11861763104500762,2.1785054107438695,2.68543643711841,-0.9992936165201195,-0.06823777094955796,1.4090786802404573,3.8737561400731404,1.5126564480698776,1.0127196626193093,-0.1415981138695591,-0.11467403682397424,5.45770544805088,1.5672442675323464,1.3652666079748683,4.956203529925912,0.43790789204427144,0.4856857846276682,1.6942291412394765,1.0046144089872249,1.1473670464283927,-0.16001144638643333,-1.1834210026463123,0.010586438422293298,-0.795953732725557,1.2894830335149787,1.7307637410846037,1.1818655629550143,0.43131199749339394,1.9972087545426158,2.2277686049986127,2.59227000719179,0.8884670736998259,0.2135035845507376
onfh5,liao_alcohol,ONFH_4,LIAO_onfh5,participant,True,1.7028429566554508,1.6465444283988526,5.61050363330199,-0.07812113498537117,0.5388349951172111,2.274442092084266,-1.0252681654957394,0.5028286075748797,1.0585033788877118,1.6097319857053634,0.9473188016719936,-0.8448528859341579,0.56666891288385,-1.2171468847878122,-0.36585900364324003,5.397521968402059,3.6112672887583703,3.0173066562870963,1.268623097542558,4.231885233325273,1.5328644434293008,3.2711945991201112,2.7769587990402167,2.2964769252698707,3.4483534194783956,0.1939412147076429,2.6433262548303413,0.630069288063977,1.8967460092593578,1.2439308200902432,1.0526256487950156,1.4857432041661436,2.4624093652680594,1.9050132489624279,-0.5560908742099693,2.5599044996537463,0.006612652196387519,-0.5242106490610837,4.235579595626519,-0.6607577693601029,7.804271490567967,1.3173159482709107,4.411882826810921,0.9954039652461398,1.565502194478626,-0.03850580740688237,-0.13722851913563563,2.594465856918039,0.7646076282930394,0.4268532161698276,8.40584761919633,-0.2620888180015099,3.2475224296411382,2.7453303642417137,4.6444124344297295,1.375786326426075,0.39236850538539747,-0.7402289177572252,0.22452243952309212,0.5599157757197181,1.391750298244741,1.875122282972477,-0.12706345014118514,2.6462495945334434,3.356855511893987,1.956028682376065,6.281429909908045,1.3601640957251109,1.0808889005865752,0.49841396552130246,3.3411177026196257,3.1970351083460495,-1.027910293052993,-0.10452585250014385,1.7175579384653377,6.128869940182488,2.6579916628700504,0.982743365392391,0.11482832583161459,0.24107625159512291,6.834616499109211,2.1815333679403,2.030153716923472,6.043414284353938,0.5917730317877993,0.6358099954736386,1.0940418682796118,1.1224662516129722,2.320345934827088,-0.19945000508083327,-1.4875718153111372,0.636856045883243,-0.9260270928410262,2.2707837573412886,2.8022265552102197,1.3485877968629618,-0.09522816695561669,3.09835023195863,2.7523300959619625,3.360342970366462,1.2151391696701999,0.3562978324885476
onfh6,liao_alcohol,ONFH_4,LIAO_onfh6,participant,True,1.9382707519175308,2.002302364659313,5.52163376401136,-0.21270061618569716,0.23139696584012584,2.033000230485609,-0.9056142499948865,0.16564756998527982,1.0834059660914566,1.347553499759853,1.1367046102514526,-0.9239926687836658,0.5621198429332047,-1.1857027494856713,-0.39790591023895305,5.248749954480443,2.877243998290759,3.7069564902080856,0.6431913403868422,3.8514092746589337,1.1469391529055024,3.325476792494771,2.7640084303807657,2.185460047932341,3.2126428589665026,-0.00892116529106058,1.830287633889012,0.8828685216676525,2.053037439309609,1.1097264672101903,0.8434880575799992,2.1755448677909546,2.873589163269626,2.0677874841723245,-0.5441668879095224,2.4400606036559602,-0.37586291924977644,-0.5894213867391508,3.5012027013770393,-0.5236405034994983,6.789446628032031,1.4879213882060573,3.6332135712399816,0.8201112218019814,1.4793881544453362,0.2470460128264122,-0.5334104849247925,2.7084027069501473,0.9171686753205929,0.15864146263763856,8.125979980359585,-0.6904451179407938,3.0502724528865195,1.843781309270818,3.7278631522987484,1.098559450858998,0.24442723120305818,-0.6762603973627374,-0.5195888015022894,0.009438342299871581,0.9395768345213824,1.4790314839269465,-0.3636415811749417,1.8815950020579846,2.6741877046703695,1.603708451716657,6.687166818439143,1.3603460216747598,1.3076375297998626,0.18096521454019765,2.425042039403716,3.0934689732457974,-0.9718992314757321,-0.2713403011236016,1.582881375023401,5.054652866894227,1.631464238486648,1.1799834421112514,-0.0868100015916362,-0.040980472528005386,6.496346202262371,2.048573468851944,1.6187903632606209,5.510175087111848,0.4861480340835367,0.3720185316717626,1.3712849406642595,1.2369557450361615,1.2106632778138655,-0.19334118788011953,-1.44341442547553,0.5347458392633146,-0.8818696492293905,1.7530434790739715,2.04561543178117,1.395625742987493,0.29549079586271065,2.5734571041563377,2.7830401787667274,3.163904775068025,1.0062451110257724,0.5458999311785586
