TF,Liao_KW_p,Liao_KW_method,ONFH_3A_vs_HOA_effect,ONFH_3A_vs_HOA_hodges_lehmann,ONFH_3A_vs_HOA_rank_biserial,ONFH_3A_vs_HOA_p,ONFH_3A_vs_HOA_minimum_p_no_ties,ONFH_4_vs_ONFH_3A_effect,ONFH_4_vs_ONFH_3A_hodges_lehmann,ONFH_4_vs_ONFH_3A_rank_biserial,ONFH_4_vs_ONFH_3A_p,ONFH_4_vs_ONFH_3A_minimum_p_no_ties,ONFH_4_vs_HOA_effect,ONFH_4_vs_HOA_hodges_lehmann,ONFH_4_vs_HOA_rank_biserial,ONFH_4_vs_HOA_p,ONFH_4_vs_HOA_minimum_p_no_ties,SONFH_libraries_vs_HOA_effect_descriptive,Liao_KW_fdr,ONFH_3A_vs_HOA_fdr,ONFH_4_vs_ONFH_3A_fdr,ONFH_4_vs_HOA_fdr
AR,1.0,"exhaustive permutation, tie-corrected",-0.04950774901643995,-0.022896914277847902,-0.11111111111111116,1.0,0.1,-0.04724446935880233,-0.0070871239151759635,-0.11111111111111116,1.0,0.1,-0.09675221837524228,0.04749890454190542,0.11111111111111116,1.0,0.1,-0.31972439881885406,1.0,1.0,1.0,1.0
ATF1,0.9928571428571429,"exhaustive permutation, tie-corrected",-0.05301946132998103,-0.05301946132998103,-0.11111111111111116,1.0,0.1,-0.20033687546169654,-0.025303478807433777,-0.11111111111111116,1.0,0.1,-0.25335633679167757,-0.13124716009167003,-0.11111111111111116,1.0,0.1,-0.5841911311793035,1.0,1.0,1.0,1.0
ATF2,0.25357142857142856,"exhaustive permutation, tie-corrected",-1.1860590406360298,-1.1860590406360298,-0.7777777777777778,0.2,0.1,0.8644097538439457,0.6023520945734484,0.5555555555555556,0.4,0.1,-0.32164928679208415,-0.3474048060745645,-0.5555555555555556,0.4,0.1,-0.8728774237117687,0.9764359351988219,1.0,1.0,1.0
ATF3,0.6285714285714286,"exhaustive permutation, tie-corrected",-0.050727749164320574,0.14113569511683835,0.11111111111111116,1.0,0.1,-0.20567062832460867,-0.20567062832460867,-0.5555555555555556,0.4,0.1,-0.25639837748892924,-0.25639837748892924,-0.33333333333333337,0.7,0.1,-0.14941069528518178,0.9764359351988219,1.0,1.0,1.0
ATF4,0.6642857142857143,"exhaustive permutation, tie-corrected",0.0044477854794122695,0.0044477854794122695,0.11111111111111116,1.0,0.1,-0.2784078094847193,-0.19174300269469668,-0.33333333333333337,0.7,0.1,-0.27396002400530706,-0.22702767790413228,-0.5555555555555556,0.4,0.1,-0.1916023412223432,0.9764359351988219,1.0,1.0,1.0
ATF6,0.8785714285714286,"exhaustive permutation, tie-corrected",0.2336488141359363,0.2336488141359363,0.33333333333333326,0.7,0.1,-0.19304846619866467,-0.19304846619866467,-0.11111111111111116,1.0,0.1,0.04060034793727163,0.04060034793727163,0.11111111111111116,1.0,0.1,1.1237053117059819,0.9764359351988219,1.0,1.0,1.0
BACH1,0.8285714285714286,"exhaustive permutation, tie-corrected",-0.074627420636456,-0.074627420636456,-0.11111111111111116,1.0,0.1,0.10733725894676405,0.10733725894676405,0.33333333333333326,0.7,0.1,0.03270983831030805,0.05106512863287582,0.33333333333333326,0.7,0.1,0.3118769323691749,0.9764359351988219,1.0,1.0,1.0
CEBPA,0.5107142857142857,"exhaustive permutation, tie-corrected",0.27712757572742824,0.27712757572742824,0.5555555555555556,0.4,0.1,-0.4114250001551214,-0.4114250001551214,-0.5555555555555556,0.4,0.1,-0.13429742442769319,0.02308591710771684,0.11111111111111116,1.0,0.1,-1.0366492381521735,0.9764359351988219,1.0,1.0,1.0
CEBPB,0.8285714285714286,"exhaustive permutation, tie-corrected",0.5150958198741161,0.4398196282111091,0.33333333333333326,0.7,0.1,-0.4069331331391841,-0.4069331331391841,-0.33333333333333337,0.7,0.1,0.10816268673493201,-0.01662077044151422,-0.11111111111111116,1.0,0.1,-0.31196540655557425,0.9764359351988219,1.0,1.0,1.0
CEBPD,0.9285714285714286,"exhaustive permutation, tie-corrected",0.18725488218864839,0.18725488218864839,0.11111111111111116,1.0,0.1,-0.05756136750992824,-0.05756136750992824,-0.11111111111111116,1.0,0.1,0.12969351467872015,0.12969351467872015,0.33333333333333326,0.7,0.1,-0.26557988174083746,0.9764359351988219,1.0,1.0,1.0
CREB1,0.8785714285714286,"exhaustive permutation, tie-corrected",-0.06436320826486452,-0.06436320826486452,-0.33333333333333337,0.7,0.1,0.38188912352546467,0.11643262801352283,0.11111111111111116,1.0,0.1,0.31752591526060014,-0.02468594102099808,-0.11111111111111116,1.0,0.1,-0.13965419702146242,0.9764359351988219,1.0,1.0,1.0
CTCF,0.025,"exhaustive permutation, tie-corrected",0.08397084043245462,0.08397084043245462,0.5555555555555556,0.4,0.1,-0.18018738844281457,-0.18018738844281457,-1.0,0.1,0.1,-0.09621654801035995,-0.09621654801035995,-1.0,0.1,0.1,0.2761903100766119,0.8500000000000001,1.0,1.0,1.0
E2F1,0.05,"exhaustive permutation, tie-corrected",-0.2954448004021437,-0.3578645842708487,-1.0,0.1,0.1,0.1956080532345409,0.08996012436758599,0.33333333333333326,0.7,0.1,-0.09983674716760282,-0.3719951556662541,-1.0,0.1,0.1,-0.10459595330553606,0.9764359351988219,1.0,1.0,1.0
E2F2,0.6285714285714286,"exhaustive permutation, tie-corrected",0.024360907799412024,0.02101844988650381,0.33333333333333326,0.7,0.1,-0.006151243068123202,0.04859727221566734,0.11111111111111116,1.0,0.1,0.01820966473128882,0.04603322688429756,0.5555555555555556,0.4,0.1,-0.00019226981486997197,0.9764359351988219,1.0,1.0,1.0
E2F3,0.9928571428571429,"exhaustive permutation, tie-corrected",-0.09430585137352404,-0.09430585137352404,-0.11111111111111116,1.0,0.1,0.09104405204985316,0.09104405204985316,0.11111111111111116,1.0,0.1,-0.0032617993236708775,-0.0032617993236708775,-0.11111111111111116,1.0,0.1,-0.3387827472907975,1.0,1.0,1.0,1.0
E2F4,0.7214285714285714,"exhaustive permutation, tie-corrected",-0.12890125990680712,-0.12890125990680712,-0.33333333333333337,0.7,0.1,-0.007499316252442156,-0.13935735926481385,-0.33333333333333337,0.7,0.1,-0.13640057615924928,-0.23734759037471154,-0.33333333333333337,0.7,0.1,-0.2160681875704089,0.9764359351988219,1.0,1.0,1.0
EGR1,0.8285714285714286,"exhaustive permutation, tie-corrected",-0.03295765759942482,-0.2905049567139528,-0.33333333333333337,0.7,0.1,-0.03601553911221478,-0.03601553911221478,-0.11111111111111116,1.0,0.1,-0.0689731967116396,-0.0689731967116396,-0.33333333333333337,0.7,0.1,0.27288810144359443,0.9764359351988219,1.0,1.0,1.0
ELK1,0.8285714285714286,"exhaustive permutation, tie-corrected",-0.2663280516388311,-0.2663280516388311,-0.33333333333333337,0.7,0.1,-0.07971738798854178,0.07400984998849403,0.11111111111111116,1.0,0.1,-0.3460454396273729,-0.3460454396273729,-0.33333333333333337,0.7,0.1,-0.7013496680532851,0.9764359351988219,1.0,1.0,1.0
EPAS1,0.8285714285714286,"exhaustive permutation, tie-corrected",-0.5116802463660934,-0.37444061872299655,-0.33333333333333337,0.7,0.1,0.16333774221472952,0.04758707703191517,0.11111111111111116,1.0,0.1,-0.3483425041513639,-0.3268535416910814,-0.33333333333333337,0.7,0.1,-0.10188117135876096,0.9764359351988219,1.0,1.0,1.0
ERG,0.4392857142857143,"exhaustive permutation, tie-corrected",0.14276556588538636,0.4021506430929058,0.33333333333333326,0.7,0.1,-0.379992110657946,-0.379992110657946,-0.7777777777777778,0.2,0.1,-0.23722654477255967,-0.15158533383799178,-0.11111111111111116,1.0,0.1,1.0136784860185921,0.9764359351988219,1.0,1.0,1.0
ESR1,0.8285714285714286,"exhaustive permutation, tie-corrected",-0.06525034645467809,-0.06525034645467809,-0.11111111111111116,1.0,0.1,0.08507173408684254,0.2125737416736062,0.33333333333333326,0.7,0.1,0.019821387632164456,0.019821387632164456,0.33333333333333326,0.7,0.1,0.04316885050225516,0.9764359351988219,1.0,1.0,1.0
ESR2,0.3392857142857143,"exhaustive permutation, tie-corrected",-0.728388209421448,-0.728388209421448,-0.5555555555555556,0.4,0.1,0.8035408256934806,0.39200092475161563,0.7777777777777777,0.2,0.1,0.07515261627203262,0.04703865032230725,0.11111111111111116,1.0,0.1,-0.9225776624281714,0.9764359351988219,1.0,1.0,1.0
ETS1,0.9285714285714286,"exhaustive permutation, tie-corrected",-0.03169134117906447,-0.03169134117906447,-0.11111111111111116,1.0,0.1,0.07399299828000627,0.07399299828000627,0.11111111111111116,1.0,0.1,0.0423016571009418,0.0423016571009418,0.33333333333333326,0.7,0.1,0.3158205881446068,0.9764359351988219,1.0,1.0,1.0
ETS2,0.6285714285714286,"exhaustive permutation, tie-corrected",0.20403062589130894,0.20403062589130894,0.33333333333333326,0.7,0.1,-0.1172586210089559,-0.1172586210089559,-0.33333333333333337,0.7,0.1,0.08677200488235304,0.14064669962321386,0.5555555555555556,0.4,0.1,-0.1826491716409797,0.9764359351988219,1.0,1.0,1.0
ETV4,0.23214285714285715,"exhaustive permutation, tie-corrected",0.049889789854155264,0.07336357057685472,1.0,0.1,0.1,-0.05775382317515865,-0.05775382317515865,-0.5555555555555556,0.4,0.1,-0.007864033321003383,-0.007864033321003383,-0.11111111111111116,1.0,0.1,0.6839418434271303,0.9764359351988219,1.0,1.0,1.0
FLI1,0.4392857142857143,"exhaustive permutation, tie-corrected",-0.041147051307953764,-0.041147051307953764,-0.11111111111111116,1.0,0.1,-0.20653714449853824,-0.20653714449853824,-0.33333333333333337,0.7,0.1,-0.247684195806492,-0.247684195806492,-0.7777777777777778,0.2,0.1,-0.14472920604560668,0.9764359351988219,1.0,1.0,1.0
FOS,0.9285714285714286,"exhaustive permutation, tie-corrected",0.11907934441127721,0.11907934441127721,0.11111111111111116,1.0,0.1,-0.044529142307845326,-0.014888713971270562,-0.11111111111111116,1.0,0.1,0.07455020210343188,0.08177703474243714,0.33333333333333326,0.7,0.1,0.41534194949170056,0.9764359351988219,1.0,1.0,1.0
FOSL1,0.025,"exhaustive permutation, tie-corrected",0.2294967749150275,0.20451397006598626,1.0,0.1,0.1,0.24301362551313965,0.17303319015589114,0.5555555555555556,0.4,0.1,0.47251040042816717,0.3775471602218774,1.0,0.1,0.1,0.06322763173935686,0.8500000000000001,1.0,1.0,1.0
FOXA1,0.5107142857142857,"exhaustive permutation, tie-corrected",0.0599833492033639,0.0599833492033639,0.11111111111111116,1.0,0.1,-0.24285735212007675,-0.24285735212007675,-0.33333333333333337,0.7,0.1,-0.18287400291671285,-0.1366139578687675,-0.7777777777777778,0.2,0.1,0.2261293333031884,0.9764359351988219,1.0,1.0,1.0
FOXL2,0.23214285714285715,"exhaustive permutation, tie-corrected",-0.5234257665906636,-0.5234257665906636,-0.7777777777777778,0.2,0.1,0.07767578670818387,0.07767578670818387,0.11111111111111116,1.0,0.1,-0.4457499798824798,-0.4457499798824798,-0.7777777777777778,0.2,0.1,-1.2431400457623838,0.9764359351988219,1.0,1.0,1.0
FOXM1,0.3821428571428571,"exhaustive permutation, tie-corrected",0.060262388395272204,0.060262388395272204,0.5555555555555556,0.4,0.1,0.223148943895091,0.18451290108856855,0.5555555555555556,0.4,0.1,0.2834113322903632,0.24127267988013668,0.5555555555555556,0.4,0.1,1.1772787926785986,0.9764359351988219,1.0,1.0,1.0
FOXO1,0.13214285714285715,"exhaustive permutation, tie-corrected",0.2455825778284697,0.13746110577851,0.33333333333333326,0.7,0.1,-0.6798092273614147,-0.5270946162550303,-0.7777777777777778,0.2,0.1,-0.434226649532945,-0.434226649532945,-1.0,0.1,0.1,-0.8249247525063557,0.9764359351988219,1.0,1.0,1.0
FOXO3,0.3821428571428571,"exhaustive permutation, tie-corrected",-0.1878176600381125,-0.2023553358449397,-0.33333333333333337,0.7,0.1,-0.2629920805332948,-0.2613178068689286,-0.33333333333333337,0.7,0.1,-0.4508097405714073,-0.4636731427138683,-0.7777777777777778,0.2,0.1,-1.3992318700066537,0.9764359351988219,1.0,1.0,1.0
FOXO4,0.7214285714285714,"exhaustive permutation, tie-corrected",-0.22005792305263716,-0.22005792305263716,-0.11111111111111116,1.0,0.1,-0.12509358635524093,-0.12509358635524093,-0.11111111111111116,1.0,0.1,-0.3451515094078781,-0.3451515094078781,-0.5555555555555556,0.4,0.1,-0.8670297824795921,0.9764359351988219,1.0,1.0,1.0
GATA1,0.7214285714285714,"exhaustive permutation, tie-corrected",-0.019788926481361546,-0.005113980914656202,-0.11111111111111116,1.0,0.1,0.006563092722205344,-0.005691940225209691,-0.11111111111111116,1.0,0.1,-0.013225833759156203,-0.013225833759156203,-0.5555555555555556,0.4,0.1,0.0029742486269186408,0.9764359351988219,1.0,1.0,1.0
GATA2,0.9928571428571429,"exhaustive permutation, tie-corrected",-0.14804028827645466,-0.03571665069274044,-0.11111111111111116,1.0,0.1,0.21053702367313454,0.07105504756314396,0.11111111111111116,1.0,0.1,0.06249673539667988,0.03533839687040352,0.11111111111111116,1.0,0.1,0.07524614838543986,1.0,1.0,1.0,1.0
GATA3,0.3392857142857143,"exhaustive permutation, tie-corrected",-0.060773459416386955,-0.014137942488638977,-0.11111111111111116,1.0,0.1,0.3414516654294583,0.07992614088835248,0.7777777777777777,0.2,0.1,0.28067820601307136,0.2302553740374522,0.5555555555555556,0.4,0.1,0.5701977087131345,0.9764359351988219,1.0,1.0,1.0
GLI2,0.5107142857142857,"exhaustive permutation, tie-corrected",-0.3181998225549824,-0.3107343241926158,-0.33333333333333337,0.7,0.1,0.15444592704302318,0.15444592704302318,0.7777777777777777,0.2,0.1,-0.16375389551195924,-0.16375389551195924,-0.33333333333333337,0.7,0.1,-0.11367069108944888,0.9764359351988219,1.0,1.0,1.0
HIF1A,0.6285714285714286,"exhaustive permutation, tie-corrected",-0.13747865055471165,-0.13747865055471165,-0.11111111111111116,1.0,0.1,-0.14297617108721372,-0.14297617108721372,-0.33333333333333337,0.7,0.1,-0.28045482164192537,-0.28045482164192537,-0.5555555555555556,0.4,0.1,0.4490051791511358,0.9764359351988219,1.0,1.0,1.0
HNF4A,0.8285714285714286,"exhaustive permutation, tie-corrected",-0.23420540142057278,-0.23420540142057278,-0.33333333333333337,0.7,0.1,0.30207076026153845,0.2920816428675904,0.33333333333333326,0.7,0.1,0.06786535884096567,0.004005797728435789,0.11111111111111116,1.0,0.1,-0.4474648899321837,0.9764359351988219,1.0,1.0,1.0
HSF1,0.19642857142857142,"exhaustive permutation, tie-corrected",-1.7977706462790621,-2.309045745735459,-1.0,0.1,0.1,1.8595348694904121,1.8595348694904121,0.5555555555555556,0.4,0.1,0.06176422321135,-0.6813265253953311,-0.11111111111111116,1.0,0.1,0.5959323490075175,0.9764359351988219,1.0,1.0,1.0
IRF1,0.8285714285714286,"exhaustive permutation, tie-corrected",0.169403005290526,0.169403005290526,0.33333333333333326,0.7,0.1,-0.045810411279499474,-0.08078122310148239,-0.33333333333333337,0.7,0.1,0.12359259401102651,-0.02477707661195927,-0.11111111111111116,1.0,0.1,0.005857323775660506,0.9764359351988219,1.0,1.0,1.0
JUN,0.8285714285714286,"exhaustive permutation, tie-corrected",0.6943343663788291,0.6943343663788291,0.33333333333333326,0.7,0.1,-0.423333967561653,-0.08303313970547066,-0.11111111111111116,1.0,0.1,0.2710003988171761,0.2710003988171761,0.33333333333333326,0.7,0.1,0.663402716355348,0.9764359351988219,1.0,1.0,1.0
JUND,0.4392857142857143,"exhaustive permutation, tie-corrected",0.29168583057055525,0.29168583057055525,0.33333333333333326,0.7,0.1,0.14166567235913463,0.14166567235913463,0.11111111111111116,1.0,0.1,0.4333515029296899,0.4333515029296899,0.7777777777777777,0.2,0.1,-0.18247819424439124,0.9764359351988219,1.0,1.0,1.0
KLF4,0.9285714285714286,"exhaustive permutation, tie-corrected",-0.08686787120945327,-0.08686787120945327,-0.11111111111111116,1.0,0.1,0.022667220495552032,0.022667220495552032,0.11111111111111116,1.0,0.1,-0.06420065071390124,-0.06657295367250327,-0.33333333333333337,0.7,0.1,-1.0851663803992766,0.9764359351988219,1.0,1.0,1.0
KMT2A,0.19642857142857142,"exhaustive permutation, tie-corrected",-0.20245658419990303,-0.20245658419990303,-1.0,0.1,0.1,-0.03165435235749262,0.10917665188133072,0.11111111111111116,1.0,0.1,-0.23411093655739565,-0.22332323170623597,-0.5555555555555556,0.4,0.1,-0.34353315016457486,0.9764359351988219,1.0,1.0,1.0
LEF1,0.23214285714285715,"exhaustive permutation, tie-corrected",-0.1976425321308134,-0.1976425321308134,-0.7777777777777778,0.2,0.1,0.11904383821522763,0.11904383821522763,0.7777777777777777,0.2,0.1,-0.07859869391558577,0.0035921903006215228,0.11111111111111116,1.0,0.1,0.3013170216280875,0.9764359351988219,1.0,1.0,1.0
MEF2C,0.3821428571428571,"exhaustive permutation, tie-corrected",-0.33341092260152605,-0.33341092260152605,-0.5555555555555556,0.4,0.1,0.28712305417015527,0.28712305417015527,0.5555555555555556,0.4,0.1,-0.04628786843137078,-0.04628786843137078,-0.5555555555555556,0.4,0.1,-0.4305741602412385,0.9764359351988219,1.0,1.0,1.0
MITF,0.29642857142857143,"exhaustive permutation, tie-corrected",0.15443738791386807,0.15443738791386807,0.33333333333333326,0.7,0.1,0.06608604176450561,0.06608604176450561,0.11111111111111116,1.0,0.1,0.22052342967837368,0.22052342967837368,1.0,0.1,0.1,0.3865403930860699,0.9764359351988219,1.0,1.0,1.0
MYB,0.16785714285714284,"exhaustive permutation, tie-corrected",0.0698777267122837,0.0698777267122837,0.33333333333333326,0.7,0.1,0.13681957724077298,0.13681957724077298,0.5555555555555556,0.4,0.1,0.2066973039530567,0.2524509855722429,1.0,0.1,0.1,0.5299618476419702,0.9764359351988219,1.0,1.0,1.0
MYC,0.8785714285714286,"exhaustive permutation, tie-corrected",-0.2790687907334011,-0.27255705184214474,-0.11111111111111116,1.0,0.1,0.06191994757524277,-0.09352020827775398,-0.11111111111111116,1.0,0.1,-0.2171488431581583,-0.2171488431581583,-0.33333333333333337,0.7,0.1,-0.2620517951000778,0.9764359351988219,1.0,1.0,1.0
MYCN,0.29642857142857143,"exhaustive permutation, tie-corrected",-0.3936977767156008,-0.23098928581287315,-0.7777777777777778,0.2,0.1,0.010582695238690265,0.010582695238690265,0.33333333333333326,0.7,0.1,-0.38311508147691054,-0.22860230846394303,-0.5555555555555556,0.4,0.1,0.4482473015769211,0.9764359351988219,1.0,1.0,1.0
NFE2L2,0.8285714285714286,"exhaustive permutation, tie-corrected",0.33064765870497537,0.33064765870497537,0.33333333333333326,0.7,0.1,-0.0546071099093588,-0.0546071099093588,-0.11111111111111116,1.0,0.1,0.27604054879561657,0.27604054879561657,0.33333333333333326,0.7,0.1,0.09096843942639499,0.9764359351988219,1.0,1.0,1.0
NFIC,0.5428571428571428,"exhaustive permutation, tie-corrected",-0.30368867041080416,-0.30368867041080416,-0.5555555555555556,0.4,0.1,0.1815234879212888,0.1815234879212888,0.33333333333333326,0.7,0.1,-0.12216518248951536,-0.12216518248951536,-0.33333333333333337,0.7,0.1,0.1758428386413564,0.9764359351988219,1.0,1.0,1.0
NFKB1,0.8785714285714286,"exhaustive permutation, tie-corrected",0.6798860725417062,0.6798860725417062,0.33333333333333326,0.7,0.1,-0.6844521678181956,-0.5689490875873506,-0.11111111111111116,1.0,0.1,-0.004566095276489435,0.33844570237089,0.11111111111111116,1.0,0.1,0.19198540955239052,0.9764359351988219,1.0,1.0,1.0
NFKB2,0.6642857142857143,"exhaustive permutation, tie-corrected",0.33805616373792147,0.33805616373792147,0.33333333333333326,0.7,0.1,-0.13155347395855244,-0.13155347395855244,-0.11111111111111116,1.0,0.1,0.20650268977936903,0.31084079279535365,0.5555555555555556,0.4,0.1,0.1141819189384864,0.9764359351988219,1.0,1.0,1.0
NR3C1,0.8285714285714286,"exhaustive permutation, tie-corrected",0.04422766879934403,0.09356467522777517,0.33333333333333326,0.7,0.1,0.044685812693598836,-0.027442447028903305,-0.11111111111111116,1.0,0.1,0.08891348149294287,0.08891348149294287,0.33333333333333326,0.7,0.1,0.005506213936345428,0.9764359351988219,1.0,1.0,1.0
PAX5,0.4392857142857143,"exhaustive permutation, tie-corrected",-0.07413528589567775,-0.06446352964197988,-0.33333333333333337,0.7,0.1,0.1399960667564405,0.12716888027098416,0.5555555555555556,0.4,0.1,0.06586078086076275,0.06586078086076275,0.5555555555555556,0.4,0.1,0.09482464569891824,0.9764359351988219,1.0,1.0,1.0
POU2F1,0.7214285714285714,"exhaustive permutation, tie-corrected",0.22869130827957698,0.10497385021089621,0.33333333333333326,0.7,0.1,0.27081277242808943,0.27081277242808943,0.33333333333333326,0.7,0.1,0.4995040807076664,0.380431035307761,0.33333333333333326,0.7,0.1,0.9487787396984788,0.9764359351988219,1.0,1.0,1.0
PPARA,0.8285714285714286,"exhaustive permutation, tie-corrected",0.03285566727338329,0.006472150028166146,0.11111111111111116,1.0,0.1,-0.27058665904659984,-0.26139066011546264,-0.33333333333333337,0.7,0.1,-0.23773099177321655,-0.23845202150574885,-0.33333333333333337,0.7,0.1,-1.0355264255694188,0.9764359351988219,1.0,1.0,1.0
PPARG,0.16785714285714284,"exhaustive permutation, tie-corrected",-0.46575804709910873,-0.46575804709910873,-0.5555555555555556,0.4,0.1,-0.26640049365136576,-0.2864623073075354,-0.33333333333333337,0.7,0.1,-0.7321585407504745,-0.7321585407504745,-1.0,0.1,0.1,-1.704564366440788,0.9764359351988219,1.0,1.0,1.0
RARA,0.8285714285714286,"exhaustive permutation, tie-corrected",-0.3538236975735649,-0.282534152064028,-0.33333333333333337,0.7,0.1,0.3366286644044927,0.1628071951097536,0.33333333333333326,0.7,0.1,-0.017195033169072227,-0.017195033169072227,-0.11111111111111116,1.0,0.1,-0.36986639476206284,0.9764359351988219,1.0,1.0,1.0
RBPJ,0.025,"exhaustive permutation, tie-corrected",-0.24409869958614758,-0.2745820759347247,-1.0,0.1,0.1,0.06455507735819432,0.15865566236068152,1.0,0.1,0.1,-0.17954362222795325,-0.17954362222795325,-0.5555555555555556,0.4,0.1,-0.2895254950130509,0.8500000000000001,1.0,1.0,1.0
REL,0.8285714285714286,"exhaustive permutation, tie-corrected",0.5830004893718925,0.5830004893718925,0.11111111111111116,1.0,0.1,-0.26829047932852634,-0.26829047932852634,-0.11111111111111116,1.0,0.1,0.3147100100433662,0.3885746669184642,0.5555555555555556,0.4,0.1,-0.5754166513706884,0.9764359351988219,1.0,1.0,1.0
RELA,0.6642857142857143,"exhaustive permutation, tie-corrected",0.9142707430262291,0.9142707430262291,0.33333333333333326,0.7,0.1,-0.6468508372444495,-0.6468508372444495,-0.11111111111111116,1.0,0.1,0.26741990578177965,0.5446434482977056,0.5555555555555556,0.4,0.1,0.002537041682371566,0.9764359351988219,1.0,1.0,1.0
RELB,0.8785714285714286,"exhaustive permutation, tie-corrected",0.23659810466216435,0.23659810466216435,0.33333333333333326,0.7,0.1,-0.3164739205588645,-0.3164739205588645,-0.11111111111111116,1.0,0.1,-0.07987581589670012,0.16041339557849454,0.11111111111111116,1.0,0.1,-0.6256913339764634,0.9764359351988219,1.0,1.0,1.0
RFX5,0.23214285714285715,"exhaustive permutation, tie-corrected",1.2466826746899349,1.2466826746899349,0.5555555555555556,0.4,0.1,-0.877702631951589,-0.877702631951589,-0.33333333333333337,0.7,0.1,0.36898004273834584,0.4497033855321355,1.0,0.1,0.1,-2.962071495154691,0.9764359351988219,1.0,1.0,1.0
RUNX1,0.6285714285714286,"exhaustive permutation, tie-corrected",0.0953095677772251,0.09506279063225143,0.33333333333333326,0.7,0.1,-0.03851292569805698,0.11969721422950386,0.11111111111111116,1.0,0.1,0.056796642079168125,0.21476000486175528,0.5555555555555556,0.4,0.1,0.030760493953665646,0.9764359351988219,1.0,1.0,1.0
RUNX3,0.6285714285714286,"exhaustive permutation, tie-corrected",-0.06961584209380844,-0.05636599597073455,-0.33333333333333337,0.7,0.1,-0.03491781092226409,-0.03580989744741747,-0.5555555555555556,0.4,0.1,-0.10453365301607254,-0.10453365301607254,-0.33333333333333337,0.7,0.1,-0.09920468718712128,0.9764359351988219,1.0,1.0,1.0
RXRA,0.8785714285714286,"exhaustive permutation, tie-corrected",-0.3792018036546585,-0.14668841155740542,-0.11111111111111116,1.0,0.1,0.07546291898969434,-0.01238417432884549,-0.11111111111111116,1.0,0.1,-0.3037388846649642,-0.1590725858862509,-0.33333333333333337,0.7,0.1,-0.6564460510186702,0.9764359351988219,1.0,1.0,1.0
SMAD3,0.8285714285714286,"exhaustive permutation, tie-corrected",-0.025080712250721948,-0.025080712250721948,-0.11111111111111116,1.0,0.1,0.05291825606029921,0.18542058491163527,0.33333333333333326,0.7,0.1,0.02783754380957726,0.23828196582051442,0.33333333333333326,0.7,0.1,0.32542997280739394,0.9764359351988219,1.0,1.0,1.0
SMAD4,0.13214285714285715,"exhaustive permutation, tie-corrected",-0.49983201989026016,-0.7296896668373072,-1.0,0.1,0.1,0.6387673956518096,0.6387673956518096,0.7777777777777777,0.2,0.1,0.13893537576154946,-0.24361806091668425,-0.11111111111111116,1.0,0.1,-1.1328584432650057,0.9764359351988219,1.0,1.0,1.0
SOX10,0.8285714285714286,"exhaustive permutation, tie-corrected",-0.1137196386482815,-0.10449560609825315,-0.33333333333333337,0.7,0.1,0.11166755698005526,0.11166755698005526,0.33333333333333326,0.7,0.1,-0.0020520816682262355,0.018749750979418,0.11111111111111116,1.0,0.1,-0.22328442942860716,0.9764359351988219,1.0,1.0,1.0
SOX2,0.29642857142857143,"exhaustive permutation, tie-corrected",-0.22453992136967066,-0.13136810128201232,-0.33333333333333337,0.7,0.1,0.29482229991681674,0.2556057356614195,0.7777777777777777,0.2,0.1,0.07028237854714608,0.07028237854714608,0.5555555555555556,0.4,0.1,0.07775292976378585,0.9764359351988219,1.0,1.0,1.0
SOX9,0.3607142857142857,"exhaustive permutation, tie-corrected",-0.2610557792318582,-0.2610557792318582,-0.5555555555555556,0.4,0.1,0.2588279690645927,0.3068173470713025,0.7777777777777777,0.2,0.1,-0.002227810167265476,-0.0009638743118867144,-0.11111111111111116,1.0,0.1,-0.43148570364936134,0.9764359351988219,1.0,1.0,1.0
SP1,0.8785714285714286,"exhaustive permutation, tie-corrected",-0.26342666877766074,-0.26342666877766074,-0.33333333333333337,0.7,0.1,0.0797599999317411,0.0797599999317411,0.11111111111111116,1.0,0.1,-0.18366666884591965,-0.18366666884591965,-0.11111111111111116,1.0,0.1,-0.0960870383492205,0.9764359351988219,1.0,1.0,1.0
SP3,0.6642857142857143,"exhaustive permutation, tie-corrected",-0.2912437289678118,-0.24608485533616697,-0.5555555555555556,0.4,0.1,-0.04272912923227623,-0.04272912923227623,-0.11111111111111116,1.0,0.1,-0.33397285820008804,-0.3242080286858955,-0.33333333333333337,0.7,0.1,0.5732649466017903,0.9764359351988219,1.0,1.0,1.0
SPI1,0.16785714285714284,"exhaustive permutation, tie-corrected",0.0256718460448625,0.17458058175295843,0.5555555555555556,0.4,0.1,0.11485734239638734,0.1071898461141374,0.33333333333333326,0.7,0.1,0.14052918844124984,0.2543616919346374,1.0,0.1,0.1,-0.5097377506070442,0.9764359351988219,1.0,1.0,1.0
SREBF1,0.5107142857142857,"exhaustive permutation, tie-corrected",-0.29263985580711616,-0.1880386649271813,-0.5555555555555556,0.4,0.1,0.1928375368967979,0.18491219799957206,0.5555555555555556,0.4,0.1,-0.09980231891031825,-0.09980231891031825,-0.11111111111111116,1.0,0.1,-0.1338480191451647,0.9764359351988219,1.0,1.0,1.0
SREBF2,0.5107142857142857,"exhaustive permutation, tie-corrected",-0.22821873456677463,-0.14903677098492682,-0.5555555555555556,0.4,0.1,0.16322720561942256,0.16322720561942256,0.5555555555555556,0.4,0.1,-0.06499152894735208,-0.06499152894735208,-0.11111111111111116,1.0,0.1,-0.01643118720510293,0.9764359351988219,1.0,1.0,1.0
SRF,0.8785714285714286,"exhaustive permutation, tie-corrected",0.7026765901029455,0.7026765901029455,0.33333333333333326,0.7,0.1,-0.09190252159403123,-0.09190252159403123,-0.11111111111111116,1.0,0.1,0.6107740685089142,0.32130111103154135,0.11111111111111116,1.0,0.1,1.2802138270117664,0.9764359351988219,1.0,1.0,1.0
STAT1,0.9285714285714286,"exhaustive permutation, tie-corrected",-0.10633090780433241,-0.10633090780433241,-0.11111111111111116,1.0,0.1,0.0468799522745984,0.0468799522745984,0.11111111111111116,1.0,0.1,-0.059450955529734006,-0.059450955529734006,-0.33333333333333337,0.7,0.1,-0.6440545299286582,0.9764359351988219,1.0,1.0,1.0
STAT2,0.3607142857142857,"exhaustive permutation, tie-corrected",0.0007360038909345334,0.0007360038909345334,0.11111111111111116,1.0,0.1,-0.49620697128895275,-0.49620697128895275,-0.5555555555555556,0.4,0.1,-0.4954709673980182,-0.4954709673980182,-0.7777777777777778,0.2,0.1,-0.7453465744789329,0.9764359351988219,1.0,1.0,1.0
STAT3,0.8285714285714286,"exhaustive permutation, tie-corrected",0.5063128720347532,0.4646123717485118,0.33333333333333326,0.7,0.1,-0.6832224498443633,-0.21695993080205422,-0.33333333333333337,0.7,0.1,-0.17690957780961014,-0.06017087737255267,-0.11111111111111116,1.0,0.1,-0.5828933353100814,0.9764359351988219,1.0,1.0,1.0
STAT5A,0.6285714285714286,"exhaustive permutation, tie-corrected",-0.23371538449473322,-0.23371538449473322,-0.5555555555555556,0.4,0.1,0.23260751389321677,0.18515284994604597,0.33333333333333326,0.7,0.1,-0.0011078706015164586,-0.0011078706015164586,-0.11111111111111116,1.0,0.1,0.10285066961332395,0.9764359351988219,1.0,1.0,1.0
STAT5B,0.6642857142857143,"exhaustive permutation, tie-corrected",-0.11043082760291495,-0.11043082760291495,-0.33333333333333337,0.7,0.1,0.08902249176186167,0.08902249176186167,0.5555555555555556,0.4,0.1,-0.021408335841053283,-0.021408335841053283,-0.11111111111111116,1.0,0.1,-0.14257886543992293,0.9764359351988219,1.0,1.0,1.0
STAT6,0.3392857142857143,"exhaustive permutation, tie-corrected",-0.07464472605882477,-0.0712299214223786,-0.11111111111111116,1.0,0.1,0.28314027386026597,0.28314027386026597,0.7777777777777777,0.2,0.1,0.2084955478014412,0.2084955478014412,0.5555555555555556,0.4,0.1,-0.002323071175011293,0.9764359351988219,1.0,1.0,1.0
TAL1,0.13214285714285715,"exhaustive permutation, tie-corrected",0.029460988607007188,0.029460988607007188,0.33333333333333326,0.7,0.1,-0.26992072264048206,-0.26992072264048206,-0.7777777777777778,0.2,0.1,-0.24045973403347487,-0.24045973403347487,-1.0,0.1,0.1,-0.005590899424663176,0.9764359351988219,1.0,1.0,1.0
TBP,0.6285714285714286,"exhaustive permutation, tie-corrected",-0.19595596058549303,0.09021294847118133,0.11111111111111116,1.0,0.1,-0.38802583233344556,-0.38802583233344556,-0.5555555555555556,0.4,0.1,-0.5839817929189386,-0.34995721191386275,-0.33333333333333337,0.7,0.1,0.5649930288079434,0.9764359351988219,1.0,1.0,1.0
TCF3,0.6285714285714286,"exhaustive permutation, tie-corrected",-0.046151691914375875,-0.046151691914375875,-0.33333333333333337,0.7,0.1,0.023841332890994743,0.023841332890994743,0.33333333333333326,0.7,0.1,-0.022310359023381132,-0.021131374116540508,-0.5555555555555556,0.4,0.1,-0.1959317125535601,0.9764359351988219,1.0,1.0,1.0
TCF7L2,0.5107142857142857,"exhaustive permutation, tie-corrected",0.014286340126777874,0.0023300169436126783,0.11111111111111116,1.0,0.1,0.17820260290298862,0.1868191458094255,0.5555555555555556,0.4,0.1,0.1924889430297665,0.18914916275303817,0.5555555555555556,0.4,0.1,0.0486357949311258,0.9764359351988219,1.0,1.0,1.0
TFAP2A,0.9285714285714286,"exhaustive permutation, tie-corrected",0.21281533516888346,-0.135364530834091,-0.11111111111111116,1.0,0.1,-0.01812175604898625,-0.04545932471826375,-0.33333333333333337,0.7,0.1,0.1946935791198972,-0.3145435929219429,-0.11111111111111116,1.0,0.1,0.40772017943895916,0.9764359351988219,1.0,1.0,1.0
TFAP2C,0.9285714285714286,"exhaustive permutation, tie-corrected",-0.2021782220770616,-0.2021782220770616,-0.11111111111111116,1.0,0.1,0.15720324646996375,0.15720324646996375,0.33333333333333326,0.7,0.1,-0.044974975607097845,-0.044974975607097845,-0.11111111111111116,1.0,0.1,-0.3053284901805351,0.9764359351988219,1.0,1.0,1.0
TFDP1,0.9285714285714286,"exhaustive permutation, tie-corrected",-0.09291667638623036,-0.010293031705815636,-0.11111111111111116,1.0,0.1,-0.1349303359643499,-0.1349303359643499,-0.33333333333333337,0.7,0.1,-0.22784701235058025,-0.22784701235058025,-0.11111111111111116,1.0,0.1,0.6412588289568135,0.9764359351988219,1.0,1.0,1.0
TP53,0.7214285714285714,"exhaustive permutation, tie-corrected",-0.053673565852394134,-0.053673565852394134,-0.33333333333333337,0.7,0.1,-0.1751098721436568,-0.1751098721436568,-0.33333333333333337,0.7,0.1,-0.22878343799605094,-0.22878343799605094,-0.33333333333333337,0.7,0.1,0.4981541541900123,0.9764359351988219,1.0,1.0,1.0
TP63,0.6642857142857143,"exhaustive permutation, tie-corrected",0.008892230130383538,0.008892230130383538,0.11111111111111116,1.0,0.1,-0.12474789049025659,-0.12474789049025659,-0.33333333333333337,0.7,0.1,-0.11585566035987305,-0.11585566035987305,-0.5555555555555556,0.4,0.1,-0.39061873625511745,0.9764359351988219,1.0,1.0,1.0
TWIST1,0.8285714285714286,"exhaustive permutation, tie-corrected",0.050447413596677496,-0.25313205681086987,-0.11111111111111116,1.0,0.1,0.1283659091803819,0.22882627963253244,0.5555555555555556,0.4,0.1,0.1788133227770594,-0.02430577717833743,-0.11111111111111116,1.0,0.1,0.07664028675234173,0.9764359351988219,1.0,1.0,1.0
USF1,0.9928571428571429,"exhaustive permutation, tie-corrected",0.47518986571403277,0.0785135204661449,0.11111111111111116,1.0,0.1,-0.13746554235700392,-0.13746554235700392,-0.11111111111111116,1.0,0.1,0.33772432335702884,0.33772432335702884,0.11111111111111116,1.0,0.1,0.35523369763321266,1.0,1.0,1.0,1.0
USF2,0.8285714285714286,"exhaustive permutation, tie-corrected",0.17646651724976303,0.17646651724976303,0.33333333333333326,0.7,0.1,0.04005469852581456,-0.011695219817296376,-0.11111111111111116,1.0,0.1,0.2165212157755776,0.14820588325546513,0.33333333333333326,0.7,0.1,-0.4540844661606025,0.9764359351988219,1.0,1.0,1.0
VDR,0.7214285714285714,"exhaustive permutation, tie-corrected",0.4474130378274799,0.4474130378274799,0.33333333333333326,0.7,0.1,-0.20683488384563864,-0.20683488384563864,-0.33333333333333337,0.7,0.1,0.24057815398184124,0.22256297773565326,0.33333333333333326,0.7,0.1,-0.20356854333491947,0.9764359351988219,1.0,1.0,1.0
WT1,0.6285714285714286,"exhaustive permutation, tie-corrected",0.2748006633165947,0.2748006633165947,0.33333333333333326,0.7,0.1,-0.2723484373862892,-0.2723484373862892,-0.5555555555555556,0.4,0.1,0.002452225930305474,-0.06174873491176647,-0.11111111111111116,1.0,0.1,0.20768880295206138,0.9764359351988219,1.0,1.0,1.0
YY1,0.9285714285714286,"exhaustive permutation, tie-corrected",-0.00287261692743207,-0.00287261692743207,-0.11111111111111116,1.0,0.1,-0.0948903566827809,-0.0948903566827809,-0.33333333333333337,0.7,0.1,-0.09776297361021297,-0.09776297361021297,-0.11111111111111116,1.0,0.1,0.17951983175129882,0.9764359351988219,1.0,1.0,1.0
